payment_final_amount,payment_method_id,payment_created_at
640.00,3,2025-06-01 05:24:10
2176.00,1,2025-06-01 03:24:57
2016.00,3,2025-06-01 03:24:58
1376.00,3,2025-06-01 03:25:00
1536.00,1,2025-06-01 03:25:03
1312.00,2,2025-06-01 03:25:04
768.00,5,2025-06-01 03:25:06
1184.00,2,2025-06-01 03:25:08
1088.00,4,2025-06-01 03:25:11
2096.00,5,2025-06-01 03:25:12
1664.00,2,2025-06-01 03:25:14
304.00,4,2025-06-01 03:25:16
384.00,2,2025-06-01 03:25:17
1904.00,5,2025-06-01 03:25:18
1216.00,2,2025-06-01 03:25:19
1248.00,3,2025-06-01 03:25:20
1344.00,4,2025-06-01 03:25:23
1568.00,3,2025-06-01 03:25:24
1632.00,1,2025-06-01 03:25:25
544.00,3,2025-06-01 03:25:26
1408.00,2,2025-06-01 03:25:28
1184.00,2,2025-06-01 03:25:30
640.00,1,2025-06-01 03:25:32
256.00,2,2025-06-01 03:25:33
1968.00,4,2025-06-01 03:25:34
1728.00,2,2025-06-01 03:25:36
960.00,5,2025-06-01 03:25:37
768.00,2,2025-06-01 03:25:38
1728.00,4,2025-06-01 03:25:39
1488.00,4,2025-06-01 03:25:40
192.00,4,2025-06-01 03:25:41
2448.00,4,2025-06-01 03:25:42
2016.00,2,2025-06-01 03:25:43
384.00,4,2025-06-01 03:25:44
608.00,3,2025-06-01 03:25:45
2304.00,5,2025-06-01 03:25:46
768.00,1,2025-06-01 03:25:47
1536.00,2,2025-06-01 03:25:48
1856.00,3,2025-06-01 03:25:49
1024.00,5,2025-06-01 03:25:52
1152.00,3,2025-06-01 03:25:54
864.00,4,2025-06-01 03:25:55
192.00,3,2025-06-01 03:25:59
512.00,3,2025-06-01 03:26:02
1760.00,1,2025-06-01 03:26:05
2176.00,3,2025-06-01 03:26:06
1136.00,4,2025-06-01 03:26:07
2016.00,3,2025-06-01 03:26:10
864.00,2,2025-06-01 03:26:12
576.00,2,2025-06-01 03:26:14
256.00,4,2025-06-01 03:26:16
480.00,2,2025-06-01 03:26:18
896.00,1,2025-06-01 03:26:24
1472.00,5,2025-06-01 03:26:26
2000.00,2,2025-06-01 03:26:28
1440.00,3,2025-06-01 03:26:29
576.00,5,2025-06-01 03:26:31
1472.00,2,2025-06-01 03:26:34
1440.00,4,2025-06-01 03:26:35
384.00,2,2025-06-01 03:26:37
1312.00,3,2025-06-01 03:26:39
1152.00,4,2025-06-01 03:26:40
1728.00,4,2025-06-01 03:26:41
1632.00,5,2025-06-01 03:26:42
864.00,5,2025-06-01 03:26:43
1312.00,4,2025-06-01 03:26:44
384.00,3,2025-06-01 03:26:45
512.00,1,2025-06-01 03:26:46
896.00,1,2025-06-01 03:26:47
576.00,2,2025-06-01 03:26:48
304.00,5,2025-06-01 03:26:50
256.00,3,2025-06-01 03:26:51
768.00,1,2025-06-01 03:26:53
1440.00,5,2025-06-01 03:26:55
2496.00,4,2025-06-01 03:26:57
640.00,5,2025-06-01 03:26:59
608.00,2,2025-06-01 03:27:01
1536.00,1,2025-06-01 03:27:04
672.00,5,2025-06-01 03:27:05
2320.00,2,2025-06-01 03:27:09
1408.00,4,2025-06-01 03:27:10
912.00,5,2025-06-01 03:27:15
1168.00,3,2025-06-01 03:27:17
576.00,3,2025-06-01 03:27:18
1504.00,2,2025-06-01 03:27:19
864.00,2,2025-06-01 03:27:20
576.00,5,2025-06-01 03:27:21
1472.00,4,2025-06-01 03:27:22
1920.00,5,2025-06-01 03:27:23
1536.00,3,2025-06-01 03:27:24
912.00,2,2025-06-01 03:27:26
1920.00,2,2025-06-01 03:27:27
192.00,3,2025-06-01 03:27:28
1376.00,2,2025-06-01 03:27:29
2096.00,2,2025-06-01 03:27:32
384.00,5,2025-06-01 03:27:33
912.00,3,2025-06-01 03:27:34
1664.00,1,2025-06-01 03:27:35
512.00,1,2025-06-01 03:27:37
1424.00,1,2025-06-01 03:27:38
640.00,2,2025-06-01 03:27:39
864.00,1,2025-06-01 03:27:43
320.00,1,2025-06-01 03:27:44
1056.00,1,2025-06-01 03:27:45
576.00,1,2025-06-01 03:27:46
1600.00,2,2025-06-01 03:27:47
944.00,4,2025-06-01 03:27:49
304.00,5,2025-06-01 03:27:50
1888.00,2,2025-06-01 03:27:51
736.00,3,2025-06-01 03:27:52
1824.00,4,2025-06-01 03:27:53
1184.00,5,2025-06-01 03:27:54
640.00,4,2025-06-01 03:27:55
1280.00,1,2025-06-01 03:27:56
2112.00,2,2025-06-01 03:28:00
1824.00,1,2025-06-01 03:28:02
1424.00,5,2025-06-01 03:28:03
1056.00,4,2025-06-01 03:28:04
672.00,4,2025-06-01 03:28:06
576.00,5,2025-06-01 03:28:07
592.00,3,2025-06-01 03:28:08
512.00,5,2025-06-01 03:28:10
1440.00,2,2025-06-01 03:28:11
864.00,3,2025-06-01 03:28:12
1248.00,3,2025-06-01 03:28:16
576.00,2,2025-06-01 03:28:17
1248.00,4,2025-06-01 03:28:18
1824.00,3,2025-06-01 03:28:20
448.00,1,2025-06-01 03:28:21
320.00,5,2025-06-01 03:28:22
2352.00,4,2025-06-01 03:28:23
1472.00,4,2025-06-01 03:28:24
752.00,2,2025-06-01 03:28:25
1536.00,3,2025-06-01 03:28:26
2400.00,2,2025-06-01 03:28:27
608.00,2,2025-06-01 03:28:29
1152.00,3,2025-06-01 03:28:30
1440.00,2,2025-06-01 03:28:31
1728.00,2,2025-06-01 03:28:36
576.00,1,2025-06-01 03:28:37
1184.00,2,2025-06-01 03:28:38
1632.00,5,2025-06-01 03:28:40
1632.00,3,2025-06-01 03:28:42
256.00,2,2025-06-01 03:28:43
2048.00,4,2025-06-01 03:28:44
1680.00,2,2025-06-01 03:28:45
864.00,2,2025-06-01 03:28:46
1488.00,5,2025-06-01 03:28:49
1120.00,3,2025-06-01 03:28:50
1200.00,4,2025-06-01 03:28:51
1792.00,3,2025-06-01 03:28:54
384.00,4,2025-06-01 03:28:57
1152.00,3,2025-06-01 03:28:58
640.00,2,2025-06-01 03:29:00
1584.00,1,2025-06-01 03:29:02
608.00,5,2025-06-01 03:29:05
1152.00,5,2025-06-01 03:29:07
384.00,3,2025-06-01 03:29:08
960.00,5,2025-06-01 03:29:09
896.00,5,2025-06-01 03:29:10
1632.00,5,2025-06-01 03:29:11
1552.00,4,2025-06-01 03:29:13
640.00,2,2025-06-01 03:29:14
512.00,5,2025-06-01 03:29:15
1952.00,4,2025-06-01 03:29:16
1248.00,2,2025-06-01 03:29:21
768.00,4,2025-06-01 03:29:22
640.00,1,2025-06-01 03:29:23
704.00,5,2025-06-01 03:29:25
896.00,3,2025-06-01 03:29:26
192.00,1,2025-06-01 03:29:28
2112.00,5,2025-06-01 03:29:29
608.00,1,2025-06-01 03:29:30
384.00,5,2025-06-01 03:29:31
2128.00,3,2025-06-01 03:29:34
1920.00,4,2025-06-01 03:29:35
1248.00,1,2025-06-01 03:29:39
912.00,2,2025-06-01 03:29:40
1440.00,5,2025-06-01 03:29:41
832.00,5,2025-06-01 03:29:42
768.00,2,2025-06-01 03:29:44
224.00,1,2025-06-01 03:29:45
496.00,1,2025-06-01 03:29:46
480.00,1,2025-06-01 03:29:47
2448.00,3,2025-06-01 03:29:48
1152.00,5,2025-06-01 03:29:49
1632.00,1,2025-06-01 03:29:51
576.00,3,2025-06-01 03:29:53
1344.00,3,2025-06-01 03:29:59
512.00,3,2025-06-01 03:30:02
816.00,4,2025-06-01 03:30:03
1600.00,1,2025-06-01 03:30:05
1120.00,2,2025-06-01 03:30:07
560.00,3,2025-06-01 03:30:08
512.00,3,2025-06-01 03:30:10
672.00,3,2025-06-01 03:30:11
1440.00,4,2025-06-01 03:30:12
640.00,2,2025-06-01 03:30:13
768.00,4,2025-06-01 03:30:14
288.00,2,2025-06-01 03:30:17
1344.00,4,2025-06-01 03:30:18
960.00,2,2025-06-01 03:30:19
1440.00,3,2025-06-01 03:30:25
512.00,4,2025-06-01 03:30:26
1360.00,3,2025-06-01 03:30:27
864.00,1,2025-06-01 03:30:28
224.00,4,2025-06-01 03:30:30
256.00,4,2025-06-01 03:30:31
1072.00,2,2025-06-01 03:30:32
864.00,4,2025-06-01 03:30:33
1088.00,1,2025-06-01 03:30:34
1024.00,5,2025-06-01 03:30:35
2128.00,3,2025-06-01 03:30:36
1184.00,3,2025-06-01 03:30:37
960.00,2,2025-06-01 03:30:38
1024.00,5,2025-06-01 03:30:39
2080.00,3,2025-06-01 03:30:42
768.00,4,2025-06-01 03:30:43
288.00,3,2025-06-01 03:30:44
512.00,3,2025-06-01 03:30:45
512.00,3,2025-06-01 03:30:46
576.00,3,2025-06-01 03:30:48
224.00,3,2025-06-01 03:30:49
1408.00,4,2025-06-01 03:30:50
288.00,1,2025-06-01 03:30:51
576.00,1,2025-06-01 03:30:55
1872.00,5,2025-06-01 03:30:56
1728.00,3,2025-06-01 03:30:57
1088.00,5,2025-06-01 03:30:58
1408.00,4,2025-06-01 03:31:00
1472.00,4,2025-06-01 03:31:01
1632.00,5,2025-06-01 03:31:02
288.00,4,2025-06-01 03:31:03
1376.00,2,2025-06-01 03:31:04
1872.00,3,2025-06-01 03:31:06
912.00,5,2025-06-01 03:31:07
1600.00,4,2025-06-01 03:31:08
1024.00,4,2025-06-01 03:31:09
672.00,1,2025-06-01 03:31:12
576.00,1,2025-06-01 03:31:13
1520.00,4,2025-06-01 03:31:17
880.00,1,2025-06-01 03:31:21
1792.00,2,2025-06-01 03:31:22
1152.00,3,2025-06-01 03:31:24
1680.00,1,2025-06-01 03:31:25
304.00,5,2025-06-01 03:31:26
1472.00,1,2025-06-01 03:31:27
816.00,2,2025-06-01 03:31:29
1632.00,4,2025-06-01 03:31:32
1504.00,4,2025-06-01 03:31:33
768.00,1,2025-06-01 03:31:34
1024.00,3,2025-06-01 03:31:35
2032.00,1,2025-06-01 03:31:36
880.00,5,2025-06-01 03:31:38
1136.00,1,2025-06-01 03:31:39
1024.00,5,2025-06-01 03:31:40
1312.00,1,2025-06-01 03:31:42
2208.00,4,2025-06-01 03:31:43
1168.00,2,2025-06-01 03:31:47
288.00,1,2025-06-01 03:31:48
768.00,5,2025-06-01 03:31:51
320.00,4,2025-06-01 03:31:52
1440.00,2,2025-06-01 03:31:53
576.00,2,2025-06-01 03:31:54
512.00,1,2025-06-01 03:31:55
560.00,1,2025-06-01 03:31:56
896.00,1,2025-06-01 03:31:57
960.00,3,2025-06-01 03:31:58
304.00,1,2025-06-01 03:31:59
880.00,2,2025-06-01 03:32:02
1120.00,4,2025-06-01 03:32:03
1856.00,4,2025-06-01 03:32:07
2304.00,1,2025-06-01 03:32:09
640.00,4,2025-06-01 03:32:11
928.00,1,2025-06-01 03:32:12
576.00,3,2025-06-01 03:32:14
2048.00,2,2025-06-01 03:32:15
1088.00,3,2025-06-01 03:32:16
2080.00,3,2025-06-01 03:32:19
672.00,4,2025-06-01 03:32:24
576.00,2,2025-06-01 03:32:25
864.00,5,2025-06-01 03:32:26
304.00,1,2025-06-01 03:32:27
1536.00,4,2025-06-01 03:32:28
688.00,4,2025-06-01 03:32:29
1216.00,1,2025-06-01 03:32:30
304.00,5,2025-06-01 03:32:32
1472.00,1,2025-06-01 03:32:37
1792.00,4,2025-06-01 03:32:41
2176.00,5,2025-06-01 03:32:42
1184.00,3,2025-06-01 03:32:43
768.00,1,2025-06-01 03:32:44
1024.00,2,2025-06-01 03:32:45
1152.00,2,2025-06-01 03:32:46
1088.00,2,2025-06-01 03:32:47
256.00,5,2025-06-01 03:32:48
544.00,4,2025-06-01 03:32:49
320.00,5,2025-06-01 03:32:50
576.00,1,2025-06-01 03:32:51
256.00,1,2025-06-01 03:32:53
1376.00,3,2025-06-01 03:32:54
1088.00,4,2025-06-01 03:32:55
2208.00,4,2025-06-01 03:32:56
512.00,3,2025-06-01 03:32:57
592.00,2,2025-06-01 03:32:58
1744.00,1,2025-06-01 03:32:59
960.00,5,2025-06-01 03:33:02
864.00,1,2025-06-01 03:33:03
1472.00,4,2025-06-01 03:33:06
1408.00,4,2025-06-01 03:33:07
448.00,4,2025-06-01 03:33:09
576.00,5,2025-06-01 03:33:11
960.00,3,2025-06-01 03:33:14
256.00,2,2025-06-01 03:33:15
576.00,4,2025-06-01 03:33:16
448.00,4,2025-06-01 03:33:17
1536.00,3,2025-06-01 03:33:18
1664.00,2,2025-06-01 03:33:19
512.00,3,2025-06-01 03:33:22
864.00,4,2025-06-01 03:33:25
864.00,5,2025-06-01 03:33:27
2240.00,5,2025-06-01 03:33:28
1152.00,5,2025-06-01 03:33:30
1504.00,4,2025-06-01 03:33:31
768.00,1,2025-06-01 03:33:34
1056.00,3,2025-06-01 03:33:35
192.00,1,2025-06-01 03:33:36
1600.00,4,2025-06-01 03:33:37
304.00,2,2025-06-01 03:33:38
1696.00,2,2025-06-01 03:33:39
832.00,4,2025-06-01 03:33:40
448.00,3,2025-06-01 03:33:41
1280.00,5,2025-06-01 03:33:42
864.00,5,2025-06-01 03:33:43
1280.00,3,2025-06-01 03:33:44
576.00,2,2025-06-01 03:33:45
288.00,3,2025-06-01 03:33:46
1952.00,2,2025-06-01 03:33:47
896.00,3,2025-06-01 03:33:49
640.00,3,2025-06-01 03:33:50
2240.00,3,2025-06-01 03:33:51
1440.00,1,2025-06-01 03:33:53
608.00,1,2025-06-01 03:33:57
320.00,3,2025-06-01 03:33:58
864.00,1,2025-06-01 03:34:01
1472.00,2,2025-06-01 03:34:02
1216.00,4,2025-06-01 03:34:05
1440.00,5,2025-06-01 03:34:07
1504.00,3,2025-06-01 03:34:08
512.00,2,2025-06-01 03:34:10
1728.00,1,2025-06-01 03:34:11
1248.00,2,2025-06-01 03:34:14
864.00,3,2025-06-01 03:34:17
1120.00,3,2025-06-01 03:34:18
1936.00,2,2025-06-01 03:34:20
1472.00,1,2025-06-01 03:34:21
1936.00,1,2025-06-01 03:34:22
1024.00,3,2025-06-01 03:34:23
1824.00,2,2025-06-01 03:34:24
992.00,5,2025-06-01 03:34:25
320.00,1,2025-06-01 03:34:30
960.00,3,2025-06-01 03:34:32
1056.00,4,2025-06-01 03:34:35
752.00,2,2025-06-01 03:34:37
1184.00,4,2025-06-01 03:34:38
1520.00,4,2025-06-01 03:34:39
384.00,4,2025-06-01 03:34:40
1808.00,3,2025-06-01 03:34:41
224.00,3,2025-06-01 03:34:42
1248.00,4,2025-06-01 03:34:44
256.00,3,2025-06-01 03:34:45
800.00,2,2025-06-01 03:34:46
256.00,1,2025-06-01 03:34:47
2496.00,5,2025-06-01 03:34:49
1568.00,3,2025-06-01 03:34:50
2304.00,5,2025-06-01 03:34:51
384.00,3,2025-06-01 03:34:52
1120.00,1,2025-06-01 03:34:53
288.00,1,2025-06-01 03:34:54
896.00,2,2025-06-01 03:34:55
1408.00,2,2025-06-01 03:34:56
960.00,4,2025-06-01 03:34:57
2000.00,2,2025-06-01 03:34:58
448.00,4,2025-06-01 03:34:59
576.00,4,2025-06-01 03:35:00
448.00,2,2025-06-01 03:35:01
1024.00,5,2025-06-01 03:35:04
1248.00,1,2025-06-01 03:35:05
1072.00,2,2025-06-01 03:35:06
1376.00,4,2025-06-01 03:35:07
1632.00,1,2025-06-01 03:35:11
1824.00,2,2025-06-01 03:35:12
672.00,3,2025-06-01 03:35:13
1856.00,2,2025-06-01 03:35:17
576.00,4,2025-06-01 03:35:21
672.00,2,2025-06-01 03:35:23
288.00,1,2025-06-01 03:35:25
2144.00,1,2025-06-01 03:35:27
288.00,2,2025-06-01 03:35:28
1088.00,4,2025-06-01 03:35:29
1616.00,3,2025-06-01 03:35:32
928.00,2,2025-06-01 03:35:33
1184.00,2,2025-06-01 03:35:34
288.00,5,2025-06-01 03:35:37
544.00,3,2025-06-01 03:35:39
1152.00,2,2025-06-01 03:35:42
320.00,2,2025-06-01 03:35:43
1120.00,2,2025-06-01 03:35:44
768.00,5,2025-06-01 03:35:45
1488.00,4,2025-06-01 03:35:52
1760.00,4,2025-06-01 03:35:54
288.00,3,2025-06-01 03:35:55
1184.00,5,2025-06-01 03:35:56
1856.00,2,2025-06-01 03:35:57
1584.00,1,2025-06-01 03:35:58
320.00,2,2025-06-01 03:35:59
288.00,2,2025-06-01 03:36:01
832.00,1,2025-06-01 03:36:02
640.00,2,2025-06-01 03:36:03
864.00,5,2025-06-01 03:36:05
1824.00,1,2025-06-01 03:36:06
864.00,3,2025-06-01 03:36:08
2240.00,4,2025-06-01 03:36:09
960.00,4,2025-06-01 03:36:10
192.00,4,2025-06-01 03:36:11
592.00,4,2025-06-01 03:36:15
832.00,1,2025-06-01 03:36:16
1568.00,5,2025-06-01 03:36:17
768.00,4,2025-06-01 03:36:18
1792.00,3,2025-06-01 03:36:21
1632.00,5,2025-06-01 03:36:22
256.00,3,2025-06-01 03:36:23
912.00,5,2025-06-01 03:36:24
864.00,4,2025-06-01 03:36:28
1072.00,1,2025-06-01 03:36:30
1152.00,2,2025-06-01 03:36:32
2128.00,5,2025-06-01 03:36:33
512.00,5,2025-06-01 03:36:34
512.00,1,2025-06-01 03:36:35
1728.00,1,2025-06-01 03:36:36
576.00,5,2025-06-01 03:36:38
800.00,4,2025-06-01 03:36:41
2144.00,1,2025-06-01 03:36:42
1344.00,2,2025-06-01 03:36:43
1024.00,1,2025-06-01 03:36:44
256.00,4,2025-06-01 03:36:46
960.00,5,2025-06-01 03:36:47
2544.00,2,2025-06-01 03:36:48
912.00,2,2025-06-01 03:36:50
2112.00,5,2025-06-01 03:36:51
1792.00,3,2025-06-01 03:36:52
1072.00,5,2025-06-01 03:36:53
640.00,3,2025-06-01 03:36:54
1936.00,4,2025-06-01 03:36:55
2272.00,5,2025-06-01 03:36:56
1248.00,3,2025-06-01 03:36:57
1056.00,2,2025-06-01 03:36:58
256.00,1,2025-06-01 03:36:59
960.00,1,2025-06-01 03:37:01
864.00,4,2025-06-01 03:37:02
576.00,3,2025-06-01 03:37:03
2176.00,4,2025-06-01 03:37:04
576.00,2,2025-06-01 03:37:05
1312.00,3,2025-06-01 03:37:06
2240.00,2,2025-06-01 03:37:09
1504.00,3,2025-06-01 03:37:11
1664.00,5,2025-06-01 03:37:12
1376.00,1,2025-06-01 03:37:13
1792.00,2,2025-06-01 03:37:15
1120.00,1,2025-06-01 03:37:16
1472.00,5,2025-06-01 03:37:18
768.00,2,2025-06-01 03:37:19
1536.00,5,2025-06-01 03:37:21
288.00,3,2025-06-01 03:37:23
1504.00,4,2025-06-01 03:37:24
2320.00,4,2025-06-01 03:37:25
1728.00,1,2025-06-01 03:37:26
960.00,1,2025-06-01 03:37:27
1088.00,4,2025-06-01 03:37:28
288.00,4,2025-06-01 03:37:29
1248.00,1,2025-06-01 03:37:31
912.00,1,2025-06-01 03:37:32
752.00,1,2025-06-01 03:37:33
1472.00,3,2025-06-01 03:37:34
384.00,4,2025-06-01 03:37:37
448.00,2,2025-06-01 03:37:38
1664.00,5,2025-06-01 03:37:39
768.00,3,2025-06-01 03:37:40
1152.00,3,2025-06-01 03:37:41
1728.00,2,2025-06-01 03:37:42
1840.00,5,2025-06-01 03:37:43
1792.00,3,2025-06-01 03:37:44
960.00,1,2025-06-01 03:37:46
2208.00,1,2025-06-01 03:37:48
224.00,2,2025-06-01 03:37:49
768.00,1,2025-06-01 03:37:51
1920.00,5,2025-06-01 03:37:55
640.00,1,2025-06-01 03:37:58
1984.00,1,2025-06-01 03:37:59
1600.00,2,2025-06-01 03:38:01
1344.00,1,2025-06-01 03:38:03
1728.00,1,2025-06-01 03:38:06
800.00,5,2025-06-01 03:38:07
768.00,3,2025-06-01 03:38:09
768.00,2,2025-06-01 03:38:10
944.00,4,2025-06-01 03:38:11
768.00,4,2025-06-01 03:38:12
1680.00,2,2025-06-01 03:38:13
1184.00,1,2025-06-01 03:38:15
2240.00,2,2025-06-01 03:38:16
1280.00,4,2025-06-01 03:38:18
736.00,3,2025-06-01 03:38:19
512.00,5,2025-06-01 03:38:21
1440.00,4,2025-06-01 03:38:24
304.00,5,2025-06-01 03:38:25
1664.00,2,2025-06-01 03:38:27
1472.00,4,2025-06-01 03:38:28
768.00,5,2025-06-01 03:38:31
256.00,5,2025-06-01 03:38:33
736.00,3,2025-06-01 03:38:35
1872.00,1,2025-06-01 03:38:37
288.00,3,2025-06-01 03:38:38
1472.00,5,2025-06-01 03:38:44
256.00,5,2025-06-01 03:38:46
1280.00,4,2025-06-01 03:38:47
1280.00,2,2025-06-01 03:38:49
768.00,5,2025-06-01 03:38:50
832.00,4,2025-06-01 03:38:51
1216.00,5,2025-06-01 03:38:52
304.00,2,2025-06-01 03:38:56
544.00,3,2025-06-01 03:38:58
768.00,3,2025-06-01 03:39:00
1664.00,4,2025-06-01 03:39:01
576.00,4,2025-06-01 03:39:02
1728.00,4,2025-06-01 03:39:04
2112.00,1,2025-06-01 03:39:05
768.00,1,2025-06-01 03:39:07
288.00,3,2025-06-01 03:39:08
640.00,4,2025-06-01 03:39:11
912.00,1,2025-06-01 03:39:13
768.00,4,2025-06-01 03:39:15
560.00,1,2025-06-01 03:39:17
800.00,1,2025-06-01 03:39:18
1152.00,4,2025-06-01 03:39:19
560.00,4,2025-06-01 03:39:20
1776.00,5,2025-06-01 03:39:21
768.00,2,2025-06-01 03:39:22
1280.00,5,2025-06-01 03:39:23
1152.00,4,2025-06-01 03:39:24
864.00,3,2025-06-01 03:39:25
768.00,3,2025-06-01 03:39:27
864.00,1,2025-06-01 03:39:28
1920.00,1,2025-06-01 03:39:30
960.00,5,2025-06-01 03:39:31
768.00,5,2025-06-01 03:39:32
512.00,2,2025-06-01 03:39:33
1376.00,3,2025-06-01 03:39:34
1664.00,2,2025-06-01 03:39:36
1136.00,2,2025-06-01 03:39:37
768.00,1,2025-06-01 03:39:39
896.00,3,2025-06-01 03:39:40
288.00,3,2025-06-01 03:39:41
2304.00,2,2025-06-01 03:39:42
1184.00,2,2025-06-01 03:39:44
864.00,5,2025-06-01 03:39:45
704.00,2,2025-06-01 03:39:46
1312.00,4,2025-06-01 03:39:48
768.00,1,2025-06-01 03:39:49
576.00,1,2025-06-01 03:39:51
1840.00,1,2025-06-01 03:39:53
976.00,4,2025-06-01 03:39:55
1152.00,3,2025-06-01 03:39:56
448.00,3,2025-06-01 03:39:57
864.00,3,2025-06-01 03:39:59
224.00,1,2025-06-01 03:40:00
256.00,1,2025-06-01 03:40:01
1472.00,2,2025-06-01 03:40:03
448.00,5,2025-06-01 03:40:06
1072.00,3,2025-06-01 03:40:07
1568.00,4,2025-06-01 03:40:08
576.00,1,2025-06-01 03:40:09
864.00,5,2025-06-01 03:40:10
768.00,3,2025-06-01 03:40:11
1856.00,4,2025-06-01 03:40:12
256.00,2,2025-06-01 03:40:13
288.00,2,2025-06-01 03:40:16
256.00,4,2025-06-01 03:40:18
304.00,3,2025-06-01 03:40:21
1088.00,2,2025-06-01 03:40:22
384.00,1,2025-06-01 03:40:23
704.00,4,2025-06-01 03:40:24
1120.00,1,2025-06-01 03:40:26
1312.00,5,2025-06-01 03:40:27
2208.00,1,2025-06-01 03:40:29
864.00,5,2025-06-01 03:40:30
480.00,3,2025-06-01 03:40:31
1088.00,5,2025-06-01 03:40:34
1488.00,1,2025-06-01 03:40:35
1088.00,2,2025-06-01 03:40:37
1680.00,4,2025-06-01 03:40:38
224.00,5,2025-06-01 03:40:40
1312.00,1,2025-06-01 03:40:41
304.00,3,2025-06-01 03:40:42
512.00,3,2025-06-01 03:40:43
304.00,3,2025-06-01 03:40:44
864.00,5,2025-06-01 03:40:45
1888.00,3,2025-06-01 03:40:48
1440.00,2,2025-06-01 03:40:50
1664.00,3,2025-06-01 03:40:51
1184.00,3,2025-06-01 03:40:52
448.00,1,2025-06-01 03:40:55
1440.00,3,2025-06-01 03:40:58
192.00,2,2025-06-01 03:41:01
1216.00,4,2025-06-01 03:41:06
1472.00,4,2025-06-01 03:41:07
1600.00,4,2025-06-01 03:41:08
1600.00,2,2025-06-01 03:41:09
256.00,4,2025-06-01 03:41:12
576.00,4,2025-06-01 03:41:13
1376.00,1,2025-06-01 03:41:14
608.00,5,2025-06-01 03:41:16
912.00,5,2025-06-01 03:41:17
896.00,1,2025-06-01 03:41:18
1072.00,3,2025-06-01 03:41:21
1808.00,1,2025-06-01 03:41:22
1632.00,4,2025-06-01 03:41:25
1632.00,1,2025-06-01 03:41:26
1280.00,3,2025-06-01 03:41:27
1536.00,4,2025-06-01 03:41:28
816.00,3,2025-06-01 03:41:30
672.00,4,2025-06-01 03:41:32
1216.00,4,2025-06-01 03:41:33
1680.00,1,2025-06-01 03:41:34
768.00,1,2025-06-01 03:41:40
2208.00,2,2025-06-01 03:41:44
736.00,3,2025-06-01 03:41:46
1488.00,4,2025-06-01 03:41:47
1536.00,3,2025-06-01 03:41:48
1632.00,1,2025-06-01 03:41:51
800.00,3,2025-06-01 03:41:54
880.00,4,2025-06-01 03:41:56
768.00,1,2025-06-01 03:41:58
384.00,3,2025-06-01 03:42:00
384.00,5,2025-06-01 03:42:03
1888.00,3,2025-06-01 03:42:05
288.00,1,2025-06-01 03:42:07
768.00,3,2025-06-01 03:42:09
1088.00,5,2025-06-01 03:42:10
288.00,3,2025-06-01 03:42:11
2224.00,2,2025-06-01 03:42:13
1056.00,4,2025-06-01 03:42:14
1504.00,4,2025-06-01 03:42:15
1536.00,1,2025-06-01 03:42:19
912.00,4,2025-06-01 03:42:20
768.00,3,2025-06-01 03:42:22
576.00,2,2025-06-01 03:42:23
1984.00,4,2025-06-01 03:42:26
1408.00,4,2025-06-01 03:42:29
1472.00,4,2025-06-01 03:42:30
1472.00,5,2025-06-01 03:42:32
1280.00,5,2025-06-01 03:42:35
912.00,2,2025-06-01 03:42:37
288.00,5,2025-06-01 03:42:38
1024.00,3,2025-06-01 03:42:39
1280.00,5,2025-06-01 03:42:40
704.00,3,2025-06-01 03:42:41
2736.00,3,2025-06-01 03:42:43
1472.00,5,2025-06-01 03:42:44
960.00,4,2025-06-01 03:42:45
608.00,3,2025-06-01 03:42:49
1552.00,4,2025-06-01 03:42:50
1152.00,1,2025-06-01 03:42:53
976.00,4,2025-06-01 03:42:55
864.00,5,2025-06-01 03:42:57
544.00,2,2025-06-01 03:42:58
672.00,1,2025-06-01 03:42:59
640.00,3,2025-06-01 03:43:00
1056.00,2,2025-06-01 03:43:01
384.00,4,2025-06-01 03:43:02
1536.00,4,2025-06-01 03:43:03
2144.00,5,2025-06-01 03:43:05
256.00,4,2025-06-01 03:43:06
1632.00,4,2025-06-01 03:43:07
832.00,2,2025-06-01 03:43:08
1952.00,5,2025-06-01 03:43:10
1744.00,3,2025-06-01 03:43:11
320.00,1,2025-06-01 03:43:12
1968.00,5,2025-06-01 03:43:13
1920.00,4,2025-06-01 03:43:14
192.00,1,2025-06-01 03:43:15
224.00,3,2025-06-01 03:43:16
672.00,4,2025-06-01 03:43:17
1248.00,3,2025-06-01 03:43:18
1088.00,1,2025-06-01 03:43:20
1280.00,5,2025-06-01 03:43:21
608.00,1,2025-06-01 03:43:23
960.00,2,2025-06-01 03:43:24
1504.00,2,2025-06-01 03:43:28
1088.00,2,2025-06-01 03:43:30
576.00,3,2025-06-01 03:43:31
1696.00,2,2025-06-01 03:43:32
384.00,4,2025-06-01 03:43:34
512.00,3,2025-06-01 03:43:35
288.00,4,2025-06-01 03:43:36
1696.00,1,2025-06-01 03:43:37
320.00,1,2025-06-01 03:43:38
2384.00,5,2025-06-01 03:43:39
960.00,4,2025-06-01 03:43:40
448.00,3,2025-06-01 03:43:41
1408.00,2,2025-06-01 03:43:42
1456.00,3,2025-06-01 03:43:44
512.00,2,2025-06-01 03:43:45
1888.00,1,2025-06-01 03:43:47
1824.00,3,2025-06-01 03:43:49
1664.00,1,2025-06-01 03:43:50
672.00,2,2025-06-01 03:43:51
768.00,3,2025-06-01 03:43:52
688.00,4,2025-06-01 03:43:55
576.00,3,2025-06-01 03:43:56
1312.00,4,2025-06-01 03:43:57
1872.00,4,2025-06-01 03:43:58
288.00,4,2025-06-01 03:44:00
928.00,5,2025-06-01 03:44:01
672.00,1,2025-06-01 03:44:02
192.00,2,2025-06-01 03:44:03
1424.00,1,2025-06-01 03:44:04
2272.00,1,2025-06-01 03:44:06
880.00,3,2025-06-01 03:44:08
800.00,4,2025-06-01 03:44:09
1984.00,5,2025-06-01 03:44:10
1248.00,2,2025-06-01 03:44:11
1056.00,4,2025-06-01 03:44:13
1088.00,1,2025-06-01 03:44:14
608.00,4,2025-06-01 03:44:17
576.00,5,2025-06-01 03:44:18
304.00,1,2025-06-01 03:44:19
912.00,2,2025-06-01 03:44:22
1440.00,3,2025-06-01 03:44:23
1632.00,1,2025-06-01 03:44:25
2400.00,2,2025-06-01 03:44:26
1168.00,3,2025-06-01 03:44:27
1344.00,3,2025-06-01 03:44:29
1632.00,1,2025-06-01 03:44:31
512.00,4,2025-06-01 03:44:32
1520.00,1,2025-06-01 03:44:33
576.00,3,2025-06-01 03:44:35
1056.00,3,2025-06-01 03:44:37
1504.00,2,2025-06-01 03:44:39
1120.00,5,2025-06-01 03:44:41
1632.00,1,2025-06-01 03:44:42
672.00,2,2025-06-01 03:44:43
1088.00,4,2025-06-01 03:44:44
256.00,5,2025-06-01 03:44:46
1120.00,4,2025-06-01 03:44:48
864.00,4,2025-06-01 03:44:49
1728.00,2,2025-06-01 03:44:50
576.00,3,2025-06-01 03:44:51
1120.00,2,2025-06-01 03:44:52
576.00,1,2025-06-01 03:44:53
1632.00,1,2025-06-01 03:44:54
1856.00,4,2025-06-01 03:44:56
1280.00,3,2025-06-01 03:44:58
1088.00,3,2025-06-01 03:45:00
768.00,4,2025-06-01 03:45:04
576.00,5,2025-06-01 03:45:05
512.00,1,2025-06-01 03:45:06
1152.00,5,2025-06-01 03:45:07
1632.00,3,2025-06-01 03:45:08
1728.00,1,2025-06-01 03:45:09
192.00,4,2025-06-01 03:45:10
576.00,1,2025-06-01 03:45:13
1696.00,5,2025-06-01 03:45:14
2032.00,2,2025-06-01 03:45:15
608.00,3,2025-06-01 03:45:16
1408.00,2,2025-06-01 03:45:17
1072.00,1,2025-06-01 03:45:18
1792.00,4,2025-06-01 03:45:21
1216.00,5,2025-06-01 03:45:22
608.00,1,2025-06-01 03:45:24
384.00,4,2025-06-01 03:45:27
1408.00,3,2025-06-01 03:45:30
1920.00,4,2025-06-01 03:45:34
528.00,2,2025-06-01 03:45:35
1280.00,2,2025-06-01 03:45:37
320.00,1,2025-06-01 03:45:42
1664.00,3,2025-06-01 03:45:44
1600.00,2,2025-06-01 03:45:45
576.00,2,2025-06-01 03:45:47
608.00,1,2025-06-01 03:45:48
544.00,5,2025-06-01 03:45:50
2128.00,3,2025-06-01 03:45:52
2272.00,5,2025-06-01 03:45:53
2496.00,4,2025-06-01 03:45:54
1632.00,3,2025-06-01 03:45:55
1408.00,5,2025-06-01 03:45:56
1600.00,3,2025-06-01 03:45:57
1680.00,2,2025-06-01 03:45:58
832.00,4,2025-06-01 03:45:59
1728.00,5,2025-06-01 03:46:00
1328.00,4,2025-06-01 03:46:01
480.00,3,2025-06-01 03:46:05
640.00,3,2025-06-01 03:46:06
1856.00,1,2025-06-01 03:46:07
1152.00,5,2025-06-01 03:46:08
1600.00,2,2025-06-01 03:46:09
1728.00,2,2025-06-01 03:46:11
1792.00,3,2025-06-01 03:46:12
384.00,1,2025-06-01 03:46:13
1120.00,1,2025-06-01 03:46:14
912.00,4,2025-06-01 03:46:15
576.00,4,2025-06-01 03:46:17
912.00,1,2025-06-01 03:46:18
2208.00,1,2025-06-01 03:46:19
672.00,5,2025-06-01 03:46:20
2176.00,5,2025-06-01 03:46:21
288.00,2,2025-06-01 03:46:22
448.00,4,2025-06-01 03:46:23
1632.00,5,2025-06-01 03:46:24
864.00,1,2025-06-01 03:46:26
896.00,4,2025-06-01 03:46:27
896.00,5,2025-06-01 03:46:29
864.00,1,2025-06-01 03:46:30
1280.00,2,2025-06-01 03:46:32
448.00,3,2025-06-01 03:46:35
960.00,5,2025-06-01 03:46:36
576.00,2,2025-06-01 03:46:38
960.00,2,2025-06-01 03:46:39
832.00,3,2025-06-01 03:46:40
608.00,1,2025-06-01 03:46:43
1408.00,3,2025-06-01 03:46:44
1776.00,5,2025-06-01 03:46:45
1312.00,2,2025-06-01 03:46:46
608.00,1,2025-06-01 03:46:47
576.00,1,2025-06-01 03:46:48
880.00,3,2025-06-01 03:46:49
512.00,5,2025-06-01 03:46:50
1136.00,4,2025-06-01 03:46:51
1216.00,4,2025-06-01 03:46:54
1776.00,4,2025-06-01 03:46:55
304.00,3,2025-06-01 03:46:58
1504.00,2,2025-06-01 03:47:00
288.00,1,2025-06-01 03:47:02
864.00,1,2025-06-01 03:47:03
1440.00,2,2025-06-01 03:47:05
288.00,5,2025-06-01 03:47:06
640.00,3,2025-06-01 03:47:09
512.00,5,2025-06-01 03:47:10
832.00,5,2025-06-01 03:47:12
960.00,2,2025-06-01 03:47:13
1680.00,5,2025-06-01 03:47:14
1184.00,2,2025-06-01 03:47:15
1296.00,4,2025-06-01 03:47:16
1344.00,1,2025-06-01 03:47:17
1824.00,3,2025-06-01 03:47:18
256.00,3,2025-06-01 03:47:19
192.00,5,2025-06-01 03:47:20
864.00,2,2025-06-01 03:47:21
2272.00,3,2025-06-01 03:47:25
1600.00,2,2025-06-01 03:47:28
1696.00,1,2025-06-01 03:47:29
864.00,3,2025-06-01 03:47:31
608.00,4,2025-06-01 03:47:33
288.00,5,2025-06-01 03:47:36
256.00,3,2025-06-01 03:47:41
1152.00,2,2025-06-01 03:47:43
1952.00,4,2025-06-01 03:47:44
480.00,3,2025-06-01 03:47:45
2064.00,2,2025-06-01 03:47:46
768.00,4,2025-06-01 03:47:47
304.00,3,2025-06-01 03:47:50
832.00,1,2025-06-01 03:47:51
1216.00,4,2025-06-01 03:47:52
1824.00,1,2025-06-01 03:47:53
960.00,1,2025-06-01 03:47:55
1488.00,5,2025-06-01 03:47:57
1024.00,2,2025-06-01 03:47:58
1152.00,1,2025-06-01 03:47:59
1600.00,4,2025-06-01 03:48:00
864.00,3,2025-06-01 03:48:02
192.00,1,2025-06-01 03:48:03
1408.00,2,2025-06-01 03:48:04
1728.00,4,2025-06-01 03:48:05
304.00,1,2025-06-01 03:48:06
1088.00,4,2025-06-01 03:48:07
1312.00,4,2025-06-01 03:48:09
576.00,5,2025-06-01 03:48:10
1728.00,2,2025-06-01 03:48:11
1440.00,2,2025-06-01 03:48:14
1504.00,5,2025-06-01 03:48:18
640.00,5,2025-06-01 03:48:19
1472.00,1,2025-06-01 03:48:20
512.00,5,2025-06-01 03:48:22
1744.00,3,2025-06-01 03:48:23
832.00,5,2025-06-01 03:48:24
2112.00,3,2025-06-01 03:48:25
480.00,2,2025-06-01 03:48:28
576.00,3,2025-06-01 03:48:29
864.00,1,2025-06-01 03:48:30
576.00,3,2025-06-01 03:48:31
672.00,2,2025-06-01 03:48:32
1024.00,1,2025-06-01 03:48:34
448.00,2,2025-06-01 03:48:38
928.00,2,2025-06-01 03:48:41
1440.00,5,2025-06-01 03:48:42
1632.00,2,2025-06-01 03:48:45
1280.00,5,2025-06-01 03:48:46
2176.00,1,2025-06-01 03:48:47
1856.00,3,2025-06-01 03:48:49
928.00,1,2025-06-01 03:48:52
864.00,5,2025-06-01 03:48:54
384.00,2,2025-06-01 03:48:56
1920.00,1,2025-06-01 03:48:57
1056.00,3,2025-06-01 03:48:59
2016.00,4,2025-06-01 03:49:00
1024.00,1,2025-06-01 03:49:02
544.00,2,2025-06-01 03:49:03
2048.00,1,2025-06-01 03:49:04
256.00,4,2025-06-01 03:49:05
1952.00,5,2025-06-01 03:49:07
1248.00,5,2025-06-01 03:49:09
224.00,5,2025-06-01 03:49:10
576.00,3,2025-06-01 03:49:11
608.00,5,2025-06-01 03:49:13
1520.00,2,2025-06-01 03:49:17
1536.00,3,2025-06-01 03:49:18
768.00,5,2025-06-01 03:49:20
1376.00,3,2025-06-01 03:49:21
288.00,5,2025-06-01 03:49:22
768.00,2,2025-06-01 03:49:25
192.00,1,2025-06-01 03:49:26
768.00,3,2025-06-01 03:49:28
1504.00,1,2025-06-01 03:49:29
640.00,4,2025-06-01 03:49:31
864.00,1,2025-06-01 03:49:33
2448.00,2,2025-06-01 03:49:36
1392.00,2,2025-06-01 03:49:39
864.00,1,2025-06-01 03:49:41
912.00,2,2025-06-01 03:49:42
304.00,2,2025-06-01 03:49:43
256.00,4,2025-06-01 03:49:46
928.00,5,2025-06-01 03:49:47
800.00,4,2025-06-01 03:49:50
864.00,3,2025-06-01 03:49:51
1440.00,3,2025-06-01 03:49:52
608.00,5,2025-06-01 03:49:53
1472.00,3,2025-06-01 03:49:54
1568.00,4,2025-06-01 03:49:56
2448.00,4,2025-06-01 03:49:57
448.00,2,2025-06-01 03:49:58
1824.00,3,2025-06-01 03:49:59
1344.00,1,2025-06-01 03:50:00
1152.00,5,2025-06-01 03:50:01
640.00,4,2025-06-01 03:50:02
1056.00,5,2025-06-01 03:50:06
1216.00,1,2025-06-01 03:50:07
1488.00,2,2025-06-01 03:50:08
816.00,1,2025-06-01 03:50:09
992.00,4,2025-06-01 03:50:10
192.00,3,2025-06-01 03:50:11
192.00,1,2025-06-01 03:50:12
1920.00,1,2025-06-01 03:50:13
1216.00,5,2025-06-01 03:50:15
1856.00,1,2025-06-01 03:50:16
1968.00,1,2025-06-01 03:50:18
256.00,3,2025-06-01 03:50:20
384.00,1,2025-06-01 03:50:21
1056.00,1,2025-06-01 03:50:22
512.00,3,2025-06-01 03:50:24
1200.00,4,2025-06-01 03:50:26
1120.00,5,2025-06-01 03:50:27
704.00,5,2025-06-01 03:50:28
672.00,2,2025-06-01 03:50:29
608.00,1,2025-06-01 03:50:31
576.00,3,2025-06-01 03:50:32
2112.00,4,2025-06-01 03:50:33
384.00,3,2025-06-01 03:50:35
864.00,5,2025-06-01 03:50:37
1312.00,5,2025-06-01 03:50:38
288.00,1,2025-06-01 03:50:39
512.00,5,2025-06-01 03:50:41
224.00,4,2025-06-01 03:50:42
576.00,4,2025-06-01 03:50:43
960.00,4,2025-06-01 03:50:47
288.00,4,2025-06-01 03:50:48
1536.00,1,2025-06-01 03:50:49
1472.00,4,2025-06-01 03:50:50
1344.00,3,2025-06-01 03:50:52
304.00,3,2025-06-01 03:50:54
384.00,4,2025-06-01 03:50:56
960.00,4,2025-06-01 03:50:57
1408.00,2,2025-06-01 03:50:59
672.00,2,2025-06-01 03:51:00
256.00,1,2025-06-01 03:51:01
1440.00,2,2025-06-01 03:51:03
896.00,4,2025-06-01 03:51:04
1632.00,2,2025-06-01 03:51:05
1216.00,1,2025-06-01 03:51:07
768.00,5,2025-06-01 03:51:08
1200.00,2,2025-06-01 03:51:09
320.00,3,2025-06-01 03:51:11
1728.00,3,2025-06-01 03:51:12
1344.00,1,2025-06-01 03:51:14
288.00,4,2025-06-01 03:51:16
1728.00,4,2025-06-01 03:51:18
1440.00,4,2025-06-01 03:51:20
1536.00,2,2025-06-01 03:51:21
960.00,4,2025-06-01 03:51:22
1600.00,4,2025-06-01 03:51:24
928.00,2,2025-06-01 03:51:25
304.00,3,2025-06-01 03:51:27
1024.00,4,2025-06-01 03:51:30
1248.00,3,2025-06-01 03:51:31
512.00,3,2025-06-01 03:51:32
512.00,4,2025-06-01 03:51:33
1888.00,2,2025-06-01 03:51:36
2016.00,3,2025-06-01 03:51:38
1808.00,5,2025-06-01 03:51:42
1920.00,3,2025-06-01 03:51:44
1328.00,5,2025-06-01 03:51:45
576.00,1,2025-06-01 03:51:46
608.00,2,2025-06-01 03:51:47
2080.00,5,2025-06-01 03:51:49
1728.00,2,2025-06-01 03:51:50
896.00,2,2025-06-01 03:51:52
256.00,5,2025-06-01 03:51:55
288.00,2,2025-06-01 03:51:56
768.00,2,2025-06-01 03:51:57
1616.00,2,2025-06-01 03:52:00
1056.00,5,2025-06-01 03:52:02
1632.00,3,2025-06-01 03:52:03
1600.00,4,2025-06-01 03:52:04
1456.00,5,2025-06-01 03:52:05
576.00,3,2025-06-01 03:52:06
912.00,2,2025-06-01 03:52:07
288.00,1,2025-06-01 03:52:08
1344.00,4,2025-06-01 03:52:09
1344.00,1,2025-06-01 03:52:10
832.00,1,2025-06-01 03:52:11
384.00,5,2025-06-01 03:52:13
288.00,2,2025-06-01 03:52:14
576.00,5,2025-06-01 03:52:15
1120.00,4,2025-06-01 03:52:16
2432.00,1,2025-06-01 03:52:17
384.00,3,2025-06-01 03:52:19
2064.00,4,2025-06-01 03:52:21
304.00,2,2025-06-01 03:52:22
512.00,4,2025-06-01 03:52:24
256.00,2,2025-06-01 03:52:25
224.00,2,2025-06-01 03:52:29
512.00,4,2025-06-01 03:52:33
704.00,2,2025-06-01 03:52:34
448.00,1,2025-06-01 03:52:37
864.00,5,2025-06-01 03:52:38
2320.00,4,2025-06-01 03:52:39
2112.00,5,2025-06-01 03:52:40
912.00,1,2025-06-01 03:52:41
1952.00,3,2025-06-01 03:52:42
1024.00,4,2025-06-01 03:52:44
864.00,1,2025-06-01 03:52:45
1280.00,4,2025-06-01 03:52:47
304.00,4,2025-06-01 03:52:49
2288.00,3,2025-06-01 03:52:50
960.00,2,2025-06-01 03:52:51
192.00,4,2025-06-01 03:52:52
608.00,1,2025-06-01 03:52:53
448.00,3,2025-06-01 03:52:54
768.00,5,2025-06-01 03:52:55
1984.00,5,2025-06-01 03:52:56
384.00,2,2025-06-01 03:52:59
864.00,2,2025-06-01 03:53:00
1632.00,2,2025-06-01 03:53:04
864.00,3,2025-06-01 03:53:06
1632.00,2,2025-06-01 03:53:07
768.00,4,2025-06-01 03:53:09
1888.00,1,2025-06-01 03:53:10
1504.00,5,2025-06-01 03:53:11
576.00,1,2025-06-01 03:53:12
320.00,4,2025-06-01 03:53:13
672.00,5,2025-06-01 03:53:15
2208.00,1,2025-06-01 03:53:16
1344.00,4,2025-06-01 03:53:17
832.00,1,2025-06-01 03:53:18
1696.00,1,2025-06-01 03:53:19
1504.00,5,2025-06-01 03:53:20
1200.00,3,2025-06-01 03:53:21
288.00,4,2025-06-01 03:53:22
1632.00,3,2025-06-01 03:53:25
1936.00,5,2025-06-01 03:53:26
800.00,4,2025-06-01 03:53:27
1872.00,1,2025-06-01 03:53:29
320.00,3,2025-06-01 03:53:31
1936.00,1,2025-06-01 03:53:32
1200.00,4,2025-06-01 03:53:33
256.00,3,2025-06-01 03:53:35
2464.00,3,2025-06-01 03:53:36
1408.00,5,2025-06-01 03:53:38
768.00,2,2025-06-01 03:53:39
1120.00,4,2025-06-01 03:53:40
1120.00,2,2025-06-01 03:53:41
2240.00,4,2025-06-01 03:53:42
560.00,1,2025-06-01 03:53:43
512.00,2,2025-06-01 03:53:45
1168.00,5,2025-06-01 03:53:46
1472.00,5,2025-06-01 03:53:47
320.00,5,2025-06-01 03:53:48
1344.00,5,2025-06-01 03:53:49
1152.00,5,2025-06-01 03:53:50
1920.00,1,2025-06-01 03:53:52
1104.00,5,2025-06-01 03:53:53
512.00,5,2025-06-01 03:53:54
1056.00,2,2025-06-01 03:53:56
1216.00,2,2025-06-01 03:53:57
1632.00,5,2025-06-01 03:53:58
912.00,3,2025-06-01 03:53:59
1280.00,4,2025-06-01 03:54:01
1024.00,3,2025-06-01 03:54:02
608.00,2,2025-06-01 03:54:03
1824.00,2,2025-06-01 03:54:04
1344.00,4,2025-06-01 03:54:06
1120.00,4,2025-06-01 03:54:08
736.00,3,2025-06-01 03:54:10
880.00,4,2025-06-01 03:54:12
928.00,4,2025-06-01 03:54:13
896.00,2,2025-06-01 03:54:14
640.00,2,2025-06-01 03:54:15
2000.00,4,2025-06-01 03:54:17
1088.00,5,2025-06-01 03:54:20
1472.00,3,2025-06-01 03:54:21
1376.00,5,2025-06-01 03:54:22
640.00,1,2025-06-01 03:54:23
1664.00,4,2025-06-01 03:54:24
640.00,5,2025-06-01 03:54:25
768.00,2,2025-06-01 03:54:26
192.00,1,2025-06-01 03:54:27
448.00,1,2025-06-01 03:54:28
256.00,2,2025-06-01 03:54:30
1472.00,2,2025-06-01 03:54:31
768.00,4,2025-06-01 03:54:32
576.00,4,2025-06-01 03:54:33
1856.00,2,2025-06-01 03:54:34
1632.00,4,2025-06-01 03:54:36
992.00,3,2025-06-01 03:54:40
512.00,4,2025-06-01 03:54:41
960.00,4,2025-06-01 03:54:43
544.00,5,2025-06-01 03:54:46
608.00,2,2025-06-01 03:54:47
1536.00,1,2025-06-01 03:54:48
1680.00,5,2025-06-01 03:54:50
1376.00,2,2025-06-01 03:54:54
2304.00,4,2025-06-01 03:54:55
256.00,1,2025-06-01 03:54:57
448.00,4,2025-06-01 03:54:58
1664.00,3,2025-06-01 03:55:00
800.00,1,2025-06-01 03:55:01
1120.00,2,2025-06-01 03:55:02
1280.00,4,2025-06-01 03:55:03
288.00,5,2025-06-01 03:55:06
1024.00,4,2025-06-01 03:55:07
864.00,4,2025-06-01 03:55:08
512.00,1,2025-06-01 03:55:09
384.00,1,2025-06-01 03:55:10
1120.00,1,2025-06-01 03:55:11
1472.00,3,2025-06-01 03:55:12
288.00,5,2025-06-01 03:55:13
1696.00,3,2025-06-01 03:55:15
576.00,4,2025-06-01 03:55:16
288.00,4,2025-06-01 03:55:17
1728.00,5,2025-06-01 03:55:18
192.00,1,2025-06-01 03:55:19
384.00,2,2025-06-01 03:55:20
2144.00,1,2025-06-01 03:55:21
672.00,4,2025-06-01 03:55:23
768.00,4,2025-06-01 03:55:25
1200.00,4,2025-06-01 03:55:26
1440.00,2,2025-06-01 03:55:27
960.00,2,2025-06-01 03:55:30
1472.00,1,2025-06-01 03:55:32
576.00,3,2025-06-01 03:55:33
1888.00,2,2025-06-01 03:55:34
384.00,2,2025-06-01 03:55:37
512.00,1,2025-06-01 03:55:39
672.00,1,2025-06-01 03:55:42
1792.00,2,2025-06-01 03:55:43
1056.00,1,2025-06-01 03:55:45
1856.00,5,2025-06-01 03:55:46
576.00,3,2025-06-01 03:55:47
832.00,3,2025-06-01 03:55:48
1184.00,2,2025-06-01 03:55:49
2000.00,4,2025-06-01 03:55:50
864.00,4,2025-06-01 03:55:51
576.00,1,2025-06-01 03:55:52
864.00,5,2025-06-01 03:55:55
1760.00,3,2025-06-01 03:55:56
1120.00,1,2025-06-01 03:55:57
2208.00,1,2025-06-01 03:55:58
1344.00,1,2025-06-01 03:56:00
528.00,1,2025-06-01 03:56:01
1664.00,5,2025-06-01 03:56:02
1152.00,1,2025-06-01 03:56:03
960.00,2,2025-06-01 03:56:04
256.00,1,2025-06-01 03:56:05
1312.00,2,2025-06-01 03:56:06
768.00,1,2025-06-01 03:56:07
1632.00,3,2025-06-01 03:56:12
304.00,1,2025-06-01 03:56:14
1536.00,2,2025-06-01 03:56:15
1360.00,1,2025-06-01 03:56:16
1168.00,1,2025-06-01 03:56:18
256.00,4,2025-06-01 03:56:19
1408.00,5,2025-06-01 03:56:20
1248.00,3,2025-06-01 03:56:21
928.00,2,2025-06-01 03:56:24
2080.00,1,2025-06-01 03:56:25
192.00,2,2025-06-01 03:56:27
1536.00,1,2025-06-01 03:56:28
1120.00,1,2025-06-01 03:56:31
1632.00,2,2025-06-01 03:56:32
1520.00,3,2025-06-01 03:56:33
1984.00,2,2025-06-01 03:56:35
864.00,1,2025-06-01 03:56:36
896.00,1,2025-06-01 03:56:40
1616.00,4,2025-06-01 03:56:42
1152.00,4,2025-06-01 03:56:43
576.00,1,2025-06-01 03:56:44
256.00,2,2025-06-01 03:56:46
448.00,2,2025-06-01 03:56:48
1648.00,5,2025-06-01 03:56:49
1200.00,2,2025-06-01 03:56:50
512.00,3,2025-06-01 03:56:51
1312.00,5,2025-06-01 03:56:52
1152.00,4,2025-06-01 03:56:53
1408.00,5,2025-06-01 03:56:54
864.00,2,2025-06-01 03:56:56
1536.00,3,2025-06-01 03:56:58
1440.00,4,2025-06-01 03:56:59
640.00,1,2025-06-01 03:57:00
672.00,3,2025-06-01 03:57:01
1936.00,3,2025-06-01 03:57:02
1760.00,5,2025-06-01 03:57:03
1888.00,4,2025-06-01 03:57:04
304.00,1,2025-06-01 03:57:05
752.00,3,2025-06-01 03:57:07
512.00,2,2025-06-01 03:57:10
224.00,5,2025-06-01 03:57:11
1520.00,2,2025-06-01 03:57:12
768.00,5,2025-06-01 03:57:13
864.00,1,2025-06-01 03:57:14
1712.00,4,2025-06-01 03:57:15
864.00,5,2025-06-01 03:57:16
1488.00,3,2025-06-01 03:57:17
1376.00,5,2025-06-01 03:57:18
752.00,1,2025-06-01 03:57:19
672.00,1,2025-06-01 03:57:20
576.00,1,2025-06-01 03:57:21
320.00,4,2025-06-01 03:57:22
1632.00,3,2025-06-01 03:57:23
288.00,1,2025-06-01 03:57:25
1776.00,1,2025-06-01 03:57:26
320.00,5,2025-06-01 03:57:27
768.00,1,2025-06-01 03:57:29
832.00,5,2025-06-01 03:57:30
1696.00,4,2025-06-01 03:57:31
672.00,3,2025-06-01 03:57:32
864.00,2,2025-06-01 03:57:33
448.00,5,2025-06-01 03:57:35
256.00,5,2025-06-01 03:57:36
1312.00,4,2025-06-01 03:57:38
1248.00,4,2025-06-01 03:57:39
384.00,4,2025-06-01 03:57:42
1840.00,4,2025-06-01 03:57:43
1984.00,5,2025-06-01 03:57:45
1760.00,1,2025-06-01 03:57:47
1440.00,5,2025-06-01 03:57:49
1088.00,4,2025-06-01 03:57:50
672.00,5,2025-06-01 03:57:51
768.00,4,2025-06-01 03:57:53
1536.00,3,2025-06-01 03:57:54
864.00,5,2025-06-01 03:57:55
2048.00,4,2025-06-01 03:57:56
1312.00,2,2025-06-01 03:57:58
1264.00,2,2025-06-01 03:58:01
1344.00,2,2025-06-01 03:58:02
288.00,5,2025-06-01 03:58:04
1248.00,5,2025-06-01 03:58:07
912.00,3,2025-06-01 03:58:08
288.00,1,2025-06-01 03:58:09
1600.00,2,2025-06-01 03:58:10
608.00,1,2025-06-01 03:58:11
1024.00,5,2025-06-01 03:58:12
1536.00,3,2025-06-01 03:58:13
1632.00,4,2025-06-01 03:58:14
2784.00,1,2025-06-01 03:58:16
640.00,3,2025-06-01 03:58:18
224.00,2,2025-06-01 03:58:20
1376.00,3,2025-06-01 03:58:21
224.00,3,2025-06-01 03:58:22
1280.00,3,2025-06-01 03:58:26
256.00,4,2025-06-01 03:58:28
1504.00,1,2025-06-01 03:58:29
736.00,4,2025-06-01 03:58:32
1600.00,5,2025-06-01 03:58:34
576.00,1,2025-06-01 03:58:35
2240.00,1,2025-06-01 03:58:38
304.00,3,2025-06-01 03:58:39
992.00,2,2025-06-01 03:58:41
1024.00,2,2025-06-01 03:58:42
2016.00,1,2025-06-01 03:58:43
1072.00,5,2025-06-01 03:58:47
928.00,3,2025-06-01 03:58:48
1568.00,2,2025-06-01 03:58:49
640.00,2,2025-06-01 03:58:50
512.00,3,2025-06-01 03:58:51
288.00,3,2025-06-01 03:58:52
1888.00,5,2025-06-01 03:58:53
576.00,4,2025-06-01 03:58:55
224.00,4,2025-06-01 03:58:56
1024.00,4,2025-06-01 03:58:57
1632.00,1,2025-06-01 03:58:59
560.00,4,2025-06-01 03:59:01
864.00,1,2025-06-01 03:59:02
1728.00,3,2025-06-01 03:59:07
1952.00,4,2025-06-01 03:59:08
1232.00,4,2025-06-01 03:59:09
912.00,1,2025-06-01 03:59:11
192.00,5,2025-06-01 03:59:12
384.00,2,2025-06-01 03:59:14
1264.00,3,2025-06-01 03:59:17
672.00,2,2025-06-01 03:59:19
1376.00,2,2025-06-01 03:59:20
768.00,3,2025-06-01 03:59:21
912.00,4,2025-06-01 03:59:22
1152.00,1,2025-06-01 03:59:23
816.00,3,2025-06-01 03:59:24
512.00,5,2025-06-01 03:59:26
1408.00,2,2025-06-01 03:59:28
544.00,5,2025-06-01 03:59:29
1248.00,1,2025-06-01 03:59:30
1024.00,2,2025-06-01 03:59:31
288.00,3,2025-06-01 03:59:32
1536.00,2,2025-06-01 03:59:34
1280.00,4,2025-06-01 03:59:35
1056.00,2,2025-06-01 03:59:37
1408.00,3,2025-06-01 03:59:38
640.00,2,2025-06-01 03:59:39
1664.00,2,2025-06-01 03:59:40
912.00,1,2025-06-01 03:59:42
1408.00,3,2025-06-01 03:59:43
1440.00,1,2025-06-01 03:59:47
512.00,2,2025-06-01 03:59:48
512.00,5,2025-06-01 03:59:50
864.00,2,2025-06-01 03:59:51
1632.00,5,2025-06-01 03:59:53
896.00,2,2025-06-01 03:59:54
1520.00,1,2025-06-01 03:59:56
576.00,3,2025-06-01 04:00:00
448.00,1,2025-06-01 04:00:01
2080.00,5,2025-06-01 04:00:04
1376.00,4,2025-06-01 04:00:07
800.00,4,2025-06-01 04:00:09
1312.00,1,2025-06-01 04:00:13
960.00,4,2025-06-01 04:00:14
1728.00,5,2025-06-01 04:00:15
288.00,3,2025-06-01 04:00:16
1152.00,1,2025-06-01 04:00:18
1120.00,4,2025-06-01 04:00:19
1472.00,2,2025-06-01 04:00:20
2304.00,3,2025-06-01 04:00:21
1728.00,3,2025-06-01 04:00:23
1152.00,3,2025-06-01 04:00:24
1632.00,1,2025-06-01 04:00:25
512.00,5,2025-06-01 04:00:26
448.00,1,2025-06-01 04:00:28
288.00,2,2025-06-01 04:00:29
1664.00,1,2025-06-01 04:00:31
1488.00,1,2025-06-01 04:00:32
544.00,4,2025-06-01 04:00:34
576.00,3,2025-06-01 04:00:35
960.00,1,2025-06-01 04:00:36
1760.00,2,2025-06-01 04:00:37
1920.00,1,2025-06-01 04:00:38
576.00,5,2025-06-01 04:00:39
864.00,4,2025-06-01 04:00:41
1424.00,2,2025-06-01 04:00:45
288.00,1,2025-06-01 04:00:46
2400.00,1,2025-06-01 04:00:47
1936.00,4,2025-06-01 04:00:48
1280.00,5,2025-06-01 04:00:49
1184.00,1,2025-06-01 04:00:51
1056.00,1,2025-06-01 04:00:53
1664.00,4,2025-06-01 04:00:54
1152.00,2,2025-06-01 04:00:55
384.00,5,2025-06-01 04:00:56
1408.00,2,2025-06-01 04:00:57
800.00,1,2025-06-01 04:00:58
992.00,2,2025-06-01 04:01:00
1472.00,2,2025-06-01 04:01:01
688.00,1,2025-06-01 04:01:02
608.00,5,2025-06-01 04:01:03
384.00,1,2025-06-01 04:01:05
640.00,5,2025-06-01 04:01:06
1600.00,2,2025-06-01 04:01:07
896.00,4,2025-06-01 04:01:08
2160.00,4,2025-06-01 04:01:09
1376.00,3,2025-06-01 04:01:10
1344.00,4,2025-06-01 04:01:12
864.00,2,2025-06-01 04:01:13
1632.00,2,2025-06-01 04:01:15
992.00,4,2025-06-01 04:01:16
576.00,5,2025-06-01 04:01:17
224.00,2,2025-06-01 04:01:18
1456.00,3,2025-06-01 04:01:20
576.00,2,2025-06-01 04:01:22
1600.00,4,2025-06-01 04:01:23
864.00,5,2025-06-01 04:01:24
864.00,3,2025-06-01 04:01:25
960.00,3,2025-06-01 04:01:28
768.00,4,2025-06-01 04:01:29
288.00,2,2025-06-01 04:01:30
2048.00,2,2025-06-01 04:01:31
1632.00,1,2025-06-01 04:01:33
2128.00,1,2025-06-01 04:01:34
288.00,3,2025-06-01 04:01:37
1632.00,1,2025-06-01 04:01:38
608.00,5,2025-06-01 04:01:39
640.00,1,2025-06-01 04:01:40
1600.00,1,2025-06-01 04:01:41
192.00,1,2025-06-01 04:01:42
768.00,4,2025-06-01 04:01:43
1120.00,5,2025-06-01 04:01:44
992.00,1,2025-06-01 04:01:45
1312.00,4,2025-06-01 04:01:47
576.00,2,2025-06-01 04:01:48
768.00,2,2025-06-01 04:01:49
912.00,2,2025-06-01 04:01:51
912.00,1,2025-06-01 04:01:52
304.00,4,2025-06-01 04:01:53
1424.00,4,2025-06-01 04:01:54
1536.00,5,2025-06-01 04:01:56
1184.00,2,2025-06-01 04:01:58
2208.00,3,2025-06-01 04:01:59
640.00,1,2025-06-01 04:02:01
2016.00,2,2025-06-01 04:02:02
2240.00,3,2025-06-01 04:02:03
960.00,5,2025-06-01 04:02:04
1952.00,3,2025-06-01 04:02:05
768.00,3,2025-06-01 04:02:06
1392.00,3,2025-06-01 04:02:07
2208.00,2,2025-06-01 04:02:08
448.00,5,2025-06-01 04:02:09
2048.00,1,2025-06-01 04:02:10
960.00,4,2025-06-01 04:02:11
1792.00,5,2025-06-01 04:02:12
928.00,5,2025-06-01 04:02:13
256.00,3,2025-06-01 04:02:14
864.00,4,2025-06-01 04:02:15
1024.00,3,2025-06-01 04:02:16
2048.00,3,2025-06-01 04:02:19
1424.00,4,2025-06-01 04:02:20
992.00,3,2025-06-01 04:02:21
1504.00,2,2025-06-01 04:02:22
320.00,5,2025-06-01 04:02:23
896.00,1,2025-06-01 04:02:25
1056.00,1,2025-06-01 04:02:26
1024.00,2,2025-06-01 04:02:27
1072.00,1,2025-06-01 04:02:28
448.00,4,2025-06-01 04:02:29
640.00,5,2025-06-01 04:02:30
512.00,3,2025-06-01 04:02:31
2144.00,2,2025-06-01 04:02:33
608.00,4,2025-06-01 04:02:34
768.00,5,2025-06-01 04:02:35
768.00,2,2025-06-01 04:02:36
576.00,1,2025-06-01 04:02:37
992.00,2,2025-06-01 04:02:38
864.00,1,2025-06-01 04:02:39
576.00,1,2025-06-01 04:02:40
1472.00,2,2025-06-01 04:02:41
768.00,2,2025-06-01 04:02:43
1536.00,3,2025-06-01 04:02:46
1024.00,5,2025-06-01 04:02:47
1632.00,4,2025-06-01 04:02:49
928.00,5,2025-06-01 04:02:50
1280.00,2,2025-06-01 04:02:51
304.00,5,2025-06-01 04:02:52
320.00,1,2025-06-01 04:02:53
1728.00,5,2025-06-01 04:02:54
864.00,4,2025-06-01 04:02:55
192.00,5,2025-06-01 04:02:56
576.00,2,2025-06-01 04:02:59
1456.00,4,2025-06-01 04:03:00
1408.00,4,2025-06-01 04:03:02
800.00,3,2025-06-01 04:03:03
576.00,4,2025-06-01 04:03:04
992.00,4,2025-06-01 04:03:05
304.00,3,2025-06-01 04:03:08
672.00,3,2025-06-01 04:03:09
1376.00,2,2025-06-01 04:03:10
1168.00,2,2025-06-01 04:03:11
1504.00,5,2025-06-01 04:03:12
960.00,1,2025-06-01 04:03:13
1792.00,5,2025-06-01 04:03:14
1632.00,2,2025-06-01 04:03:15
960.00,4,2025-06-01 04:03:16
304.00,2,2025-06-01 04:03:17
448.00,5,2025-06-01 04:03:18
768.00,4,2025-06-01 04:03:19
528.00,5,2025-06-01 04:03:20
960.00,3,2025-06-01 04:03:21
896.00,2,2025-06-01 04:03:22
2272.00,3,2025-06-01 04:03:23
288.00,3,2025-06-01 04:03:24
2208.00,2,2025-06-01 04:03:25
1392.00,3,2025-06-01 04:03:26
1104.00,1,2025-06-01 04:03:27
864.00,4,2025-06-01 04:03:28
576.00,4,2025-06-01 04:03:29
256.00,4,2025-06-01 04:03:30
192.00,1,2025-06-01 04:03:31
1120.00,5,2025-06-01 04:03:32
640.00,3,2025-06-01 04:03:33
1344.00,5,2025-06-01 04:03:34
768.00,1,2025-06-01 04:03:36
304.00,3,2025-06-01 04:03:37
192.00,5,2025-06-01 04:03:38
864.00,5,2025-06-01 04:03:39
928.00,3,2025-06-01 04:03:40
1376.00,1,2025-06-01 04:03:41
1696.00,1,2025-06-01 04:03:42
1248.00,4,2025-06-01 04:03:44
512.00,1,2025-06-01 04:03:45
560.00,4,2025-06-01 04:03:46
576.00,1,2025-06-01 04:03:48
192.00,3,2025-06-01 04:03:49
2096.00,4,2025-06-01 04:03:50
1856.00,2,2025-06-01 04:03:51
640.00,3,2025-06-01 04:03:52
672.00,2,2025-06-01 04:03:53
512.00,1,2025-06-01 04:03:55
1632.00,3,2025-06-01 04:03:57
1216.00,5,2025-06-01 04:03:58
608.00,3,2025-06-01 04:03:59
1536.00,4,2025-06-01 04:04:00
1088.00,4,2025-06-01 04:04:01
2112.00,5,2025-06-01 04:04:02
864.00,3,2025-06-01 04:04:03
1280.00,2,2025-06-01 04:04:04
384.00,3,2025-06-01 04:04:05
640.00,2,2025-06-01 04:04:06
768.00,5,2025-06-01 04:04:07
1824.00,1,2025-06-01 04:04:11
864.00,2,2025-06-01 04:04:12
224.00,2,2025-06-01 04:04:13
1600.00,4,2025-06-01 04:04:14
1648.00,5,2025-06-01 04:04:15
1344.00,1,2025-06-01 04:04:16
768.00,3,2025-06-01 04:04:17
1504.00,4,2025-06-01 04:04:18
2144.00,5,2025-06-01 04:04:19
1680.00,3,2025-06-01 04:04:20
800.00,5,2025-06-01 04:04:21
1184.00,4,2025-06-01 04:04:22
960.00,1,2025-06-01 04:04:24
1408.00,2,2025-06-01 04:04:25
768.00,1,2025-06-01 04:04:26
1536.00,3,2025-06-01 04:04:28
576.00,2,2025-06-01 04:04:30
608.00,1,2025-06-01 04:04:31
1280.00,5,2025-06-01 04:04:33
928.00,4,2025-06-01 04:04:34
416.00,4,2025-06-01 04:04:35
384.00,4,2025-06-01 04:04:36
256.00,3,2025-06-01 04:04:37
1936.00,1,2025-06-01 04:04:38
1024.00,3,2025-06-01 04:04:39
1376.00,3,2025-06-01 04:04:40
1024.00,2,2025-06-01 04:04:41
576.00,2,2025-06-01 04:04:42
2080.00,1,2025-06-01 04:04:43
256.00,4,2025-06-01 04:04:44
2240.00,1,2025-06-01 04:04:45
576.00,3,2025-06-01 04:04:46
2240.00,1,2025-06-01 04:04:47
576.00,5,2025-06-01 04:04:50
1344.00,1,2025-06-01 04:04:51
1664.00,1,2025-06-01 04:04:52
1248.00,4,2025-06-01 04:04:55
2112.00,5,2025-06-01 04:04:57
1376.00,2,2025-06-01 04:04:58
1312.00,3,2025-06-01 04:05:01
800.00,5,2025-06-01 04:05:02
1632.00,2,2025-06-01 04:05:03
1536.00,5,2025-06-01 04:05:04
1728.00,2,2025-06-01 04:05:05
1280.00,5,2025-06-01 04:05:07
1312.00,1,2025-06-01 04:05:08
576.00,1,2025-06-01 04:05:12
224.00,4,2025-06-01 04:05:16
1344.00,2,2025-06-01 04:05:17
1904.00,3,2025-06-01 04:05:18
1344.00,4,2025-06-01 04:05:20
1344.00,2,2025-06-01 04:05:21
1088.00,5,2025-06-01 04:05:22
832.00,2,2025-06-01 04:05:23
1024.00,3,2025-06-01 04:05:24
768.00,1,2025-06-01 04:05:25
1408.00,4,2025-06-01 04:05:27
1968.00,2,2025-06-01 04:05:28
1488.00,3,2025-06-01 04:05:29
1632.00,1,2025-06-01 04:05:30
1440.00,1,2025-06-01 04:05:31
256.00,4,2025-06-01 04:05:32
2144.00,3,2025-06-01 04:05:33
1280.00,2,2025-06-01 04:05:34
512.00,1,2025-06-01 04:05:35
1760.00,1,2025-06-01 04:05:37
1088.00,5,2025-06-01 04:05:38
1568.00,2,2025-06-01 04:05:39
1520.00,2,2025-06-01 04:05:40
1248.00,4,2025-06-01 04:05:41
1408.00,2,2025-06-01 04:05:42
736.00,2,2025-06-01 04:05:43
1120.00,5,2025-06-01 04:05:45
1824.00,1,2025-06-01 04:05:46
912.00,4,2025-06-01 04:05:48
1024.00,2,2025-06-01 04:05:50
1936.00,4,2025-06-01 04:05:51
1120.00,4,2025-06-01 04:05:52
576.00,5,2025-06-01 04:05:53
1824.00,1,2025-06-01 04:05:55
800.00,4,2025-06-01 04:05:56
1344.00,5,2025-06-01 04:05:57
1952.00,1,2025-06-01 04:05:59
1120.00,5,2025-06-01 04:06:00
320.00,3,2025-06-01 04:06:01
288.00,1,2025-06-01 04:06:02
960.00,4,2025-06-01 04:06:04
1440.00,2,2025-06-01 04:06:07
800.00,5,2025-06-01 04:06:08
448.00,4,2025-06-01 04:06:09
1312.00,1,2025-06-01 04:06:10
672.00,2,2025-06-01 04:06:11
672.00,1,2025-06-01 04:06:12
1216.00,3,2025-06-01 04:06:13
576.00,2,2025-06-01 04:06:14
1536.00,5,2025-06-01 04:06:15
416.00,4,2025-06-01 04:06:16
448.00,2,2025-06-01 04:06:17
1536.00,4,2025-06-01 04:06:19
1024.00,3,2025-06-01 04:06:20
2208.00,3,2025-06-01 04:06:21
672.00,2,2025-06-01 04:06:22
2448.00,2,2025-06-01 04:06:23
800.00,5,2025-06-01 04:06:24
1280.00,3,2025-06-01 04:06:25
1248.00,5,2025-06-01 04:06:26
256.00,1,2025-06-01 04:06:28
1536.00,2,2025-06-01 04:06:29
416.00,4,2025-06-01 04:06:31
576.00,2,2025-06-01 04:06:32
864.00,5,2025-06-01 04:06:34
768.00,1,2025-06-01 04:06:35
192.00,1,2025-06-01 04:06:36
1472.00,2,2025-06-01 04:06:37
768.00,3,2025-06-01 04:06:38
576.00,1,2025-06-01 04:06:39
1440.00,2,2025-06-01 04:06:41
1568.00,4,2025-06-01 04:06:42
1280.00,4,2025-06-01 04:06:43
992.00,2,2025-06-01 04:06:44
1552.00,1,2025-06-01 04:06:46
1504.00,4,2025-06-01 04:06:47
1488.00,2,2025-06-01 04:06:48
1312.00,4,2025-06-01 04:06:49
1680.00,5,2025-06-01 04:06:50
512.00,2,2025-06-01 04:06:51
1488.00,3,2025-06-01 04:06:52
576.00,1,2025-06-01 04:06:53
288.00,1,2025-06-01 04:06:55
1728.00,4,2025-06-01 04:06:56
1120.00,5,2025-06-01 04:06:57
2048.00,3,2025-06-01 04:06:58
448.00,2,2025-06-01 04:06:59
288.00,1,2025-06-01 04:07:00
1024.00,4,2025-06-01 04:07:02
1344.00,2,2025-06-01 04:07:03
256.00,3,2025-06-01 04:07:04
2144.00,3,2025-06-01 04:07:05
480.00,4,2025-06-01 04:07:06
512.00,1,2025-06-01 04:07:07
864.00,2,2025-06-01 04:07:08
1440.00,2,2025-06-01 04:07:09
608.00,2,2025-06-01 04:07:10
2384.00,2,2025-06-01 04:07:11
320.00,2,2025-06-01 04:07:12
640.00,5,2025-06-01 04:07:13
576.00,3,2025-06-01 04:07:14
1840.00,3,2025-06-01 04:07:15
960.00,3,2025-06-01 04:07:16
832.00,4,2025-06-01 04:07:17
304.00,4,2025-06-01 04:07:19
1456.00,3,2025-06-01 04:07:20
1696.00,3,2025-06-01 04:07:22
640.00,4,2025-06-01 04:07:23
832.00,5,2025-06-01 04:07:24
1856.00,4,2025-06-01 04:07:25
992.00,2,2025-06-01 04:07:26
864.00,5,2025-06-01 04:07:27
2000.00,2,2025-06-01 04:07:28
384.00,2,2025-06-01 04:07:29
1152.00,1,2025-06-01 04:07:31
576.00,5,2025-06-01 04:07:32
2544.00,4,2025-06-01 04:07:33
576.00,5,2025-06-01 04:07:34
1536.00,4,2025-06-01 04:07:35
1760.00,3,2025-06-01 04:07:36
640.00,1,2025-06-01 04:07:38
2368.00,5,2025-06-01 04:07:39
544.00,3,2025-06-01 04:07:40
1472.00,3,2025-06-01 04:07:42
1504.00,4,2025-06-01 04:07:43
1744.00,5,2025-06-01 04:07:44
832.00,4,2025-06-01 04:07:45
1056.00,5,2025-06-01 04:07:46
1152.00,1,2025-06-01 04:07:47
320.00,3,2025-06-01 04:07:48
768.00,1,2025-06-01 04:07:49
864.00,2,2025-06-01 04:07:50
320.00,5,2025-06-01 04:07:51
320.00,5,2025-06-01 04:07:53
288.00,3,2025-06-01 04:07:54
512.00,5,2025-06-01 04:07:56
544.00,4,2025-06-01 04:07:57
1904.00,3,2025-06-01 04:07:58
768.00,2,2025-06-01 04:07:59
1360.00,5,2025-06-01 04:08:00
448.00,1,2025-06-01 04:08:01
768.00,1,2025-06-01 04:08:04
256.00,4,2025-06-01 04:08:05
912.00,3,2025-06-01 04:08:06
288.00,4,2025-06-01 04:08:08
864.00,1,2025-06-01 04:08:09
1216.00,3,2025-06-01 04:08:10
576.00,2,2025-06-01 04:08:11
1440.00,4,2025-06-01 04:08:12
1824.00,5,2025-06-01 04:08:13
576.00,2,2025-06-01 04:08:14
448.00,4,2025-06-01 04:08:15
576.00,5,2025-06-01 04:08:16
768.00,2,2025-06-01 04:08:17
1376.00,1,2025-06-01 04:08:18
1696.00,2,2025-06-01 04:08:19
576.00,3,2025-06-01 04:08:20
832.00,3,2025-06-01 04:08:21
2144.00,2,2025-06-01 04:08:22
1808.00,1,2025-06-01 04:08:24
576.00,1,2025-06-01 04:08:25
1376.00,2,2025-06-01 04:08:27
576.00,1,2025-06-01 04:08:28
1776.00,2,2025-06-01 04:08:30
832.00,5,2025-06-01 04:08:31
1536.00,3,2025-06-01 04:08:32
1472.00,4,2025-06-01 04:08:33
608.00,1,2025-06-01 04:08:34
1776.00,2,2025-06-01 04:08:35
384.00,3,2025-06-01 04:08:36
768.00,5,2025-06-01 04:08:37
768.00,4,2025-06-01 04:08:38
1648.00,4,2025-06-01 04:08:39
1328.00,1,2025-06-01 04:08:40
1344.00,3,2025-06-01 04:08:41
912.00,1,2025-06-01 04:08:42
1472.00,4,2025-06-01 04:08:43
576.00,1,2025-06-01 04:08:44
752.00,4,2025-06-01 04:08:45
864.00,4,2025-06-01 04:08:46
224.00,1,2025-06-01 04:08:47
304.00,3,2025-06-01 04:08:48
960.00,1,2025-06-01 04:08:49
864.00,2,2025-06-01 04:08:51
1344.00,5,2025-06-01 04:08:52
864.00,4,2025-06-01 04:08:53
608.00,2,2025-06-01 04:08:54
1248.00,2,2025-06-01 04:08:56
576.00,3,2025-06-01 04:08:57
1856.00,1,2025-06-01 04:08:59
864.00,4,2025-06-01 04:09:01
576.00,5,2025-06-01 04:09:02
576.00,4,2025-06-01 04:09:03
912.00,4,2025-06-01 04:09:05
576.00,4,2025-06-01 04:09:06
768.00,5,2025-06-01 04:09:10
832.00,2,2025-06-01 04:09:11
1168.00,1,2025-06-01 04:09:12
1376.00,5,2025-06-01 04:09:13
1248.00,2,2025-06-01 04:09:14
2240.00,5,2025-06-01 04:09:16
2016.00,1,2025-06-01 04:09:17
592.00,2,2025-06-01 04:09:18
1408.00,4,2025-06-01 04:09:19
800.00,4,2025-06-01 04:09:20
1600.00,2,2025-06-01 04:09:22
912.00,3,2025-06-01 04:09:23
864.00,2,2025-06-01 04:09:24
1216.00,3,2025-06-01 04:09:25
2144.00,2,2025-06-01 04:09:26
1376.00,2,2025-06-01 04:09:27
512.00,2,2025-06-01 04:09:28
256.00,1,2025-06-01 04:09:29
640.00,3,2025-06-01 04:09:30
1888.00,5,2025-06-01 04:09:31
1536.00,4,2025-06-01 04:09:32
1472.00,4,2025-06-01 04:09:33
1056.00,4,2025-06-01 04:09:35
224.00,5,2025-06-01 04:09:36
672.00,3,2025-06-01 04:09:37
1488.00,5,2025-06-01 04:09:38
1616.00,3,2025-06-01 04:09:39
304.00,2,2025-06-01 04:09:40
1088.00,3,2025-06-01 04:09:41
864.00,3,2025-06-01 04:09:42
896.00,1,2025-06-01 04:09:43
768.00,5,2025-06-01 04:09:44
1280.00,1,2025-06-01 04:09:45
416.00,2,2025-06-01 04:09:47
1184.00,2,2025-06-01 04:09:48
768.00,2,2025-06-01 04:09:49
1184.00,1,2025-06-01 04:09:51
1824.00,3,2025-06-01 04:09:52
1664.00,1,2025-06-01 04:09:53
1280.00,4,2025-06-01 04:09:54
1552.00,5,2025-06-01 04:09:55
1344.00,2,2025-06-01 04:09:56
864.00,5,2025-06-01 04:09:57
1440.00,2,2025-06-01 04:09:58
448.00,1,2025-06-01 04:09:59
224.00,1,2025-06-01 04:10:00
1520.00,4,2025-06-01 04:10:01
1248.00,2,2025-06-01 04:10:02
736.00,1,2025-06-01 04:10:03
608.00,1,2025-06-01 04:10:04
1472.00,2,2025-06-01 04:10:05
1024.00,3,2025-06-01 04:10:06
1216.00,5,2025-06-01 04:10:07
832.00,2,2025-06-01 04:10:08
608.00,4,2025-06-01 04:10:09
832.00,2,2025-06-01 04:10:10
1472.00,1,2025-06-01 04:10:11
496.00,5,2025-06-01 04:10:12
576.00,2,2025-06-01 04:10:13
800.00,1,2025-06-01 04:10:15
1312.00,2,2025-06-01 04:10:16
384.00,3,2025-06-01 04:10:17
512.00,5,2025-06-01 04:10:18
2096.00,5,2025-06-01 04:10:19
512.00,2,2025-06-01 04:10:20
512.00,1,2025-06-01 04:10:21
1152.00,2,2025-06-01 04:10:22
288.00,1,2025-06-01 04:10:23
2688.00,2,2025-06-01 04:10:24
256.00,4,2025-06-01 04:10:25
832.00,4,2025-06-01 04:10:26
1024.00,5,2025-06-01 04:10:28
1600.00,1,2025-06-01 04:10:29
1088.00,5,2025-06-01 04:10:30
2112.00,1,2025-06-01 04:10:32
256.00,4,2025-06-01 04:10:33
288.00,1,2025-06-01 04:10:34
1776.00,3,2025-06-01 04:10:35
1920.00,3,2025-06-01 04:10:36
1600.00,3,2025-06-01 04:10:37
768.00,1,2025-06-01 04:10:38
1344.00,2,2025-06-01 04:10:39
1024.00,4,2025-06-01 04:10:41
864.00,3,2025-06-01 04:10:43
608.00,3,2025-06-01 04:10:45
1536.00,1,2025-06-01 04:10:46
1104.00,4,2025-06-01 04:10:47
832.00,1,2025-06-01 04:10:48
1616.00,1,2025-06-01 04:10:49
256.00,1,2025-06-01 04:10:50
304.00,4,2025-06-01 04:10:51
1312.00,5,2025-06-01 04:10:52
704.00,5,2025-06-01 04:10:53
1440.00,3,2025-06-01 04:10:54
1088.00,3,2025-06-01 04:10:55
1408.00,3,2025-06-01 04:10:57
864.00,4,2025-06-01 04:10:58
304.00,3,2025-06-01 04:10:59
864.00,5,2025-06-01 04:11:00
832.00,3,2025-06-01 04:11:03
1824.00,1,2025-06-01 04:11:04
1360.00,1,2025-06-01 04:11:05
448.00,4,2025-06-01 04:11:06
1648.00,2,2025-06-01 04:11:07
768.00,2,2025-06-01 04:11:09
1824.00,1,2025-06-01 04:11:12
1552.00,5,2025-06-01 04:11:13
960.00,4,2025-06-01 04:11:15
576.00,1,2025-06-01 04:11:16
480.00,3,2025-06-01 04:11:17
800.00,5,2025-06-01 04:11:18
672.00,2,2025-06-01 04:11:20
1376.00,4,2025-06-01 04:11:22
1424.00,4,2025-06-01 04:11:23
832.00,5,2025-06-01 04:11:24
1472.00,2,2025-06-01 04:11:25
1824.00,5,2025-06-01 04:11:26
928.00,5,2025-06-01 04:11:27
2048.00,3,2025-06-01 04:11:29
1952.00,5,2025-06-01 04:11:30
1248.00,5,2025-06-01 04:11:31
288.00,2,2025-06-01 04:11:32
1248.00,3,2025-06-01 04:11:33
1728.00,2,2025-06-01 04:11:35
1216.00,4,2025-06-01 04:11:36
1632.00,4,2025-06-01 04:11:37
1568.00,3,2025-06-01 04:11:38
1744.00,1,2025-06-01 04:11:39
1536.00,4,2025-06-01 04:11:41
1024.00,5,2025-06-01 04:11:42
1632.00,1,2025-06-01 04:11:45
2016.00,5,2025-06-01 04:11:46
1312.00,1,2025-06-01 04:11:47
1216.00,5,2025-06-01 04:11:48
1776.00,1,2025-06-01 04:11:49
672.00,2,2025-06-01 04:11:50
960.00,5,2025-06-01 04:11:51
1408.00,3,2025-06-01 04:11:52
880.00,5,2025-06-01 04:11:53
816.00,4,2025-06-01 04:11:54
1088.00,4,2025-06-01 04:11:55
864.00,4,2025-06-01 04:11:56
1632.00,2,2025-06-01 04:11:57
1856.00,4,2025-06-01 04:11:58
1152.00,1,2025-06-01 04:11:59
960.00,1,2025-06-01 04:12:00
1728.00,5,2025-06-01 04:12:01
576.00,3,2025-06-01 04:12:02
1872.00,4,2025-06-01 04:12:03
224.00,5,2025-06-01 04:12:04
864.00,5,2025-06-01 04:12:05
1216.00,3,2025-06-01 04:12:06
576.00,5,2025-06-01 04:12:07
1664.00,5,2025-06-01 04:12:08
928.00,5,2025-06-01 04:12:09
1376.00,1,2025-06-01 04:12:10
960.00,2,2025-06-01 04:12:11
768.00,1,2025-06-01 04:12:12
640.00,1,2025-06-01 04:12:14
1792.00,3,2025-06-01 04:12:15
1136.00,2,2025-06-01 04:12:16
1728.00,1,2025-06-01 04:12:20
448.00,4,2025-06-01 04:12:21
1024.00,1,2025-06-01 04:12:23
1024.00,4,2025-06-01 04:12:24
256.00,1,2025-06-01 04:12:25
1184.00,1,2025-06-01 04:12:26
1728.00,5,2025-06-01 04:12:27
960.00,2,2025-06-01 04:12:28
960.00,5,2025-06-01 04:12:29
256.00,1,2025-06-01 04:12:30
288.00,2,2025-06-01 04:12:32
640.00,4,2025-06-01 04:12:34
1376.00,4,2025-06-01 04:12:35
1376.00,1,2025-06-01 04:12:37
1920.00,4,2025-06-01 04:12:38
256.00,4,2025-06-01 04:12:39
1344.00,1,2025-06-01 04:12:40
544.00,3,2025-06-01 04:12:41
1968.00,1,2025-06-01 04:12:42
512.00,5,2025-06-01 04:12:43
592.00,1,2025-06-01 04:12:44
320.00,4,2025-06-01 04:12:45
576.00,5,2025-06-01 04:12:46
2144.00,3,2025-06-01 04:12:47
1536.00,5,2025-06-01 04:12:48
1088.00,5,2025-06-01 04:12:49
1488.00,4,2025-06-01 04:12:50
1504.00,3,2025-06-01 04:12:51
960.00,1,2025-06-01 04:12:52
864.00,3,2025-06-01 04:12:53
1760.00,4,2025-06-01 04:12:54
512.00,3,2025-06-01 04:12:55
1536.00,3,2025-06-01 04:12:56
1280.00,4,2025-06-01 04:12:57
608.00,5,2025-06-01 04:12:58
896.00,1,2025-06-01 04:12:59
1728.00,1,2025-06-01 04:13:00
288.00,3,2025-06-01 04:13:01
1408.00,4,2025-06-01 04:13:04
2048.00,3,2025-06-01 04:13:05
304.00,3,2025-06-01 04:13:06
1216.00,2,2025-06-01 04:13:07
256.00,1,2025-06-01 04:13:08
1600.00,2,2025-06-01 04:13:10
576.00,2,2025-06-01 04:13:11
1344.00,2,2025-06-01 04:13:14
1184.00,4,2025-06-01 04:13:15
544.00,4,2025-06-01 04:13:16
1184.00,4,2025-06-01 04:13:17
1904.00,5,2025-06-01 04:13:19
288.00,4,2025-06-01 04:13:20
1728.00,3,2025-06-01 04:13:21
992.00,5,2025-06-01 04:13:22
912.00,5,2025-06-01 04:13:23
864.00,2,2025-06-01 04:13:24
2080.00,5,2025-06-01 04:13:25
1280.00,3,2025-06-01 04:13:26
1056.00,1,2025-06-01 04:13:27
288.00,1,2025-06-01 04:13:28
1344.00,3,2025-06-01 04:13:29
192.00,2,2025-06-01 04:13:30
1280.00,3,2025-06-01 04:13:31
960.00,1,2025-06-01 04:13:32
512.00,1,2025-06-01 04:13:33
1584.00,5,2025-06-01 04:13:34
1088.00,5,2025-06-01 04:13:35
608.00,5,2025-06-01 04:13:37
1440.00,2,2025-06-01 04:13:39
288.00,5,2025-06-01 04:13:41
576.00,3,2025-06-01 04:13:43
992.00,1,2025-06-01 04:13:44
1344.00,4,2025-06-01 04:13:45
2112.00,3,2025-06-01 04:13:46
544.00,2,2025-06-01 04:13:47
1920.00,1,2025-06-01 04:13:48
960.00,3,2025-06-01 04:13:50
1056.00,5,2025-06-01 04:13:51
1920.00,4,2025-06-01 04:13:52
912.00,2,2025-06-01 04:13:53
640.00,2,2025-06-01 04:13:54
864.00,4,2025-06-01 04:13:55
864.00,5,2025-06-01 04:13:56
288.00,1,2025-06-01 04:13:57
192.00,2,2025-06-01 04:13:58
1760.00,4,2025-06-01 04:13:59
1680.00,3,2025-06-01 04:14:00
864.00,2,2025-06-01 04:14:01
1536.00,5,2025-06-01 04:14:02
800.00,4,2025-06-01 04:14:03
1440.00,5,2025-06-01 04:14:05
864.00,5,2025-06-01 04:14:06
1632.00,4,2025-06-01 04:14:07
816.00,2,2025-06-01 04:14:08
960.00,4,2025-06-01 04:14:09
512.00,5,2025-06-01 04:14:10
1760.00,4,2025-06-01 04:14:11
1600.00,5,2025-06-01 04:14:12
1840.00,2,2025-06-01 04:14:13
2640.00,1,2025-06-01 04:14:14
1184.00,4,2025-06-01 04:14:15
1440.00,4,2025-06-01 04:14:16
864.00,5,2025-06-01 04:14:17
512.00,2,2025-06-01 04:14:18
2304.00,4,2025-06-01 04:14:19
1536.00,3,2025-06-01 04:14:20
1792.00,3,2025-06-01 04:14:21
224.00,1,2025-06-01 04:14:22
288.00,3,2025-06-01 04:14:23
1440.00,2,2025-06-01 04:14:24
192.00,3,2025-06-01 04:14:25
192.00,5,2025-06-01 04:14:26
2160.00,3,2025-06-01 04:14:27
1152.00,3,2025-06-01 04:14:29
800.00,4,2025-06-01 04:14:30
1632.00,4,2025-06-01 04:14:31
448.00,4,2025-06-01 04:14:32
2016.00,4,2025-06-01 04:14:33
2016.00,5,2025-06-01 04:14:34
1680.00,3,2025-06-01 04:14:35
1152.00,2,2025-06-01 04:14:36
1056.00,5,2025-06-01 04:14:37
864.00,1,2025-06-01 04:14:38
384.00,4,2025-06-01 04:14:39
768.00,5,2025-06-01 04:14:40
768.00,2,2025-06-01 04:14:41
2112.00,2,2025-06-01 04:14:43
960.00,4,2025-06-01 04:14:44
576.00,4,2025-06-01 04:14:45
1184.00,5,2025-06-01 04:14:47
608.00,1,2025-06-01 04:14:48
1280.00,5,2025-06-01 04:14:49
320.00,3,2025-06-01 04:14:50
608.00,5,2025-06-01 04:14:52
1344.00,5,2025-06-01 04:14:53
672.00,3,2025-06-01 04:14:55
512.00,4,2025-06-01 04:14:56
192.00,1,2025-06-01 04:14:57
1216.00,5,2025-06-01 04:14:58
1152.00,3,2025-06-01 04:14:59
1280.00,5,2025-06-01 04:15:00
1264.00,5,2025-06-01 04:15:01
1120.00,1,2025-06-01 04:15:03
768.00,1,2025-06-01 04:15:04
1536.00,3,2025-06-01 04:15:05
1152.00,5,2025-06-01 04:15:06
304.00,3,2025-06-01 04:15:07
1920.00,4,2025-06-01 04:15:08
672.00,4,2025-06-01 04:15:09
256.00,2,2025-06-01 04:15:10
1824.00,5,2025-06-01 04:15:11
288.00,4,2025-06-01 04:15:12
2448.00,3,2025-06-01 04:15:13
576.00,2,2025-06-01 04:15:14
1568.00,3,2025-06-01 04:15:15
912.00,4,2025-06-01 04:15:17
1216.00,4,2025-06-01 04:15:18
320.00,5,2025-06-01 04:15:19
864.00,3,2025-06-01 04:15:20
1824.00,5,2025-06-01 04:15:21
1200.00,2,2025-06-01 04:15:22
576.00,5,2025-06-01 04:15:23
1664.00,4,2025-06-01 04:15:24
448.00,4,2025-06-01 04:15:26
448.00,2,2025-06-01 04:15:27
864.00,5,2025-06-01 04:15:28
960.00,2,2025-06-01 04:15:29
256.00,1,2025-06-01 04:15:31
608.00,5,2025-06-01 04:15:32
1440.00,4,2025-06-01 04:15:33
608.00,1,2025-06-01 04:15:34
1120.00,4,2025-06-01 04:15:35
2336.00,3,2025-06-01 04:15:36
2048.00,2,2025-06-01 04:15:37
304.00,3,2025-06-01 04:15:38
1120.00,4,2025-06-01 04:15:39
1264.00,4,2025-06-01 04:15:41
256.00,2,2025-06-01 04:15:42
1200.00,3,2025-06-01 04:15:43
1360.00,5,2025-06-01 04:15:44
2016.00,2,2025-06-01 04:15:45
576.00,2,2025-06-01 04:15:46
992.00,3,2025-06-01 04:15:47
960.00,4,2025-06-01 04:15:48
1504.00,5,2025-06-01 04:15:49
1264.00,5,2025-06-01 04:15:50
192.00,3,2025-06-01 04:15:51
864.00,2,2025-06-01 04:15:53
512.00,1,2025-06-01 04:15:56
704.00,3,2025-06-01 04:15:58
304.00,2,2025-06-01 04:15:59
1120.00,1,2025-06-01 04:16:01
288.00,4,2025-06-01 04:16:02
1280.00,5,2025-06-01 04:16:03
800.00,3,2025-06-01 04:16:04
1472.00,4,2025-06-01 04:16:05
1888.00,4,2025-06-01 04:16:06
2112.00,5,2025-06-01 04:16:07
1632.00,1,2025-06-01 04:16:08
832.00,1,2025-06-01 04:16:09
1088.00,2,2025-06-01 04:16:11
1328.00,1,2025-06-01 04:16:12
1472.00,3,2025-06-01 04:16:13
1472.00,4,2025-06-01 04:16:15
288.00,2,2025-06-01 04:16:16
304.00,2,2025-06-01 04:16:19
512.00,3,2025-06-01 04:16:20
960.00,2,2025-06-01 04:16:21
672.00,3,2025-06-01 04:16:22
1264.00,4,2025-06-01 04:16:23
1376.00,1,2025-06-01 04:16:24
1984.00,3,2025-06-01 04:16:25
576.00,5,2025-06-01 04:16:26
320.00,5,2025-06-01 04:16:27
1136.00,2,2025-06-01 04:16:28
1184.00,3,2025-06-01 04:16:29
2160.00,3,2025-06-01 04:16:30
864.00,4,2025-06-01 04:16:31
1168.00,2,2025-06-01 04:16:34
912.00,2,2025-06-01 04:16:35
1440.00,5,2025-06-01 04:16:36
672.00,2,2025-06-01 04:16:37
2016.00,2,2025-06-01 04:16:39
1536.00,5,2025-06-01 04:16:40
1536.00,2,2025-06-01 04:16:41
1472.00,2,2025-06-01 04:16:42
704.00,1,2025-06-01 04:16:43
1056.00,4,2025-06-01 04:16:45
224.00,2,2025-06-01 04:16:46
864.00,2,2025-06-01 04:16:47
1088.00,3,2025-06-01 04:16:48
992.00,2,2025-06-01 04:16:49
576.00,5,2025-06-01 04:16:51
928.00,4,2025-06-01 04:16:52
1280.00,2,2025-06-01 04:16:53
448.00,4,2025-06-01 04:16:54
1280.00,2,2025-06-01 04:16:55
192.00,1,2025-06-01 04:16:56
1376.00,5,2025-06-01 04:16:57
960.00,5,2025-06-01 04:16:58
1280.00,5,2025-06-01 04:16:59
304.00,4,2025-06-01 04:17:00
1120.00,2,2025-06-01 04:17:01
1056.00,2,2025-06-01 04:17:02
768.00,2,2025-06-01 04:17:03
960.00,4,2025-06-01 04:17:05
576.00,5,2025-06-01 04:17:06
448.00,4,2025-06-01 04:17:07
1696.00,3,2025-06-01 04:17:08
1152.00,3,2025-06-01 04:17:09
688.00,1,2025-06-01 04:17:10
832.00,2,2025-06-01 04:17:11
1056.00,5,2025-06-01 04:17:12
1088.00,1,2025-06-01 04:17:13
1280.00,2,2025-06-01 04:17:14
576.00,3,2025-06-01 04:17:15
512.00,2,2025-06-01 04:17:16
448.00,2,2025-06-01 04:17:17
608.00,2,2025-06-01 04:17:18
544.00,1,2025-06-01 04:17:19
2352.00,1,2025-06-01 04:17:20
1056.00,4,2025-06-01 04:17:21
640.00,1,2025-06-01 04:17:22
832.00,1,2025-06-01 04:17:23
576.00,3,2025-06-01 04:17:24
960.00,2,2025-06-01 04:17:25
576.00,5,2025-06-01 04:17:27
1408.00,1,2025-06-01 04:17:28
1472.00,2,2025-06-01 04:17:29
576.00,4,2025-06-01 04:17:30
912.00,5,2025-06-01 04:17:31
1616.00,4,2025-06-01 04:17:32
768.00,5,2025-06-01 04:17:33
1376.00,4,2025-06-01 04:17:34
672.00,5,2025-06-01 04:17:35
1472.00,3,2025-06-01 04:17:36
640.00,5,2025-06-01 04:17:37
864.00,3,2025-06-01 04:17:41
864.00,5,2025-06-01 04:17:43
320.00,5,2025-06-01 04:17:44
576.00,2,2025-06-01 04:17:45
1248.00,5,2025-06-01 04:17:46
1760.00,5,2025-06-01 04:17:47
1280.00,3,2025-06-01 04:17:48
1760.00,5,2025-06-01 04:17:49
288.00,5,2025-06-01 04:17:51
1152.00,4,2025-06-01 04:17:52
512.00,5,2025-06-01 04:17:53
768.00,5,2025-06-01 04:17:55
480.00,3,2025-06-01 04:17:56
768.00,1,2025-06-01 04:17:58
256.00,5,2025-06-01 04:17:59
960.00,3,2025-06-01 04:18:00
1408.00,4,2025-06-01 04:18:01
992.00,3,2025-06-01 04:18:02
304.00,2,2025-06-01 04:18:03
256.00,2,2025-06-01 04:18:04
576.00,2,2025-06-01 04:18:05
1072.00,4,2025-06-01 04:18:06
864.00,5,2025-06-01 04:18:07
384.00,3,2025-06-01 04:18:08
960.00,1,2025-06-01 04:18:09
256.00,3,2025-06-01 04:18:11
288.00,3,2025-06-01 04:18:13
288.00,4,2025-06-01 04:18:14
288.00,1,2025-06-01 04:18:15
640.00,1,2025-06-01 04:18:17
896.00,1,2025-06-01 04:18:18
256.00,5,2025-06-01 04:18:21
192.00,3,2025-06-01 04:18:22
608.00,3,2025-06-01 04:18:23
864.00,1,2025-06-01 04:18:24
1440.00,5,2025-06-01 04:18:25
1632.00,2,2025-06-01 04:18:27
960.00,1,2025-06-01 04:18:28
448.00,1,2025-06-01 04:18:30
384.00,1,2025-06-01 04:18:31
1440.00,3,2025-06-01 04:18:33
2048.00,3,2025-06-01 04:18:34
1968.00,2,2025-06-01 04:18:35
1648.00,1,2025-06-01 04:18:36
864.00,1,2025-06-01 04:18:38
1760.00,3,2025-06-01 04:18:39
1344.00,4,2025-06-01 04:18:41
608.00,2,2025-06-01 04:18:42
672.00,5,2025-06-01 04:18:44
304.00,2,2025-06-01 04:18:45
1568.00,4,2025-06-01 04:18:47
768.00,2,2025-06-01 04:18:48
1248.00,3,2025-06-01 04:18:49
1456.00,4,2025-06-01 04:18:51
960.00,2,2025-06-01 04:18:52
864.00,1,2025-06-01 04:18:53
1440.00,3,2025-06-01 04:18:54
1184.00,4,2025-06-01 04:18:55
1264.00,1,2025-06-01 04:18:56
512.00,2,2025-06-01 04:18:58
1408.00,5,2025-06-01 04:19:01
640.00,2,2025-06-01 04:19:02
1168.00,2,2025-06-01 04:19:03
320.00,1,2025-06-01 04:19:04
1504.00,5,2025-06-01 04:19:06
960.00,2,2025-06-01 04:19:07
1216.00,2,2025-06-01 04:19:08
1920.00,1,2025-06-01 04:19:10
1152.00,3,2025-06-01 04:19:11
1408.00,1,2025-06-01 04:19:12
1776.00,4,2025-06-01 04:19:13
576.00,1,2025-06-01 04:19:14
320.00,3,2025-06-01 04:19:15
2304.00,1,2025-06-01 04:19:16
928.00,5,2025-06-01 04:19:17
320.00,3,2025-06-01 04:19:18
1680.00,2,2025-06-01 04:19:19
704.00,3,2025-06-01 04:19:21
256.00,4,2025-06-01 04:19:22
320.00,1,2025-06-01 04:19:24
912.00,2,2025-06-01 04:19:25
2640.00,4,2025-06-01 04:19:26
768.00,2,2025-06-01 04:19:27
1280.00,5,2025-06-01 04:19:28
256.00,2,2025-06-01 04:19:29
1024.00,1,2025-06-01 04:19:30
288.00,3,2025-06-01 04:19:31
816.00,5,2025-06-01 04:19:32
1680.00,1,2025-06-01 04:19:33
512.00,5,2025-06-01 04:19:34
1424.00,5,2025-06-01 04:19:35
1824.00,5,2025-06-01 04:19:36
1216.00,4,2025-06-01 04:19:37
512.00,1,2025-06-01 04:19:38
1440.00,1,2025-06-01 04:19:40
1344.00,4,2025-06-01 04:19:41
1632.00,3,2025-06-01 04:19:42
512.00,5,2025-06-01 04:19:43
608.00,5,2025-06-01 04:19:44
912.00,1,2025-06-01 04:19:45
768.00,3,2025-06-01 04:19:46
912.00,5,2025-06-01 04:19:47
1248.00,1,2025-06-01 04:19:48
1088.00,2,2025-06-01 04:19:49
1664.00,2,2025-06-01 04:19:50
1296.00,2,2025-06-01 04:19:51
1296.00,2,2025-06-01 04:19:52
992.00,5,2025-06-01 04:19:53
1504.00,5,2025-06-01 04:19:54
1344.00,2,2025-06-01 04:19:56
1024.00,4,2025-06-01 04:19:57
576.00,3,2025-06-01 04:20:00
800.00,1,2025-06-01 04:20:01
1440.00,2,2025-06-01 04:20:02
1760.00,4,2025-06-01 04:20:03
512.00,4,2025-06-01 04:20:04
864.00,5,2025-06-01 04:20:05
832.00,3,2025-06-01 04:20:06
1792.00,2,2025-06-01 04:20:07
864.00,2,2025-06-01 04:20:08
288.00,4,2025-06-01 04:20:10
192.00,2,2025-06-01 04:20:11
1568.00,4,2025-06-01 04:20:12
672.00,5,2025-06-01 04:20:13
1744.00,5,2025-06-01 04:20:14
544.00,3,2025-06-01 04:20:15
576.00,2,2025-06-01 04:20:16
1344.00,5,2025-06-01 04:20:17
2208.00,1,2025-06-01 04:20:18
256.00,5,2025-06-01 04:20:19
1152.00,5,2025-06-01 04:20:20
1424.00,1,2025-06-01 04:20:21
1712.00,3,2025-06-01 04:20:24
320.00,1,2025-06-01 04:20:25
1024.00,2,2025-06-01 04:20:26
1280.00,2,2025-06-01 04:20:27
1440.00,2,2025-06-01 04:20:28
1056.00,1,2025-06-01 04:20:29
224.00,2,2025-06-01 04:20:32
864.00,5,2025-06-01 04:20:33
768.00,3,2025-06-01 04:20:34
768.00,1,2025-06-01 04:20:36
864.00,3,2025-06-01 04:20:38
1536.00,1,2025-06-01 04:20:39
1344.00,5,2025-06-01 04:20:40
416.00,2,2025-06-01 04:20:41
2016.00,4,2025-06-01 04:20:43
560.00,2,2025-06-01 04:20:44
912.00,1,2025-06-01 04:20:45
1024.00,2,2025-06-01 04:20:46
896.00,5,2025-06-01 04:20:48
880.00,1,2025-06-01 04:20:49
608.00,1,2025-06-01 04:20:50
1296.00,1,2025-06-01 04:20:51
512.00,5,2025-06-01 04:20:52
640.00,4,2025-06-01 04:20:53
736.00,3,2025-06-01 04:20:54
736.00,5,2025-06-01 04:20:55
1872.00,3,2025-06-01 04:20:56
1024.00,3,2025-06-01 04:20:57
288.00,3,2025-06-01 04:20:58
192.00,4,2025-06-01 04:20:59
544.00,2,2025-06-01 04:21:00
672.00,2,2025-06-01 04:21:01
1104.00,2,2025-06-01 04:21:02
480.00,5,2025-06-01 04:21:03
224.00,1,2025-06-01 04:21:04
1184.00,5,2025-06-01 04:21:06
384.00,4,2025-06-01 04:21:07
2048.00,4,2025-06-01 04:21:08
288.00,1,2025-06-01 04:21:09
1088.00,3,2025-06-01 04:21:10
1936.00,2,2025-06-01 04:21:11
480.00,3,2025-06-01 04:21:12
1920.00,1,2025-06-01 04:21:13
832.00,5,2025-06-01 04:21:14
768.00,5,2025-06-01 04:21:15
2000.00,4,2025-06-01 04:21:16
576.00,2,2025-06-01 04:21:17
1680.00,4,2025-06-01 04:21:18
384.00,1,2025-06-01 04:21:19
1280.00,1,2025-06-01 04:21:20
928.00,1,2025-06-01 04:21:21
320.00,5,2025-06-01 04:21:22
1152.00,1,2025-06-01 04:21:23
800.00,4,2025-06-01 04:21:24
832.00,1,2025-06-01 04:21:25
1088.00,3,2025-06-01 04:21:26
768.00,1,2025-06-01 04:21:27
816.00,1,2025-06-01 04:21:28
1344.00,3,2025-06-01 04:21:29
1344.00,3,2025-06-01 04:21:31
768.00,2,2025-06-01 04:21:32
1088.00,4,2025-06-01 04:21:33
1088.00,5,2025-06-01 04:21:34
256.00,5,2025-06-01 04:21:35
880.00,4,2025-06-01 04:21:36
1040.00,1,2025-06-01 04:21:37
768.00,4,2025-06-01 04:21:39
1536.00,3,2025-06-01 04:21:40
1152.00,2,2025-06-01 04:21:41
256.00,3,2025-06-01 04:21:42
800.00,5,2025-06-01 04:21:43
224.00,3,2025-06-01 04:21:44
768.00,5,2025-06-01 04:21:45
1712.00,1,2025-06-01 04:21:46
512.00,3,2025-06-01 04:21:48
768.00,5,2025-06-01 04:21:49
2176.00,3,2025-06-01 04:21:50
672.00,2,2025-06-01 04:21:51
288.00,3,2025-06-01 04:21:52
912.00,2,2025-06-01 04:21:53
960.00,3,2025-06-01 04:21:54
1696.00,1,2025-06-01 04:21:55
1344.00,4,2025-06-01 04:21:56
2208.00,2,2025-06-01 04:21:57
256.00,3,2025-06-01 04:21:58
1120.00,5,2025-06-01 04:22:00
912.00,5,2025-06-01 04:22:01
2128.00,1,2025-06-01 04:22:02
768.00,4,2025-06-01 04:22:03
736.00,5,2025-06-01 04:22:04
576.00,4,2025-06-01 04:22:05
1184.00,2,2025-06-01 04:22:06
864.00,2,2025-06-01 04:22:08
864.00,3,2025-06-01 04:22:09
2032.00,1,2025-06-01 04:22:11
1248.00,4,2025-06-01 04:22:12
2048.00,3,2025-06-01 04:22:13
912.00,2,2025-06-01 04:22:14
1568.00,5,2025-06-01 04:22:15
896.00,3,2025-06-01 04:22:16
1760.00,2,2025-06-01 04:22:17
1120.00,5,2025-06-01 04:22:18
224.00,5,2025-06-01 04:22:19
960.00,2,2025-06-01 04:22:20
1152.00,2,2025-06-01 04:22:22
960.00,5,2025-06-01 04:22:23
800.00,3,2025-06-01 04:22:26
1408.00,4,2025-06-01 04:22:27
768.00,1,2025-06-01 04:22:28
512.00,3,2025-06-01 04:22:30
1504.00,4,2025-06-01 04:22:31
800.00,5,2025-06-01 04:22:32
896.00,5,2025-06-01 04:22:33
768.00,3,2025-06-01 04:22:36
1952.00,4,2025-06-01 04:22:37
880.00,3,2025-06-01 04:22:39
1072.00,4,2025-06-01 04:22:42
960.00,4,2025-06-01 04:22:43
1280.00,5,2025-06-01 04:22:44
640.00,3,2025-06-01 04:22:45
896.00,4,2025-06-01 04:22:46
768.00,3,2025-06-01 04:22:48
304.00,3,2025-06-01 04:22:49
1824.00,2,2025-06-01 04:22:50
1488.00,1,2025-06-01 04:22:51
320.00,4,2025-06-01 04:22:53
1520.00,3,2025-06-01 04:22:54
1696.00,3,2025-06-01 04:22:55
672.00,2,2025-06-01 04:22:56
960.00,3,2025-06-01 04:22:57
1696.00,2,2025-06-01 04:22:58
304.00,1,2025-06-01 04:22:59
608.00,3,2025-06-01 04:23:00
768.00,3,2025-06-01 04:23:02
1088.00,1,2025-06-01 04:23:03
1504.00,1,2025-06-01 04:23:04
256.00,4,2025-06-01 04:23:05
1120.00,2,2025-06-01 04:23:07
1472.00,4,2025-06-01 04:23:08
2176.00,2,2025-06-01 04:23:09
256.00,3,2025-06-01 04:23:10
1200.00,4,2025-06-01 04:23:11
1632.00,5,2025-06-01 04:23:12
832.00,2,2025-06-01 04:23:13
1280.00,3,2025-06-01 04:23:14
1456.00,1,2025-06-01 04:23:16
1728.00,4,2025-06-01 04:23:18
1216.00,5,2025-06-01 04:23:19
1648.00,5,2025-06-01 04:23:20
1488.00,3,2025-06-01 04:23:21
1552.00,2,2025-06-01 04:23:22
896.00,4,2025-06-01 04:23:23
288.00,5,2025-06-01 04:23:24
576.00,5,2025-06-01 04:23:25
1216.00,2,2025-06-01 04:23:26
448.00,4,2025-06-01 04:23:28
1856.00,5,2025-06-01 04:23:29
1104.00,5,2025-06-01 04:23:30
912.00,2,2025-06-01 04:23:31
2016.00,2,2025-06-01 04:23:32
2208.00,4,2025-06-01 04:23:33
608.00,3,2025-06-01 04:23:34
2112.00,4,2025-06-01 04:23:35
1824.00,3,2025-06-01 04:23:37
1568.00,1,2025-06-01 04:23:38
1680.00,3,2025-06-01 04:23:39
1344.00,5,2025-06-01 04:23:40
1344.00,3,2025-06-01 04:23:41
576.00,4,2025-06-01 04:23:42
640.00,4,2025-06-01 04:23:43
304.00,1,2025-06-01 04:23:44
1296.00,5,2025-06-01 04:23:45
1680.00,5,2025-06-01 04:23:46
1056.00,3,2025-06-01 04:23:47
1408.00,1,2025-06-01 04:23:48
1536.00,5,2025-06-01 04:23:52
832.00,5,2025-06-01 04:23:53
1600.00,4,2025-06-01 04:23:54
1056.00,5,2025-06-01 04:23:56
704.00,4,2025-06-01 04:23:57
512.00,4,2025-06-01 04:23:58
1344.00,3,2025-06-01 04:23:59
2112.00,5,2025-06-01 04:24:01
1216.00,2,2025-06-01 04:24:03
1088.00,4,2025-06-01 04:24:05
1088.00,2,2025-06-01 04:24:06
1536.00,5,2025-06-01 04:24:09
1728.00,1,2025-06-01 04:24:10
512.00,5,2025-06-01 04:24:11
2016.00,5,2025-06-01 04:24:12
1184.00,3,2025-06-01 04:24:13
1440.00,2,2025-06-01 04:24:15
864.00,5,2025-06-01 04:24:19
912.00,2,2025-06-01 04:24:20
1440.00,1,2025-06-01 04:24:21
256.00,3,2025-06-01 04:24:22
864.00,3,2025-06-01 04:24:24
1280.00,1,2025-06-01 04:24:25
640.00,2,2025-06-01 04:24:26
1376.00,4,2025-06-01 04:24:27
912.00,1,2025-06-01 04:24:28
1344.00,5,2025-06-01 04:24:29
448.00,2,2025-06-01 04:24:30
1920.00,1,2025-06-01 04:24:31
800.00,5,2025-06-01 04:24:32
320.00,4,2025-06-01 04:24:33
2096.00,1,2025-06-01 04:24:34
1504.00,2,2025-06-01 04:24:35
256.00,2,2025-06-01 04:24:36
304.00,4,2025-06-01 04:24:37
768.00,2,2025-06-01 04:24:38
576.00,3,2025-06-01 04:24:40
736.00,4,2025-06-01 04:24:41
528.00,3,2025-06-01 04:24:42
768.00,3,2025-06-01 04:24:43
1504.00,1,2025-06-01 04:24:44
512.00,1,2025-06-01 04:24:45
1616.00,3,2025-06-01 04:24:46
288.00,5,2025-06-01 04:24:47
1696.00,2,2025-06-01 04:24:48
1056.00,4,2025-06-01 04:24:49
480.00,3,2025-06-01 04:24:50
1440.00,5,2025-06-01 04:24:53
928.00,5,2025-06-01 04:24:54
1120.00,5,2025-06-01 04:24:55
640.00,3,2025-06-01 04:24:57
2496.00,1,2025-06-01 04:24:58
832.00,2,2025-06-01 04:24:59
864.00,4,2025-06-01 04:25:00
1088.00,5,2025-06-01 04:25:01
800.00,4,2025-06-01 04:25:02
768.00,3,2025-06-01 04:25:03
864.00,2,2025-06-01 04:25:04
1424.00,4,2025-06-01 04:25:05
1408.00,5,2025-06-01 04:25:06
576.00,4,2025-06-01 04:25:07
1824.00,5,2025-06-01 04:25:08
1568.00,4,2025-06-01 04:25:09
256.00,3,2025-06-01 04:25:10
1440.00,5,2025-06-01 04:25:11
192.00,3,2025-06-01 04:25:12
1024.00,2,2025-06-01 04:25:13
1216.00,4,2025-06-01 04:25:14
384.00,5,2025-06-01 04:25:17
1904.00,1,2025-06-01 04:25:18
1760.00,2,2025-06-01 04:25:19
576.00,5,2025-06-01 04:25:20
512.00,2,2025-06-01 04:25:21
1920.00,2,2025-06-01 04:25:22
736.00,4,2025-06-01 04:25:23
640.00,4,2025-06-01 04:25:24
288.00,5,2025-06-01 04:25:25
1152.00,3,2025-06-01 04:25:26
768.00,4,2025-06-01 04:25:27
576.00,2,2025-06-01 04:25:28
768.00,1,2025-06-01 04:25:30
896.00,4,2025-06-01 04:25:31
1632.00,3,2025-06-01 04:25:32
1856.00,2,2025-06-01 04:25:34
448.00,5,2025-06-01 04:25:35
1760.00,2,2025-06-01 04:25:36
1200.00,3,2025-06-01 04:25:37
1664.00,4,2025-06-01 04:25:38
2064.00,3,2025-06-01 04:25:39
1728.00,1,2025-06-01 04:25:40
928.00,1,2025-06-01 04:25:41
576.00,4,2025-06-01 04:25:42
448.00,5,2025-06-01 04:25:43
1824.00,5,2025-06-01 04:25:44
1664.00,2,2025-06-01 04:25:45
1408.00,4,2025-06-01 04:25:46
384.00,3,2025-06-01 04:25:47
1568.00,1,2025-06-01 04:25:48
1504.00,2,2025-06-01 04:25:50
1632.00,1,2025-06-01 04:25:51
880.00,5,2025-06-01 04:25:53
960.00,4,2025-06-01 04:25:54
1024.00,4,2025-06-01 04:25:55
912.00,3,2025-06-01 04:25:56
576.00,1,2025-06-01 04:25:58
1776.00,4,2025-06-01 04:25:59
1344.00,1,2025-06-01 04:26:00
1600.00,1,2025-06-01 04:26:01
256.00,4,2025-06-01 04:26:04
1376.00,1,2025-06-01 04:26:05
1632.00,4,2025-06-01 04:26:06
896.00,4,2025-06-01 04:26:07
256.00,1,2025-06-01 04:26:08
1152.00,5,2025-06-01 04:26:09
288.00,3,2025-06-01 04:26:10
768.00,2,2025-06-01 04:26:11
960.00,1,2025-06-01 04:26:12
1152.00,4,2025-06-01 04:26:14
1536.00,3,2025-06-01 04:26:15
1808.00,1,2025-06-01 04:26:16
1760.00,4,2025-06-01 04:26:17
864.00,1,2025-06-01 04:26:18
1248.00,3,2025-06-01 04:26:19
512.00,4,2025-06-01 04:26:20
1824.00,4,2025-06-01 04:26:21
864.00,4,2025-06-01 04:26:22
1824.00,4,2025-06-01 04:26:24
960.00,1,2025-06-01 04:26:25
1888.00,4,2025-06-01 04:26:27
960.00,3,2025-06-01 04:26:28
1296.00,4,2025-06-01 04:26:29
2000.00,1,2025-06-01 04:26:30
2400.00,1,2025-06-01 04:26:31
1728.00,1,2025-06-01 04:26:32
576.00,2,2025-06-01 04:26:33
1056.00,3,2025-06-01 04:26:35
1536.00,2,2025-06-01 04:26:39
768.00,4,2025-06-01 04:26:40
1856.00,2,2025-06-01 04:26:41
1440.00,1,2025-06-01 04:26:42
864.00,5,2025-06-01 04:26:43
1248.00,2,2025-06-01 04:26:44
800.00,5,2025-06-01 04:26:45
640.00,5,2025-06-01 04:26:46
1088.00,1,2025-06-01 04:26:47
1376.00,5,2025-06-01 04:26:48
1440.00,5,2025-06-01 04:26:49
864.00,1,2025-06-01 04:26:50
1392.00,5,2025-06-01 04:26:51
1824.00,4,2025-06-01 04:26:52
832.00,2,2025-06-01 04:26:53
672.00,1,2025-06-01 04:26:54
2048.00,4,2025-06-01 04:26:55
2048.00,1,2025-06-01 04:26:56
1440.00,1,2025-06-01 04:26:58
1440.00,5,2025-06-01 04:26:59
928.00,4,2025-06-01 04:27:01
2176.00,4,2025-06-01 04:27:02
1760.00,2,2025-06-01 04:27:05
1952.00,2,2025-06-01 04:27:06
1376.00,5,2025-06-01 04:27:09
2176.00,3,2025-06-01 04:27:10
2016.00,3,2025-06-01 04:27:11
1552.00,4,2025-06-01 04:27:12
1312.00,2,2025-06-01 04:27:13
304.00,2,2025-06-01 04:27:14
912.00,2,2025-06-01 04:27:15
672.00,5,2025-06-01 04:27:17
864.00,4,2025-06-01 04:27:19
288.00,4,2025-06-01 04:27:20
1504.00,3,2025-06-01 04:27:21
288.00,2,2025-06-01 04:27:22
1184.00,2,2025-06-01 04:27:23
864.00,5,2025-06-01 04:27:24
1536.00,4,2025-06-01 04:27:25
1440.00,2,2025-06-01 04:27:26
960.00,1,2025-06-01 04:27:27
912.00,4,2025-06-01 04:27:28
256.00,3,2025-06-01 04:27:29
880.00,2,2025-06-01 04:27:30
288.00,5,2025-06-01 04:27:31
864.00,5,2025-06-01 04:27:32
1600.00,5,2025-06-01 04:27:34
768.00,3,2025-06-01 04:27:36
864.00,4,2025-06-01 04:27:37
384.00,2,2025-06-01 04:27:39
912.00,5,2025-06-01 04:27:40
576.00,5,2025-06-01 04:27:41
224.00,5,2025-06-01 04:27:43
1760.00,5,2025-06-01 04:27:44
1120.00,2,2025-06-01 04:27:45
992.00,3,2025-06-01 04:27:46
1600.00,4,2025-06-01 04:27:47
512.00,3,2025-06-01 04:27:48
592.00,5,2025-06-01 04:27:49
576.00,4,2025-06-01 04:27:51
816.00,4,2025-06-01 04:27:52
1792.00,5,2025-06-01 04:27:53
576.00,5,2025-06-01 04:27:54
1120.00,2,2025-06-01 04:27:55
576.00,2,2025-06-01 04:27:56
1568.00,1,2025-06-01 04:27:57
304.00,1,2025-06-01 04:27:58
384.00,3,2025-06-01 04:27:59
960.00,3,2025-06-01 04:28:00
1184.00,4,2025-06-01 04:28:01
672.00,4,2025-06-01 04:28:02
864.00,2,2025-06-01 04:28:03
704.00,2,2025-06-01 04:28:04
1696.00,5,2025-06-01 04:28:05
608.00,5,2025-06-01 04:28:07
1024.00,4,2025-06-01 04:28:08
960.00,2,2025-06-01 04:28:09
768.00,5,2025-06-01 04:28:11
1664.00,1,2025-06-01 04:28:12
416.00,3,2025-06-01 04:28:13
960.00,4,2025-06-01 04:28:14
2016.00,1,2025-06-01 04:28:15
304.00,1,2025-06-01 04:28:18
1024.00,4,2025-06-01 04:28:19
1504.00,2,2025-06-01 04:28:20
1792.00,4,2025-06-01 04:28:22
768.00,5,2025-06-01 04:28:23
576.00,4,2025-06-01 04:28:25
288.00,2,2025-06-01 04:28:26
1456.00,5,2025-06-01 04:28:27
896.00,4,2025-06-01 04:28:29
256.00,1,2025-06-01 04:28:31
1264.00,4,2025-06-01 04:28:32
576.00,1,2025-06-01 04:28:33
576.00,3,2025-06-01 04:28:34
896.00,5,2025-06-01 04:28:35
192.00,1,2025-06-01 04:28:36
2112.00,5,2025-06-01 04:28:37
1296.00,4,2025-06-01 04:28:38
2112.00,3,2025-06-01 04:28:39
1872.00,2,2025-06-01 04:28:40
2352.00,5,2025-06-01 04:28:41
1536.00,3,2025-06-01 04:28:42
1344.00,4,2025-06-01 04:28:43
1824.00,4,2025-06-01 04:28:44
640.00,4,2025-06-01 04:28:45
768.00,1,2025-06-01 04:28:46
1248.00,4,2025-06-01 04:28:47
1344.00,1,2025-06-01 04:28:48
448.00,5,2025-06-01 04:28:49
576.00,4,2025-06-01 04:28:50
2096.00,5,2025-06-01 04:28:51
512.00,5,2025-06-01 04:28:52
224.00,2,2025-06-01 04:28:54
1856.00,4,2025-06-01 04:28:55
752.00,1,2025-06-01 04:28:56
1536.00,4,2025-06-01 04:28:57
576.00,5,2025-06-01 04:28:59
640.00,1,2025-06-01 04:29:00
1888.00,2,2025-06-01 04:29:01
672.00,5,2025-06-01 04:29:02
256.00,4,2025-06-01 04:29:03
1024.00,5,2025-06-01 04:29:04
1728.00,5,2025-06-01 04:29:06
992.00,1,2025-06-01 04:29:07
1568.00,1,2025-06-01 04:29:08
256.00,2,2025-06-01 04:29:09
1024.00,2,2025-06-01 04:29:10
1280.00,3,2025-06-01 04:29:12
1408.00,4,2025-06-01 04:29:13
544.00,1,2025-06-01 04:29:14
1888.00,1,2025-06-01 04:29:15
576.00,2,2025-06-01 04:29:16
512.00,4,2025-06-01 04:29:17
192.00,3,2025-06-01 04:29:18
1312.00,2,2025-06-01 04:29:19
256.00,2,2025-06-01 04:29:20
768.00,4,2025-06-01 04:29:21
1472.00,5,2025-06-01 04:29:22
288.00,4,2025-06-01 04:29:23
672.00,4,2025-06-01 04:29:24
864.00,5,2025-06-01 04:29:25
960.00,3,2025-06-01 04:29:26
2224.00,2,2025-06-01 04:29:27
224.00,1,2025-06-01 04:29:28
1248.00,2,2025-06-01 04:29:29
1888.00,1,2025-06-01 04:29:30
1440.00,5,2025-06-01 04:29:31
2304.00,5,2025-06-01 04:29:32
1280.00,1,2025-06-01 04:29:33
832.00,3,2025-06-01 04:29:34
768.00,1,2025-06-01 04:29:36
1376.00,3,2025-06-01 04:29:37
640.00,3,2025-06-01 04:29:38
864.00,3,2025-06-01 04:29:39
1872.00,4,2025-06-01 04:29:41
2240.00,1,2025-06-01 04:29:42
1344.00,4,2025-06-01 04:29:43
1664.00,1,2025-06-01 04:29:44
2144.00,1,2025-06-01 04:29:45
576.00,4,2025-06-01 04:29:46
832.00,3,2025-06-01 04:29:47
384.00,5,2025-06-01 04:29:48
1920.00,4,2025-06-01 04:29:49
288.00,2,2025-06-01 04:29:51
1504.00,1,2025-06-01 04:29:53
1408.00,5,2025-06-01 04:29:54
768.00,2,2025-06-01 04:29:57
1248.00,2,2025-06-01 04:29:59
1120.00,1,2025-06-01 04:30:00
1248.00,3,2025-06-01 04:30:01
192.00,1,2025-06-01 04:30:02
1424.00,4,2025-06-01 04:30:03
416.00,4,2025-06-01 04:30:05
1152.00,4,2025-06-01 04:30:06
1216.00,4,2025-06-01 04:30:08
2080.00,1,2025-06-01 04:30:10
1088.00,3,2025-06-01 04:30:11
288.00,4,2025-06-01 04:30:12
384.00,4,2025-06-01 04:30:13
1088.00,4,2025-06-01 04:30:14
608.00,5,2025-06-01 04:30:15
320.00,1,2025-06-01 04:30:16
1664.00,2,2025-06-01 04:30:17
1376.00,5,2025-06-01 04:30:18
448.00,3,2025-06-01 04:30:19
256.00,2,2025-06-01 04:30:20
576.00,3,2025-06-01 04:30:21
1792.00,3,2025-06-01 04:30:22
864.00,4,2025-06-01 04:30:23
864.00,2,2025-06-01 04:30:24
768.00,3,2025-06-01 04:30:25
2048.00,5,2025-06-01 04:30:26
1424.00,1,2025-06-01 04:30:29
752.00,3,2025-06-01 04:30:30
1168.00,4,2025-06-01 04:30:31
2080.00,2,2025-06-01 04:30:32
1568.00,5,2025-06-01 04:30:33
1920.00,2,2025-06-01 04:30:34
1392.00,2,2025-06-01 04:30:35
288.00,3,2025-06-01 04:30:36
256.00,2,2025-06-01 04:30:37
320.00,5,2025-06-01 04:30:38
800.00,3,2025-06-01 04:30:41
1248.00,4,2025-06-01 04:30:42
1376.00,2,2025-06-01 04:30:44
256.00,2,2025-06-01 04:30:45
576.00,4,2025-06-01 04:30:46
704.00,3,2025-06-01 04:30:48
816.00,1,2025-06-01 04:30:49
1152.00,3,2025-06-01 04:30:50
1760.00,4,2025-06-01 04:30:51
1056.00,3,2025-06-01 04:30:52
2128.00,5,2025-06-01 04:30:53
576.00,2,2025-06-01 04:30:54
864.00,4,2025-06-01 04:30:57
768.00,4,2025-06-01 04:30:58
2128.00,1,2025-06-01 04:30:59
224.00,1,2025-06-01 04:31:00
1440.00,1,2025-06-01 04:31:01
1088.00,2,2025-06-01 04:31:02
1472.00,5,2025-06-01 04:31:03
288.00,2,2025-06-01 04:31:04
768.00,5,2025-06-01 04:31:05
1456.00,2,2025-06-01 04:31:06
1440.00,4,2025-06-01 04:31:07
2496.00,2,2025-06-01 04:31:08
2192.00,3,2025-06-01 04:31:10
1600.00,5,2025-06-01 04:31:11
1872.00,1,2025-06-01 04:31:12
864.00,1,2025-06-01 04:31:13
512.00,2,2025-06-01 04:31:14
768.00,1,2025-06-01 04:31:15
1600.00,3,2025-06-01 04:31:16
1536.00,1,2025-06-01 04:31:17
672.00,2,2025-06-01 04:31:18
1120.00,1,2025-06-01 04:31:19
1152.00,4,2025-06-01 04:31:20
1552.00,4,2025-06-01 04:31:21
912.00,2,2025-06-01 04:31:22
672.00,4,2025-06-01 04:31:23
768.00,1,2025-06-01 04:31:24
768.00,5,2025-06-01 04:31:25
640.00,4,2025-06-01 04:31:26
896.00,3,2025-06-01 04:31:27
576.00,4,2025-06-01 04:31:28
576.00,4,2025-06-01 04:31:29
1872.00,5,2025-06-01 04:31:30
864.00,2,2025-06-01 04:31:31
576.00,5,2025-06-01 04:31:32
1120.00,3,2025-06-01 04:31:33
608.00,1,2025-06-01 04:31:35
256.00,1,2025-06-01 04:31:36
1664.00,5,2025-06-01 04:31:37
224.00,4,2025-06-01 04:31:38
1744.00,5,2025-06-01 04:31:39
1888.00,5,2025-06-01 04:31:41
1472.00,1,2025-06-01 04:31:42
864.00,1,2025-06-01 04:31:43
1408.00,5,2025-06-01 04:31:44
1344.00,1,2025-06-01 04:31:46
256.00,1,2025-06-01 04:31:49
1920.00,2,2025-06-01 04:31:50
864.00,1,2025-06-01 04:31:51
864.00,1,2025-06-01 04:31:52
1824.00,2,2025-06-01 04:31:53
576.00,5,2025-06-01 04:31:54
2080.00,5,2025-06-01 04:31:55
576.00,1,2025-06-01 04:31:56
1504.00,3,2025-06-01 04:31:57
640.00,2,2025-06-01 04:31:58
1024.00,5,2025-06-01 04:32:01
1712.00,2,2025-06-01 04:32:02
1248.00,1,2025-06-01 04:32:03
1184.00,5,2025-06-01 04:32:04
864.00,1,2025-06-01 04:32:05
224.00,1,2025-06-01 04:32:06
1088.00,3,2025-06-01 04:32:07
960.00,4,2025-06-01 04:32:09
768.00,2,2025-06-01 04:32:10
2096.00,2,2025-06-01 04:32:11
912.00,3,2025-06-01 04:32:12
896.00,1,2025-06-01 04:32:16
1440.00,4,2025-06-01 04:32:17
1600.00,1,2025-06-01 04:32:19
1440.00,1,2025-06-01 04:32:20
608.00,3,2025-06-01 04:32:22
512.00,1,2025-06-01 04:32:23
1184.00,2,2025-06-01 04:32:24
896.00,2,2025-06-01 04:32:25
512.00,5,2025-06-01 04:32:27
1728.00,4,2025-06-01 04:32:28
768.00,4,2025-06-01 04:32:29
1344.00,5,2025-06-01 04:32:30
896.00,5,2025-06-01 04:32:33
1792.00,5,2025-06-01 04:32:34
1472.00,2,2025-06-01 04:32:35
448.00,1,2025-06-01 04:32:36
992.00,4,2025-06-01 04:32:37
288.00,3,2025-06-01 04:32:38
1280.00,4,2025-06-01 04:32:39
1920.00,4,2025-06-01 04:32:40
1280.00,5,2025-06-01 04:32:41
256.00,4,2025-06-01 04:32:42
1872.00,5,2025-06-01 04:32:43
608.00,2,2025-06-01 04:32:44
192.00,4,2025-06-01 04:32:45
832.00,5,2025-06-01 04:32:46
288.00,2,2025-06-01 04:32:47
1248.00,2,2025-06-01 04:32:49
1632.00,5,2025-06-01 04:32:50
2304.00,1,2025-06-01 04:32:51
1344.00,1,2025-06-01 04:32:52
960.00,1,2025-06-01 04:32:53
768.00,1,2025-06-01 04:32:54
1664.00,1,2025-06-01 04:32:55
960.00,3,2025-06-01 04:32:56
912.00,3,2025-06-01 04:32:57
1472.00,1,2025-06-01 04:32:59
912.00,2,2025-06-01 04:33:00
1440.00,5,2025-06-01 04:33:01
1312.00,3,2025-06-01 04:33:02
1344.00,5,2025-06-01 04:33:03
512.00,4,2025-06-01 04:33:04
1664.00,3,2025-06-01 04:33:05
1184.00,2,2025-06-01 04:33:06
320.00,2,2025-06-01 04:33:07
1424.00,4,2025-06-01 04:33:08
1456.00,1,2025-06-01 04:33:09
384.00,2,2025-06-01 04:33:10
1216.00,5,2025-06-01 04:33:11
1264.00,1,2025-06-01 04:33:12
192.00,3,2025-06-01 04:33:13
960.00,1,2025-06-01 04:33:14
864.00,1,2025-06-01 04:33:15
192.00,2,2025-06-01 04:33:16
512.00,4,2025-06-01 04:33:18
800.00,1,2025-06-01 04:33:19
992.00,5,2025-06-01 04:33:20
1504.00,2,2025-06-01 04:33:21
704.00,2,2025-06-01 04:33:23
1344.00,1,2025-06-01 04:33:24
320.00,4,2025-06-01 04:33:25
1728.00,3,2025-06-01 04:33:26
704.00,1,2025-06-01 04:33:28
1440.00,1,2025-06-01 04:33:29
608.00,1,2025-06-01 04:33:30
576.00,2,2025-06-01 04:33:32
1824.00,2,2025-06-01 04:33:33
976.00,4,2025-06-01 04:33:34
992.00,2,2025-06-01 04:33:35
1280.00,4,2025-06-01 04:33:36
1280.00,1,2025-06-01 04:33:37
1536.00,4,2025-06-01 04:33:39
1280.00,5,2025-06-01 04:33:40
512.00,3,2025-06-01 04:33:41
928.00,3,2025-06-01 04:33:42
640.00,4,2025-06-01 04:33:43
960.00,3,2025-06-01 04:33:44
896.00,4,2025-06-01 04:33:45
224.00,3,2025-06-01 04:33:46
944.00,3,2025-06-01 04:33:47
1472.00,1,2025-06-01 04:33:48
768.00,4,2025-06-01 04:33:49
1216.00,1,2025-06-01 04:33:50
1088.00,5,2025-06-01 04:33:52
384.00,4,2025-06-01 04:33:53
1504.00,4,2025-06-01 04:33:54
448.00,4,2025-06-01 04:33:55
1152.00,1,2025-06-01 04:33:56
1760.00,4,2025-06-01 04:33:57
480.00,3,2025-06-01 04:33:59
1056.00,3,2025-06-01 04:34:01
288.00,4,2025-06-01 04:34:02
288.00,5,2025-06-01 04:34:03
896.00,1,2025-06-01 04:34:04
2016.00,5,2025-06-01 04:34:05
1152.00,2,2025-06-01 04:34:06
1904.00,2,2025-06-01 04:34:07
1488.00,5,2025-06-01 04:34:08
1984.00,4,2025-06-01 04:34:09
672.00,3,2025-06-01 04:34:10
1152.00,2,2025-06-01 04:34:11
912.00,5,2025-06-01 04:34:12
2480.00,2,2025-06-01 04:34:13
1120.00,1,2025-06-01 04:34:14
1568.00,2,2025-06-01 04:34:15
1248.00,2,2025-06-01 04:34:16
1152.00,2,2025-06-01 04:34:18
384.00,3,2025-06-01 04:34:19
224.00,1,2025-06-01 04:34:20
640.00,4,2025-06-01 04:34:21
1952.00,3,2025-06-01 04:34:23
1728.00,2,2025-06-01 04:34:24
480.00,4,2025-06-01 04:34:27
1088.00,5,2025-06-01 04:34:28
1504.00,4,2025-06-01 04:34:29
1440.00,2,2025-06-01 04:34:30
1120.00,1,2025-06-01 04:34:31
912.00,3,2025-06-01 04:34:32
1120.00,3,2025-06-01 04:34:33
224.00,5,2025-06-01 04:34:34
1168.00,1,2025-06-01 04:34:36
576.00,5,2025-06-01 04:34:37
992.00,4,2025-06-01 04:34:38
224.00,1,2025-06-01 04:34:39
1120.00,4,2025-06-01 04:34:40
864.00,5,2025-06-01 04:34:41
1728.00,3,2025-06-01 04:34:42
1280.00,2,2025-06-01 04:34:44
576.00,3,2025-06-01 04:34:45
1104.00,4,2025-06-01 04:34:46
832.00,2,2025-06-01 04:34:48
704.00,3,2025-06-01 04:34:49
1472.00,4,2025-06-01 04:34:50
1088.00,4,2025-06-01 04:34:51
2192.00,5,2025-06-01 04:34:54
1280.00,2,2025-06-01 04:34:55
640.00,4,2025-06-01 04:34:56
576.00,3,2025-06-01 04:34:57
800.00,3,2025-06-01 04:34:58
992.00,5,2025-06-01 04:34:59
1184.00,1,2025-06-01 04:35:01
1088.00,4,2025-06-01 04:35:02
1216.00,2,2025-06-01 04:35:03
864.00,3,2025-06-01 04:35:04
1776.00,3,2025-06-01 04:35:05
640.00,5,2025-06-01 04:35:06
1824.00,5,2025-06-01 04:35:07
1888.00,2,2025-06-01 04:35:08
2496.00,5,2025-06-01 04:35:09
512.00,5,2025-06-01 04:35:11
864.00,3,2025-06-01 04:35:12
1184.00,2,2025-06-01 04:35:13
1184.00,4,2025-06-01 04:35:14
320.00,2,2025-06-01 04:35:15
800.00,3,2025-06-01 04:35:16
960.00,4,2025-06-01 04:35:17
2112.00,2,2025-06-01 04:35:18
1776.00,3,2025-06-01 04:35:20
256.00,3,2025-06-01 04:35:21
1168.00,4,2025-06-01 04:35:22
320.00,1,2025-06-01 04:35:23
832.00,3,2025-06-01 04:35:24
1920.00,1,2025-06-01 04:35:25
592.00,2,2025-06-01 04:35:26
912.00,5,2025-06-01 04:35:28
256.00,4,2025-06-01 04:35:29
768.00,2,2025-06-01 04:35:30
768.00,4,2025-06-01 04:35:31
928.00,1,2025-06-01 04:35:33
1104.00,2,2025-06-01 04:35:34
1888.00,5,2025-06-01 04:35:35
896.00,4,2025-06-01 04:35:36
1248.00,4,2025-06-01 04:35:37
1344.00,2,2025-06-01 04:35:39
784.00,1,2025-06-01 04:35:40
640.00,4,2025-06-01 04:35:41
320.00,5,2025-06-01 04:35:42
768.00,3,2025-06-01 04:35:43
256.00,4,2025-06-01 04:35:44
1184.00,2,2025-06-01 04:35:45
992.00,1,2025-06-01 04:35:46
288.00,1,2025-06-01 04:35:47
2304.00,4,2025-06-01 04:35:48
960.00,3,2025-06-01 04:35:49
2160.00,5,2025-06-01 04:35:50
1440.00,1,2025-06-01 04:35:51
672.00,2,2025-06-01 04:35:52
192.00,5,2025-06-01 04:35:53
768.00,1,2025-06-01 04:35:54
1088.00,2,2025-06-01 04:35:55
1760.00,1,2025-06-01 04:35:56
768.00,1,2025-06-01 04:35:58
1632.00,4,2025-06-01 04:36:00
1472.00,3,2025-06-01 04:36:01
1184.00,2,2025-06-01 04:36:02
1760.00,3,2025-06-01 04:36:03
512.00,5,2025-06-01 04:36:04
1120.00,4,2025-06-01 04:36:06
768.00,5,2025-06-01 04:36:07
1120.00,3,2025-06-01 04:36:08
320.00,1,2025-06-01 04:36:09
608.00,1,2025-06-01 04:36:11
1760.00,3,2025-06-01 04:36:13
1728.00,5,2025-06-01 04:36:14
512.00,4,2025-06-01 04:36:15
704.00,5,2025-06-01 04:36:17
1504.00,1,2025-06-01 04:36:18
576.00,4,2025-06-01 04:36:19
1760.00,1,2025-06-01 04:36:20
576.00,5,2025-06-01 04:36:21
288.00,3,2025-06-01 04:36:25
1600.00,2,2025-06-01 04:36:26
1856.00,1,2025-06-01 04:36:27
448.00,3,2025-06-01 04:36:28
848.00,5,2025-06-01 04:36:29
1120.00,2,2025-06-01 04:36:30
1520.00,1,2025-06-01 04:36:32
704.00,5,2025-06-01 04:36:33
320.00,4,2025-06-01 04:36:34
1616.00,2,2025-06-01 04:36:35
1248.00,5,2025-06-01 04:36:36
1984.00,3,2025-06-01 04:36:37
960.00,2,2025-06-01 04:36:38
2544.00,4,2025-06-01 04:36:39
1152.00,2,2025-06-01 04:36:41
1408.00,3,2025-06-01 04:36:43
960.00,2,2025-06-01 04:36:44
1184.00,3,2025-06-01 04:36:46
1024.00,1,2025-06-01 04:36:47
576.00,4,2025-06-01 04:36:48
912.00,5,2025-06-01 04:36:49
288.00,4,2025-06-01 04:36:51
512.00,2,2025-06-01 04:36:53
288.00,5,2025-06-01 04:36:54
816.00,2,2025-06-01 04:36:55
1760.00,3,2025-06-01 04:36:56
864.00,4,2025-06-01 04:36:57
1024.00,3,2025-06-01 04:36:58
1728.00,1,2025-06-01 04:36:59
1520.00,2,2025-06-01 04:37:00
1120.00,4,2025-06-01 04:37:01
512.00,5,2025-06-01 04:37:02
256.00,2,2025-06-01 04:37:04
800.00,1,2025-06-01 04:37:05
1824.00,2,2025-06-01 04:37:07
1088.00,4,2025-06-01 04:37:08
288.00,5,2025-06-01 04:37:09
576.00,1,2025-06-01 04:37:10
1344.00,1,2025-06-01 04:37:11
2304.00,3,2025-06-01 04:37:12
2208.00,3,2025-06-01 04:37:13
304.00,4,2025-06-01 04:37:14
576.00,4,2025-06-01 04:37:15
1152.00,1,2025-06-01 04:37:17
608.00,1,2025-06-01 04:37:18
864.00,5,2025-06-01 04:37:19
2080.00,2,2025-06-01 04:37:20
304.00,4,2025-06-01 04:37:21
896.00,3,2025-06-01 04:37:23
640.00,4,2025-06-01 04:37:24
1056.00,2,2025-06-01 04:37:25
1728.00,2,2025-06-01 04:37:27
448.00,4,2025-06-01 04:37:28
1088.00,3,2025-06-01 04:37:29
896.00,4,2025-06-01 04:37:30
1120.00,5,2025-06-01 04:37:31
576.00,4,2025-06-01 04:37:32
1280.00,5,2025-06-01 04:37:33
1280.00,5,2025-06-01 04:37:34
672.00,4,2025-06-01 04:37:35
1216.00,5,2025-06-01 04:37:36
912.00,4,2025-06-01 04:37:37
544.00,2,2025-06-01 04:37:38
1312.00,1,2025-06-01 04:37:39
320.00,5,2025-06-01 04:37:40
1440.00,1,2025-06-01 04:37:41
864.00,2,2025-06-01 04:37:42
2096.00,4,2025-06-01 04:37:43
192.00,4,2025-06-01 04:37:44
960.00,2,2025-06-01 04:37:45
864.00,4,2025-06-01 04:37:46
832.00,2,2025-06-01 04:37:47
1696.00,3,2025-06-01 04:37:48
576.00,5,2025-06-01 04:37:49
1248.00,4,2025-06-01 04:37:50
1120.00,5,2025-06-01 04:37:52
1968.00,5,2025-06-01 04:37:53
960.00,2,2025-06-01 04:37:54
2160.00,4,2025-06-01 04:37:55
896.00,2,2025-06-01 04:37:56
768.00,1,2025-06-01 04:37:57
1952.00,3,2025-06-01 04:37:59
1920.00,2,2025-06-01 04:38:00
1728.00,4,2025-06-01 04:38:01
256.00,2,2025-06-01 04:38:04
1632.00,2,2025-06-01 04:38:05
256.00,1,2025-06-01 04:38:06
1248.00,2,2025-06-01 04:38:07
2288.00,2,2025-06-01 04:38:08
512.00,3,2025-06-01 04:38:09
1920.00,5,2025-06-01 04:38:10
864.00,5,2025-06-01 04:38:11
736.00,4,2025-06-01 04:38:12
768.00,3,2025-06-01 04:38:14
576.00,3,2025-06-01 04:38:15
864.00,3,2025-06-01 04:38:16
832.00,2,2025-06-01 04:38:17
1840.00,2,2025-06-01 04:38:18
1984.00,1,2025-06-01 04:38:19
768.00,3,2025-06-01 04:38:22
1472.00,3,2025-06-01 04:38:24
288.00,2,2025-06-01 04:38:26
224.00,4,2025-06-01 04:38:27
2240.00,1,2025-06-01 04:38:28
1472.00,1,2025-06-01 04:38:29
976.00,4,2025-06-01 04:38:31
288.00,2,2025-06-01 04:38:32
1408.00,2,2025-06-01 04:38:34
960.00,1,2025-06-01 04:38:35
2416.00,1,2025-06-01 04:38:36
1376.00,3,2025-06-01 04:38:39
768.00,1,2025-06-01 04:38:42
448.00,3,2025-06-01 04:38:44
1536.00,4,2025-06-01 04:38:45
1376.00,1,2025-06-01 04:38:46
1952.00,2,2025-06-01 04:38:48
256.00,2,2025-06-01 04:38:49
1088.00,1,2025-06-01 04:38:50
1936.00,3,2025-06-01 04:38:51
1536.00,3,2025-06-01 04:38:52
672.00,5,2025-06-01 04:38:53
2592.00,1,2025-06-01 04:38:54
1184.00,1,2025-06-01 04:38:55
1088.00,1,2025-06-01 04:38:56
864.00,2,2025-06-01 04:38:57
288.00,2,2025-06-01 04:38:58
1504.00,1,2025-06-01 04:38:59
1312.00,3,2025-06-01 04:39:00
1632.00,4,2025-06-01 04:39:01
256.00,3,2025-06-01 04:39:02
416.00,3,2025-06-01 04:39:03
1632.00,4,2025-06-01 04:39:05
704.00,3,2025-06-01 04:39:08
1792.00,4,2025-06-01 04:39:09
448.00,5,2025-06-01 04:39:10
512.00,2,2025-06-01 04:39:11
592.00,1,2025-06-01 04:39:12
1728.00,1,2025-06-01 04:39:13
1376.00,2,2025-06-01 04:39:14
960.00,4,2025-06-01 04:39:16
192.00,2,2025-06-01 04:39:17
1632.00,3,2025-06-01 04:39:18
1200.00,3,2025-06-01 04:39:19
768.00,1,2025-06-01 04:39:20
576.00,1,2025-06-01 04:39:21
1472.00,4,2025-06-01 04:39:23
768.00,3,2025-06-01 04:39:24
1456.00,4,2025-06-01 04:39:25
640.00,5,2025-06-01 04:39:26
544.00,1,2025-06-01 04:39:28
512.00,2,2025-06-01 04:39:29
880.00,1,2025-06-01 04:39:32
304.00,4,2025-06-01 04:39:33
1120.00,5,2025-06-01 04:39:35
320.00,2,2025-06-01 04:39:37
224.00,2,2025-06-01 04:39:38
896.00,3,2025-06-01 04:39:40
1024.00,3,2025-06-01 04:39:41
1792.00,5,2025-06-01 04:39:43
864.00,4,2025-06-01 04:39:44
1248.00,2,2025-06-01 04:39:45
256.00,1,2025-06-01 04:39:46
1024.00,3,2025-06-01 04:39:47
256.00,2,2025-06-01 04:39:48
448.00,1,2025-06-01 04:39:49
256.00,3,2025-06-01 04:39:50
1024.00,1,2025-06-01 04:39:51
1408.00,4,2025-06-01 04:39:54
1376.00,2,2025-06-01 04:39:55
576.00,2,2025-06-01 04:39:56
1936.00,5,2025-06-01 04:39:57
1344.00,2,2025-06-01 04:39:58
1664.00,4,2025-06-01 04:39:59
576.00,3,2025-06-01 04:40:00
512.00,1,2025-06-01 04:40:01
1392.00,2,2025-06-01 04:40:02
736.00,3,2025-06-01 04:40:03
768.00,3,2025-06-01 04:40:04
1024.00,1,2025-06-01 04:40:06
560.00,3,2025-06-01 04:40:07
384.00,2,2025-06-01 04:40:08
960.00,3,2025-06-01 04:40:09
1120.00,3,2025-06-01 04:40:11
1200.00,3,2025-06-01 04:40:13
1312.00,3,2025-06-01 04:40:14
1408.00,4,2025-06-01 04:40:16
1504.00,1,2025-06-01 04:40:17
2160.00,4,2025-06-01 04:40:18
1488.00,4,2025-06-01 04:40:19
224.00,5,2025-06-01 04:40:20
1888.00,5,2025-06-01 04:40:21
1824.00,5,2025-06-01 04:40:23
480.00,2,2025-06-01 04:40:24
768.00,2,2025-06-01 04:40:25
1376.00,3,2025-06-01 04:40:26
544.00,2,2025-06-01 04:40:27
1104.00,2,2025-06-01 04:40:28
224.00,3,2025-06-01 04:40:30
576.00,3,2025-06-01 04:40:31
1328.00,5,2025-06-01 04:40:32
768.00,4,2025-06-01 04:40:33
320.00,2,2025-06-01 04:40:34
1472.00,3,2025-06-01 04:40:35
1536.00,3,2025-06-01 04:40:36
640.00,5,2025-06-01 04:40:38
512.00,2,2025-06-01 04:40:40
736.00,4,2025-06-01 04:40:41
288.00,4,2025-06-01 04:40:43
960.00,5,2025-06-01 04:40:45
2048.00,2,2025-06-01 04:40:46
1792.00,1,2025-06-01 04:40:47
576.00,2,2025-06-01 04:40:48
1744.00,4,2025-06-01 04:40:50
672.00,4,2025-06-01 04:40:51
1248.00,4,2025-06-01 04:40:52
608.00,2,2025-06-01 04:40:53
1328.00,4,2025-06-01 04:40:55
1248.00,1,2025-06-01 04:40:56
1056.00,4,2025-06-01 04:40:59
864.00,1,2025-06-01 04:41:00
608.00,3,2025-06-01 04:41:01
1184.00,5,2025-06-01 04:41:02
224.00,5,2025-06-01 04:41:04
1056.00,5,2025-06-01 04:41:05
1440.00,1,2025-06-01 04:41:06
256.00,3,2025-06-01 04:41:07
864.00,2,2025-06-01 04:41:08
480.00,4,2025-06-01 04:41:09
304.00,4,2025-06-01 04:41:11
512.00,4,2025-06-01 04:41:12
608.00,1,2025-06-01 04:41:13
672.00,4,2025-06-01 04:41:14
672.00,1,2025-06-01 04:41:15
1664.00,5,2025-06-01 04:41:16
1264.00,2,2025-06-01 04:41:17
960.00,2,2025-06-01 04:41:18
1520.00,4,2025-06-01 04:41:19
1536.00,2,2025-06-01 04:41:20
1472.00,4,2025-06-01 04:41:21
1680.00,2,2025-06-01 04:41:23
704.00,3,2025-06-01 04:41:26
2016.00,5,2025-06-01 04:41:27
480.00,1,2025-06-01 04:41:30
1024.00,5,2025-06-01 04:41:31
576.00,2,2025-06-01 04:41:32
1440.00,2,2025-06-01 04:41:33
864.00,5,2025-06-01 04:41:35
1152.00,5,2025-06-01 04:41:36
576.00,2,2025-06-01 04:41:37
288.00,2,2025-06-01 04:41:38
1680.00,5,2025-06-01 04:41:39
2016.00,5,2025-06-01 04:41:40
1536.00,2,2025-06-01 04:41:41
1584.00,4,2025-06-01 04:41:43
768.00,4,2025-06-01 04:41:44
1472.00,1,2025-06-01 04:41:46
1600.00,4,2025-06-01 04:41:47
576.00,2,2025-06-01 04:41:48
448.00,3,2025-06-01 04:41:49
832.00,4,2025-06-01 04:41:50
288.00,1,2025-06-01 04:41:51
1536.00,4,2025-06-01 04:41:52
416.00,1,2025-06-01 04:41:54
2240.00,3,2025-06-01 04:41:55
960.00,4,2025-06-01 04:41:56
832.00,5,2025-06-01 04:41:57
608.00,3,2025-06-01 04:41:58
1056.00,4,2025-06-01 04:41:59
448.00,2,2025-06-01 04:42:01
1536.00,4,2025-06-01 04:42:02
1440.00,2,2025-06-01 04:42:03
1792.00,5,2025-06-01 04:42:04
1376.00,3,2025-06-01 04:42:05
576.00,5,2025-06-01 04:42:06
288.00,2,2025-06-01 04:42:07
384.00,5,2025-06-01 04:42:08
192.00,2,2025-06-01 04:42:09
1392.00,5,2025-06-01 04:42:10
832.00,1,2025-06-01 04:42:12
736.00,3,2025-06-01 04:42:13
864.00,3,2025-06-01 04:42:16
832.00,2,2025-06-01 04:42:17
960.00,4,2025-06-01 04:42:18
1328.00,1,2025-06-01 04:42:19
2032.00,1,2025-06-01 04:42:20
768.00,2,2025-06-01 04:42:23
1792.00,2,2025-06-01 04:42:24
960.00,2,2025-06-01 04:42:25
1632.00,1,2025-06-01 04:42:26
1376.00,5,2025-06-01 04:42:27
864.00,3,2025-06-01 04:42:28
2256.00,1,2025-06-01 04:42:30
384.00,2,2025-06-01 04:42:31
672.00,5,2025-06-01 04:42:32
896.00,4,2025-06-01 04:42:33
1408.00,1,2025-06-01 04:42:34
1376.00,1,2025-06-01 04:42:35
1440.00,4,2025-06-01 04:42:36
1680.00,4,2025-06-01 04:42:37
672.00,1,2025-06-01 04:42:38
768.00,1,2025-06-01 04:42:39
256.00,4,2025-06-01 04:42:40
1088.00,2,2025-06-01 04:42:41
288.00,3,2025-06-01 04:42:42
1632.00,1,2025-06-01 04:42:44
1008.00,4,2025-06-01 04:42:45
896.00,1,2025-06-01 04:42:46
992.00,3,2025-06-01 04:42:47
1136.00,5,2025-06-01 04:42:48
1152.00,3,2025-06-01 04:42:49
1184.00,5,2025-06-01 04:42:50
1600.00,1,2025-06-01 04:42:51
2048.00,5,2025-06-01 04:42:52
1536.00,5,2025-06-01 04:42:54
864.00,2,2025-06-01 04:42:55
448.00,2,2025-06-01 04:42:56
1840.00,3,2025-06-01 04:42:57
928.00,5,2025-06-01 04:42:58
256.00,4,2025-06-01 04:42:59
1920.00,3,2025-06-01 04:43:00
960.00,5,2025-06-01 04:43:01
2224.00,5,2025-06-01 04:43:02
1664.00,5,2025-06-01 04:43:03
768.00,4,2025-06-01 04:43:05
1072.00,5,2025-06-01 04:43:06
1552.00,5,2025-06-01 04:43:07
960.00,4,2025-06-01 04:43:08
576.00,1,2025-06-01 04:43:09
992.00,3,2025-06-01 04:43:10
1408.00,2,2025-06-01 04:43:12
576.00,2,2025-06-01 04:43:13
1248.00,2,2025-06-01 04:43:14
1184.00,3,2025-06-01 04:43:16
1824.00,2,2025-06-01 04:43:18
2128.00,1,2025-06-01 04:43:19
576.00,4,2025-06-01 04:43:20
256.00,4,2025-06-01 04:43:21
608.00,2,2025-06-01 04:43:22
1600.00,4,2025-06-01 04:43:23
224.00,4,2025-06-01 04:43:24
800.00,1,2025-06-01 04:43:25
864.00,4,2025-06-01 04:43:27
912.00,2,2025-06-01 04:43:29
2112.00,4,2025-06-01 04:43:30
768.00,5,2025-06-01 04:43:31
2336.00,4,2025-06-01 04:43:32
864.00,2,2025-06-01 04:43:33
1344.00,4,2025-06-01 04:43:34
2160.00,4,2025-06-01 04:43:35
1120.00,4,2025-06-01 04:43:36
672.00,4,2025-06-01 04:43:37
960.00,1,2025-06-01 04:43:38
2336.00,4,2025-06-01 04:43:39
1248.00,5,2025-06-01 04:43:40
2112.00,3,2025-06-01 04:43:41
1488.00,3,2025-06-01 04:43:42
1376.00,1,2025-06-01 04:43:45
1488.00,5,2025-06-01 04:43:46
288.00,4,2025-06-01 04:43:47
608.00,1,2025-06-01 04:43:49
1152.00,3,2025-06-01 04:43:50
1664.00,2,2025-06-01 04:43:51
192.00,5,2025-06-01 04:43:52
1568.00,3,2025-06-01 04:43:53
864.00,2,2025-06-01 04:43:54
1776.00,2,2025-06-01 04:43:55
1424.00,3,2025-06-01 04:43:56
1056.00,3,2025-06-01 04:43:57
1056.00,1,2025-06-01 04:43:58
1024.00,5,2025-06-01 04:43:59
2016.00,2,2025-06-01 04:44:00
960.00,5,2025-06-01 04:44:01
1168.00,4,2025-06-01 04:44:02
672.00,2,2025-06-01 04:44:04
832.00,5,2025-06-01 04:44:07
1376.00,1,2025-06-01 04:44:09
1168.00,2,2025-06-01 04:44:10
2544.00,4,2025-06-01 04:44:14
672.00,1,2025-06-01 04:44:15
1440.00,2,2025-06-01 04:44:16
2048.00,1,2025-06-01 04:44:18
672.00,4,2025-06-01 04:44:19
1344.00,2,2025-06-01 04:44:21
1216.00,2,2025-06-01 04:44:22
256.00,3,2025-06-01 04:44:23
768.00,3,2025-06-01 04:44:25
576.00,5,2025-06-01 04:44:26
800.00,3,2025-06-01 04:44:27
1440.00,1,2025-06-01 04:44:28
640.00,3,2025-06-01 04:44:29
1488.00,5,2025-06-01 04:44:30
512.00,5,2025-06-01 04:44:31
448.00,4,2025-06-01 04:44:34
1632.00,1,2025-06-01 04:44:35
320.00,5,2025-06-01 04:44:36
960.00,3,2025-06-01 04:44:37
800.00,1,2025-06-01 04:44:38
864.00,1,2025-06-01 04:44:39
832.00,3,2025-06-01 04:44:40
1088.00,4,2025-06-01 04:44:41
2304.00,3,2025-06-01 04:44:42
1344.00,3,2025-06-01 04:44:43
928.00,5,2025-06-01 04:44:44
608.00,5,2025-06-01 04:44:45
1856.00,1,2025-06-01 04:44:47
576.00,4,2025-06-01 04:44:48
576.00,4,2025-06-01 04:44:52
912.00,4,2025-06-01 04:44:53
1408.00,5,2025-06-01 04:44:54
1280.00,3,2025-06-01 04:44:55
576.00,3,2025-06-01 04:44:56
384.00,1,2025-06-01 04:44:57
1216.00,2,2025-06-01 04:44:58
1152.00,1,2025-06-01 04:45:00
1056.00,3,2025-06-01 04:45:01
1376.00,3,2025-06-01 04:45:02
864.00,3,2025-06-01 04:45:03
768.00,3,2025-06-01 04:45:04
864.00,3,2025-06-01 04:45:05
1856.00,5,2025-06-01 04:45:07
448.00,5,2025-06-01 04:45:08
1568.00,3,2025-06-01 04:45:09
192.00,5,2025-06-01 04:45:10
1536.00,2,2025-06-01 04:45:11
880.00,1,2025-06-01 04:45:12
1376.00,3,2025-06-01 04:45:13
384.00,1,2025-06-01 04:45:14
1072.00,1,2025-06-01 04:45:15
1056.00,3,2025-06-01 04:45:18
1168.00,1,2025-06-01 04:45:19
992.00,1,2025-06-01 04:45:20
256.00,5,2025-06-01 04:45:23
1312.00,4,2025-06-01 04:45:24
864.00,4,2025-06-01 04:45:25
1152.00,3,2025-06-01 04:45:26
544.00,5,2025-06-01 04:45:27
2144.00,2,2025-06-01 04:45:28
2016.00,2,2025-06-01 04:45:29
1296.00,3,2025-06-01 04:45:30
448.00,1,2025-06-01 04:45:32
1984.00,1,2025-06-01 04:45:33
1184.00,4,2025-06-01 04:45:34
576.00,3,2025-06-01 04:45:35
1056.00,1,2025-06-01 04:45:36
496.00,5,2025-06-01 04:45:37
912.00,4,2025-06-01 04:45:38
1152.00,5,2025-06-01 04:45:39
1424.00,4,2025-06-01 04:45:40
640.00,3,2025-06-01 04:45:42
768.00,1,2025-06-01 04:45:43
1952.00,1,2025-06-01 04:45:45
1152.00,1,2025-06-01 04:45:46
2112.00,1,2025-06-01 04:45:47
1776.00,3,2025-06-01 04:45:48
2192.00,1,2025-06-01 04:45:51
976.00,5,2025-06-01 04:45:52
1488.00,2,2025-06-01 04:45:53
1328.00,4,2025-06-01 04:45:54
384.00,1,2025-06-01 04:45:55
576.00,1,2025-06-01 04:45:56
1728.00,1,2025-06-01 04:45:57
928.00,3,2025-06-01 04:45:58
1088.00,1,2025-06-01 04:45:59
576.00,5,2025-06-01 04:46:00
1024.00,5,2025-06-01 04:46:01
1632.00,1,2025-06-01 04:46:02
448.00,4,2025-06-01 04:46:03
912.00,2,2025-06-01 04:46:04
2144.00,3,2025-06-01 04:46:06
1024.00,3,2025-06-01 04:46:07
672.00,5,2025-06-01 04:46:09
864.00,2,2025-06-01 04:46:10
1776.00,1,2025-06-01 04:46:11
864.00,3,2025-06-01 04:46:12
1344.00,5,2025-06-01 04:46:13
384.00,4,2025-06-01 04:46:14
912.00,4,2025-06-01 04:46:15
624.00,3,2025-06-01 04:46:16
768.00,3,2025-06-01 04:46:17
768.00,5,2025-06-01 04:46:18
1856.00,1,2025-06-01 04:46:19
512.00,3,2025-06-01 04:46:20
1184.00,2,2025-06-01 04:46:21
864.00,4,2025-06-01 04:46:22
1376.00,4,2025-06-01 04:46:23
576.00,4,2025-06-01 04:46:24
192.00,3,2025-06-01 04:46:25
288.00,5,2025-06-01 04:46:26
1792.00,5,2025-06-01 04:46:27
1200.00,4,2025-06-01 04:46:28
1936.00,5,2025-06-01 04:46:29
1536.00,4,2025-06-01 04:46:30
960.00,2,2025-06-01 04:46:31
608.00,2,2025-06-01 04:46:32
512.00,4,2025-06-01 04:46:33
320.00,3,2025-06-01 04:46:34
304.00,3,2025-06-01 04:46:35
928.00,2,2025-06-01 04:46:36
512.00,2,2025-06-01 04:46:37
1472.00,5,2025-06-01 04:46:39
1088.00,4,2025-06-01 04:46:40
1472.00,1,2025-06-01 04:46:41
384.00,5,2025-06-01 04:46:43
256.00,1,2025-06-01 04:46:44
256.00,4,2025-06-01 04:46:45
2112.00,1,2025-06-01 04:46:47
928.00,1,2025-06-01 04:46:48
672.00,5,2025-06-01 04:46:52
1632.00,4,2025-06-01 04:46:53
672.00,1,2025-06-01 04:46:54
1248.00,5,2025-06-01 04:46:55
512.00,1,2025-06-01 04:46:56
2016.00,5,2025-06-01 04:46:57
2032.00,2,2025-06-01 04:46:58
2496.00,1,2025-06-01 04:46:59
496.00,3,2025-06-01 04:47:00
864.00,4,2025-06-01 04:47:01
1088.00,4,2025-06-01 04:47:02
1872.00,3,2025-06-01 04:47:03
2224.00,2,2025-06-01 04:47:04
768.00,5,2025-06-01 04:47:05
1248.00,4,2025-06-01 04:47:06
640.00,2,2025-06-01 04:47:07
992.00,5,2025-06-01 04:47:08
1296.00,4,2025-06-01 04:47:11
1696.00,5,2025-06-01 04:47:13
864.00,1,2025-06-01 04:47:14
512.00,4,2025-06-01 04:47:15
1024.00,5,2025-06-01 04:47:16
1120.00,3,2025-06-01 04:47:17
864.00,4,2025-06-01 04:47:18
2144.00,4,2025-06-01 04:47:19
800.00,3,2025-06-01 04:47:21
576.00,5,2025-06-01 04:47:23
1600.00,3,2025-06-01 04:47:24
304.00,4,2025-06-01 04:47:25
1120.00,2,2025-06-01 04:47:26
512.00,5,2025-06-01 04:47:28
768.00,2,2025-06-01 04:47:29
448.00,3,2025-06-01 04:47:31
1088.00,2,2025-06-01 04:47:32
1088.00,5,2025-06-01 04:47:33
1776.00,5,2025-06-01 04:47:34
1424.00,2,2025-06-01 04:47:35
288.00,1,2025-06-01 04:47:37
256.00,1,2025-06-01 04:47:38
384.00,3,2025-06-01 04:47:39
224.00,3,2025-06-01 04:47:40
288.00,5,2025-06-01 04:47:41
784.00,1,2025-06-01 04:47:42
1120.00,1,2025-06-01 04:47:43
1696.00,3,2025-06-01 04:47:44
1056.00,1,2025-06-01 04:47:47
512.00,5,2025-06-01 04:47:48
1472.00,4,2025-06-01 04:47:49
576.00,3,2025-06-01 04:47:50
1824.00,4,2025-06-01 04:47:51
2064.00,2,2025-06-01 04:47:53
704.00,4,2025-06-01 04:47:54
896.00,2,2025-06-01 04:47:55
576.00,1,2025-06-01 04:47:56
912.00,4,2025-06-01 04:47:57
1504.00,3,2025-06-01 04:47:58
576.00,3,2025-06-01 04:47:59
320.00,4,2025-06-01 04:48:00
1696.00,3,2025-06-01 04:48:01
2016.00,4,2025-06-01 04:48:02
672.00,4,2025-06-01 04:48:03
576.00,1,2025-06-01 04:48:04
960.00,3,2025-06-01 04:48:05
576.00,4,2025-06-01 04:48:07
1472.00,2,2025-06-01 04:48:08
608.00,1,2025-06-01 04:48:10
1792.00,2,2025-06-01 04:48:12
1600.00,4,2025-06-01 04:48:13
2016.00,5,2025-06-01 04:48:14
1824.00,5,2025-06-01 04:48:15
1440.00,1,2025-06-01 04:48:16
320.00,4,2025-06-01 04:48:17
960.00,3,2025-06-01 04:48:18
960.00,3,2025-06-01 04:48:19
880.00,4,2025-06-01 04:48:20
384.00,1,2025-06-01 04:48:21
1344.00,5,2025-06-01 04:48:22
576.00,3,2025-06-01 04:48:23
304.00,2,2025-06-01 04:48:24
576.00,4,2025-06-01 04:48:25
896.00,3,2025-06-01 04:48:26
1968.00,3,2025-06-01 04:48:27
1696.00,3,2025-06-01 04:48:28
1440.00,1,2025-06-01 04:48:29
1312.00,1,2025-06-01 04:48:30
800.00,2,2025-06-01 04:48:31
1248.00,1,2025-06-01 04:48:33
256.00,3,2025-06-01 04:48:34
608.00,4,2025-06-01 04:48:35
1152.00,4,2025-06-01 04:48:36
1888.00,2,2025-06-01 04:48:37
832.00,1,2025-06-01 04:48:38
608.00,3,2025-06-01 04:48:39
672.00,4,2025-06-01 04:48:40
1792.00,5,2025-06-01 04:48:41
512.00,1,2025-06-01 04:48:42
448.00,2,2025-06-01 04:48:43
1472.00,4,2025-06-01 04:48:45
1152.00,1,2025-06-01 04:48:46
1168.00,1,2025-06-01 04:48:47
576.00,1,2025-06-01 04:48:48
1696.00,1,2025-06-01 04:48:49
256.00,1,2025-06-01 04:48:51
576.00,5,2025-06-01 04:48:52
320.00,2,2025-06-01 04:48:53
1200.00,1,2025-06-01 04:48:54
1504.00,4,2025-06-01 04:48:55
1120.00,5,2025-06-01 04:48:56
1392.00,3,2025-06-01 04:48:58
2096.00,1,2025-06-01 04:48:59
1344.00,4,2025-06-01 04:49:00
1248.00,3,2025-06-01 04:49:01
576.00,1,2025-06-01 04:49:02
1280.00,2,2025-06-01 04:49:03
640.00,5,2025-06-01 04:49:05
1648.00,3,2025-06-01 04:49:06
2112.00,4,2025-06-01 04:49:07
448.00,3,2025-06-01 04:49:08
768.00,1,2025-06-01 04:49:10
512.00,1,2025-06-01 04:49:11
1440.00,3,2025-06-01 04:49:13
1216.00,3,2025-06-01 04:49:15
1664.00,2,2025-06-01 04:49:16
864.00,2,2025-06-01 04:49:17
576.00,3,2025-06-01 04:49:18
1760.00,1,2025-06-01 04:49:20
512.00,3,2025-06-01 04:49:21
1920.00,3,2025-06-01 04:49:23
1376.00,2,2025-06-01 04:49:24
800.00,1,2025-06-01 04:49:25
2048.00,2,2025-06-01 04:49:27
1248.00,2,2025-06-01 04:49:28
1376.00,5,2025-06-01 04:49:29
2384.00,2,2025-06-01 04:49:30
256.00,5,2025-06-01 04:49:32
1120.00,2,2025-06-01 04:49:34
1088.00,4,2025-06-01 04:49:35
2016.00,2,2025-06-01 04:49:36
1472.00,3,2025-06-01 04:49:37
1376.00,4,2025-06-01 04:49:38
1952.00,5,2025-06-01 04:49:39
576.00,3,2025-06-01 04:49:41
640.00,5,2025-06-01 04:49:43
1488.00,5,2025-06-01 04:49:44
544.00,4,2025-06-01 04:49:45
304.00,1,2025-06-01 04:49:46
816.00,2,2025-06-01 04:49:47
1184.00,5,2025-06-01 04:49:48
640.00,5,2025-06-01 04:49:49
832.00,3,2025-06-01 04:49:50
672.00,2,2025-06-01 04:49:51
1440.00,4,2025-06-01 04:49:52
896.00,1,2025-06-01 04:49:54
2080.00,3,2025-06-01 04:49:55
1280.00,4,2025-06-01 04:49:58
1808.00,1,2025-06-01 04:49:59
1536.00,5,2025-06-01 04:50:00
1056.00,3,2025-06-01 04:50:02
928.00,5,2025-06-01 04:50:04
1344.00,3,2025-06-01 04:50:05
1120.00,1,2025-06-01 04:50:07
640.00,4,2025-06-01 04:50:08
1200.00,1,2025-06-01 04:50:09
880.00,3,2025-06-01 04:50:10
768.00,5,2025-06-01 04:50:11
192.00,3,2025-06-01 04:50:12
1984.00,5,2025-06-01 04:50:13
896.00,3,2025-06-01 04:50:14
1280.00,4,2025-06-01 04:50:15
1472.00,4,2025-06-01 04:50:16
1216.00,2,2025-06-01 04:50:17
672.00,3,2025-06-01 04:50:18
256.00,2,2025-06-01 04:50:19
1824.00,2,2025-06-01 04:50:22
192.00,3,2025-06-01 04:50:23
288.00,4,2025-06-01 04:50:24
1856.00,4,2025-06-01 04:50:25
864.00,5,2025-06-01 04:50:27
1344.00,2,2025-06-01 04:50:28
576.00,2,2025-06-01 04:50:29
224.00,3,2025-06-01 04:50:30
1184.00,5,2025-06-01 04:50:31
896.00,4,2025-06-01 04:50:32
960.00,1,2025-06-01 04:50:33
1824.00,4,2025-06-01 04:50:34
304.00,1,2025-06-01 04:50:35
1088.00,1,2025-06-01 04:50:36
640.00,2,2025-06-01 04:50:37
960.00,4,2025-06-01 04:50:38
384.00,1,2025-06-01 04:50:39
1440.00,5,2025-06-01 04:50:40
1376.00,1,2025-06-01 04:50:41
1920.00,3,2025-06-01 04:50:45
2304.00,3,2025-06-01 04:50:46
2496.00,2,2025-06-01 04:50:47
864.00,2,2025-06-01 04:50:49
320.00,5,2025-06-01 04:50:50
448.00,2,2025-06-01 04:50:52
1696.00,2,2025-06-01 04:50:53
944.00,3,2025-06-01 04:50:54
960.00,5,2025-06-01 04:50:55
1120.00,4,2025-06-01 04:50:56
1152.00,1,2025-06-01 04:50:58
816.00,1,2025-06-01 04:50:59
1952.00,2,2025-06-01 04:51:00
768.00,4,2025-06-01 04:51:01
672.00,4,2025-06-01 04:51:02
1280.00,4,2025-06-01 04:51:03
736.00,1,2025-06-01 04:51:04
992.00,2,2025-06-01 04:51:06
1408.00,1,2025-06-01 04:51:07
672.00,2,2025-06-01 04:51:08
1536.00,2,2025-06-01 04:51:09
576.00,5,2025-06-01 04:51:10
1504.00,1,2025-06-01 04:51:11
1440.00,3,2025-06-01 04:51:12
256.00,4,2025-06-01 04:51:13
1696.00,3,2025-06-01 04:51:14
1216.00,5,2025-06-01 04:51:16
960.00,5,2025-06-01 04:51:17
640.00,5,2025-06-01 04:51:18
768.00,2,2025-06-01 04:51:19
1072.00,4,2025-06-01 04:51:20
1472.00,1,2025-06-01 04:51:21
672.00,3,2025-06-01 04:51:23
512.00,4,2025-06-01 04:51:24
1072.00,5,2025-06-01 04:51:25
512.00,1,2025-06-01 04:51:26
672.00,2,2025-06-01 04:51:29
384.00,3,2025-06-01 04:51:30
320.00,1,2025-06-01 04:51:31
1120.00,2,2025-06-01 04:51:32
1504.00,2,2025-06-01 04:51:33
448.00,1,2025-06-01 04:51:34
1344.00,3,2025-06-01 04:51:35
1088.00,2,2025-06-01 04:51:36
1184.00,4,2025-06-01 04:51:37
1824.00,2,2025-06-01 04:51:38
1152.00,2,2025-06-01 04:51:39
192.00,1,2025-06-01 04:51:40
1152.00,4,2025-06-01 04:51:41
1856.00,1,2025-06-01 04:51:42
576.00,1,2025-06-01 04:51:43
256.00,5,2025-06-01 04:51:45
1120.00,3,2025-06-01 04:51:46
1344.00,5,2025-06-01 04:51:48
1152.00,1,2025-06-01 04:51:49
448.00,1,2025-06-01 04:51:50
2016.00,5,2025-06-01 04:51:51
1680.00,4,2025-06-01 04:51:52
256.00,1,2025-06-01 04:51:53
640.00,3,2025-06-01 04:51:54
1520.00,5,2025-06-01 04:51:55
1024.00,2,2025-06-01 04:51:56
2064.00,4,2025-06-01 04:51:58
1248.00,1,2025-06-01 04:51:59
2400.00,1,2025-06-01 04:52:00
1152.00,4,2025-06-01 04:52:02
1184.00,5,2025-06-01 04:52:03
960.00,4,2025-06-01 04:52:04
512.00,4,2025-06-01 04:52:05
864.00,4,2025-06-01 04:52:06
800.00,4,2025-06-01 04:52:07
912.00,1,2025-06-01 04:52:08
928.00,5,2025-06-01 04:52:09
928.00,5,2025-06-01 04:52:10
928.00,5,2025-06-01 04:52:11
1824.00,2,2025-06-01 04:52:12
768.00,2,2025-06-01 04:52:13
1648.00,3,2025-06-01 04:52:14
480.00,2,2025-06-01 04:52:15
1152.00,1,2025-06-01 04:52:16
512.00,5,2025-06-01 04:52:17
960.00,2,2025-06-01 04:52:18
608.00,5,2025-06-01 04:52:19
288.00,3,2025-06-01 04:52:20
1696.00,3,2025-06-01 04:52:21
880.00,3,2025-06-01 04:52:22
768.00,2,2025-06-01 04:52:23
1664.00,4,2025-06-01 04:52:24
1664.00,3,2025-06-01 04:52:25
1376.00,4,2025-06-01 04:52:26
800.00,2,2025-06-01 04:52:27
1504.00,3,2025-06-01 04:52:28
1152.00,5,2025-06-01 04:52:29
992.00,3,2025-06-01 04:52:30
1776.00,4,2025-06-01 04:52:32
256.00,3,2025-06-01 04:52:33
1152.00,5,2025-06-01 04:52:34
672.00,4,2025-06-01 04:52:35
1456.00,5,2025-06-01 04:52:36
1216.00,4,2025-06-01 04:52:37
512.00,4,2025-06-01 04:52:38
1664.00,1,2025-06-01 04:52:39
1344.00,1,2025-06-01 04:52:40
1744.00,2,2025-06-01 04:52:43
1952.00,1,2025-06-01 04:52:44
544.00,3,2025-06-01 04:52:46
1152.00,5,2025-06-01 04:52:47
1408.00,4,2025-06-01 04:52:48
1744.00,4,2025-06-01 04:52:49
1632.00,5,2025-06-01 04:52:50
704.00,3,2025-06-01 04:52:52
448.00,3,2025-06-01 04:52:53
640.00,4,2025-06-01 04:52:54
864.00,5,2025-06-01 04:52:55
768.00,1,2025-06-01 04:52:56
304.00,5,2025-06-01 04:52:57
992.00,3,2025-06-01 04:52:58
1248.00,4,2025-06-01 04:52:59
768.00,4,2025-06-01 04:53:00
2016.00,2,2025-06-01 04:53:02
304.00,2,2025-06-01 04:53:03
192.00,3,2025-06-01 04:53:04
864.00,4,2025-06-01 04:53:05
1552.00,1,2025-06-01 04:53:06
1312.00,5,2025-06-01 04:53:07
1888.00,3,2025-06-01 04:53:11
512.00,1,2025-06-01 04:53:13
1136.00,2,2025-06-01 04:53:14
576.00,5,2025-06-01 04:53:15
1072.00,2,2025-06-01 04:53:16
1216.00,2,2025-06-01 04:53:17
384.00,2,2025-06-01 04:53:18
1536.00,1,2025-06-01 04:53:20
928.00,3,2025-06-01 04:53:21
1776.00,1,2025-06-01 04:53:22
480.00,5,2025-06-01 04:53:23
864.00,5,2025-06-01 04:53:24
880.00,3,2025-06-01 04:53:25
1472.00,2,2025-06-01 04:53:26
864.00,3,2025-06-01 04:53:27
304.00,5,2025-06-01 04:53:28
896.00,1,2025-06-01 04:53:29
1536.00,2,2025-06-01 04:53:30
1728.00,1,2025-06-01 04:53:32
1936.00,1,2025-06-01 04:53:33
1600.00,3,2025-06-01 04:53:34
1920.00,4,2025-06-01 04:53:37
880.00,1,2025-06-01 04:53:38
1664.00,5,2025-06-01 04:53:39
576.00,5,2025-06-01 04:53:40
1216.00,5,2025-06-01 04:53:41
2400.00,2,2025-06-01 04:53:42
640.00,5,2025-06-01 04:53:43
1488.00,5,2025-06-01 04:53:44
576.00,4,2025-06-01 04:53:45
1696.00,3,2025-06-01 04:53:46
1168.00,2,2025-06-01 04:53:47
576.00,1,2025-06-01 04:53:48
1200.00,4,2025-06-01 04:53:49
2272.00,4,2025-06-01 04:53:50
256.00,1,2025-06-01 04:53:51
1728.00,4,2025-06-01 04:53:52
1792.00,5,2025-06-01 04:53:54
1856.00,5,2025-06-01 04:53:55
1568.00,4,2025-06-01 04:53:56
512.00,3,2025-06-01 04:53:57
1728.00,4,2025-06-01 04:53:58
1856.00,1,2025-06-01 04:53:59
448.00,5,2025-06-01 04:54:00
1440.00,1,2025-06-01 04:54:01
672.00,1,2025-06-01 04:54:02
864.00,5,2025-06-01 04:54:03
192.00,5,2025-06-01 04:54:04
1600.00,1,2025-06-01 04:54:05
912.00,4,2025-06-01 04:54:06
1248.00,5,2025-06-01 04:54:07
912.00,4,2025-06-01 04:54:08
1248.00,5,2025-06-01 04:54:09
1280.00,5,2025-06-01 04:54:11
384.00,2,2025-06-01 04:54:12
512.00,4,2025-06-01 04:54:13
1552.00,4,2025-06-01 04:54:14
896.00,1,2025-06-01 04:54:15
608.00,5,2025-06-01 04:54:16
912.00,1,2025-06-01 04:54:17
864.00,2,2025-06-01 04:54:18
1760.00,5,2025-06-01 04:54:19
1312.00,2,2025-06-01 04:54:20
544.00,2,2025-06-01 04:54:21
928.00,4,2025-06-01 04:54:22
1024.00,3,2025-06-01 04:54:23
384.00,4,2025-06-01 04:54:24
1152.00,5,2025-06-01 04:54:25
1968.00,2,2025-06-01 04:54:26
1824.00,1,2025-06-01 04:54:27
1280.00,4,2025-06-01 04:54:28
864.00,4,2025-06-01 04:54:30
288.00,3,2025-06-01 04:54:31
2384.00,4,2025-06-01 04:54:32
752.00,1,2025-06-01 04:54:33
512.00,5,2025-06-01 04:54:35
864.00,4,2025-06-01 04:54:37
576.00,5,2025-06-01 04:54:38
288.00,5,2025-06-01 04:54:39
288.00,2,2025-06-01 04:54:41
2192.00,3,2025-06-01 04:54:43
640.00,3,2025-06-01 04:54:45
1536.00,2,2025-06-01 04:54:46
1152.00,5,2025-06-01 04:54:47
2304.00,5,2025-06-01 04:54:48
1504.00,5,2025-06-01 04:54:49
448.00,2,2025-06-01 04:54:50
288.00,4,2025-06-01 04:54:52
1504.00,4,2025-06-01 04:54:53
1184.00,5,2025-06-01 04:54:55
224.00,5,2025-06-01 04:54:56
672.00,2,2025-06-01 04:54:57
672.00,4,2025-06-01 04:54:58
2016.00,3,2025-06-01 04:54:59
768.00,2,2025-06-01 04:55:00
512.00,4,2025-06-01 04:55:01
320.00,5,2025-06-01 04:55:02
1264.00,3,2025-06-01 04:55:03
256.00,4,2025-06-01 04:55:05
848.00,3,2025-06-01 04:55:06
1248.00,1,2025-06-01 04:55:07
1920.00,2,2025-06-01 04:55:08
832.00,1,2025-06-01 04:55:09
2208.00,2,2025-06-01 04:55:10
1440.00,4,2025-06-01 04:55:11
992.00,2,2025-06-01 04:55:12
1696.00,5,2025-06-01 04:55:14
1104.00,3,2025-06-01 04:55:15
608.00,3,2025-06-01 04:55:17
1440.00,1,2025-06-01 04:55:18
1312.00,3,2025-06-01 04:55:19
1600.00,4,2025-06-01 04:55:20
1216.00,5,2025-06-01 04:55:22
1568.00,3,2025-06-01 04:55:23
1248.00,3,2025-06-01 04:55:24
1408.00,5,2025-06-01 04:55:26
768.00,2,2025-06-01 04:55:27
800.00,3,2025-06-01 04:55:28
576.00,2,2025-06-01 04:55:29
1760.00,4,2025-06-01 04:55:30
960.00,2,2025-06-01 04:55:31
1248.00,2,2025-06-01 04:55:33
1520.00,2,2025-06-01 04:55:34
512.00,5,2025-06-01 04:55:36
864.00,4,2025-06-01 04:55:37
1664.00,4,2025-06-01 04:55:39
992.00,5,2025-06-01 04:55:40
576.00,4,2025-06-01 04:55:41
1760.00,3,2025-06-01 04:55:42
256.00,2,2025-06-01 04:55:43
912.00,2,2025-06-01 04:55:44
2000.00,5,2025-06-01 04:55:46
1440.00,2,2025-06-01 04:55:47
1728.00,1,2025-06-01 04:55:48
1824.00,5,2025-06-01 04:55:53
768.00,1,2025-06-01 04:55:54
576.00,3,2025-06-01 04:55:55
1520.00,1,2025-06-01 04:55:56
1760.00,5,2025-06-01 04:55:58
992.00,5,2025-06-01 04:55:59
1088.00,4,2025-06-01 04:56:00
1168.00,5,2025-06-01 04:56:01
2144.00,5,2025-06-01 04:56:02
448.00,3,2025-06-01 04:56:03
288.00,1,2025-06-01 04:56:04
1632.00,2,2025-06-01 04:56:05
1472.00,3,2025-06-01 04:56:06
1152.00,3,2025-06-01 04:56:07
1696.00,4,2025-06-01 04:56:08
1248.00,2,2025-06-01 04:56:10
1440.00,1,2025-06-01 04:56:11
224.00,1,2025-06-01 04:56:13
1568.00,5,2025-06-01 04:56:14
1440.00,3,2025-06-01 04:56:15
608.00,5,2025-06-01 04:56:16
928.00,5,2025-06-01 04:56:18
288.00,3,2025-06-01 04:56:19
1056.00,5,2025-06-01 04:56:20
1088.00,1,2025-06-01 04:56:21
1536.00,4,2025-06-01 04:56:22
1456.00,1,2025-06-01 04:56:23
1440.00,5,2025-06-01 04:56:24
672.00,2,2025-06-01 04:56:25
1408.00,5,2025-06-01 04:56:26
1392.00,3,2025-06-01 04:56:27
1344.00,2,2025-06-01 04:56:28
1040.00,1,2025-06-01 04:56:29
1840.00,2,2025-06-01 04:56:30
1280.00,2,2025-06-01 04:56:31
1088.00,4,2025-06-01 04:56:32
736.00,2,2025-06-01 04:56:34
1760.00,5,2025-06-01 04:56:36
736.00,4,2025-06-01 04:56:37
672.00,4,2025-06-01 04:56:38
288.00,5,2025-06-01 04:56:39
2080.00,1,2025-06-01 04:56:40
1408.00,5,2025-06-01 04:56:41
2592.00,3,2025-06-01 04:56:42
896.00,1,2025-06-01 04:56:43
560.00,1,2025-06-01 04:56:45
1376.00,4,2025-06-01 04:56:46
2272.00,4,2025-06-01 04:56:47
1344.00,3,2025-06-01 04:56:48
1600.00,1,2025-06-01 04:56:49
608.00,3,2025-06-01 04:56:50
992.00,1,2025-06-01 04:56:51
1296.00,5,2025-06-01 04:56:52
1424.00,5,2025-06-01 04:56:53
1056.00,2,2025-06-01 04:56:55
1648.00,4,2025-06-01 04:56:58
1248.00,5,2025-06-01 04:57:01
1344.00,4,2025-06-01 04:57:02
1376.00,4,2025-06-01 04:57:03
1344.00,1,2025-06-01 04:57:04
1440.00,2,2025-06-01 04:57:05
1168.00,2,2025-06-01 04:57:06
896.00,5,2025-06-01 04:57:08
512.00,5,2025-06-01 04:57:09
1472.00,1,2025-06-01 04:57:10
1120.00,2,2025-06-01 04:57:11
2080.00,3,2025-06-01 04:57:13
1248.00,1,2025-06-01 04:57:14
512.00,5,2025-06-01 04:57:16
864.00,1,2025-06-01 04:57:17
1072.00,4,2025-06-01 04:57:18
1024.00,4,2025-06-01 04:57:19
768.00,5,2025-06-01 04:57:22
1760.00,5,2025-06-01 04:57:23
448.00,4,2025-06-01 04:57:24
672.00,5,2025-06-01 04:57:25
864.00,2,2025-06-01 04:57:26
288.00,1,2025-06-01 04:57:27
1168.00,2,2025-06-01 04:57:28
2272.00,5,2025-06-01 04:57:29
608.00,3,2025-06-01 04:57:30
1776.00,2,2025-06-01 04:57:31
256.00,1,2025-06-01 04:57:33
256.00,1,2025-06-01 04:57:34
224.00,5,2025-06-01 04:57:35
2048.00,4,2025-06-01 04:57:36
1056.00,4,2025-06-01 04:57:37
256.00,5,2025-06-01 04:57:38
704.00,4,2025-06-01 04:57:40
288.00,2,2025-06-01 04:57:41
1360.00,3,2025-06-01 04:57:42
960.00,5,2025-06-01 04:57:43
1152.00,3,2025-06-01 04:57:44
1056.00,1,2025-06-01 04:57:45
256.00,4,2025-06-01 04:57:47
1280.00,1,2025-06-01 04:57:48
1872.00,3,2025-06-01 04:57:49
832.00,3,2025-06-01 04:57:50
896.00,2,2025-06-01 04:57:51
1632.00,2,2025-06-01 04:57:52
1120.00,3,2025-06-01 04:57:53
1792.00,5,2025-06-01 04:57:54
1248.00,5,2025-06-01 04:57:57
1536.00,4,2025-06-01 04:57:58
256.00,4,2025-06-01 04:57:59
608.00,2,2025-06-01 04:58:00
320.00,2,2025-06-01 04:58:02
1584.00,3,2025-06-01 04:58:03
928.00,5,2025-06-01 04:58:04
1728.00,4,2025-06-01 04:58:05
1248.00,1,2025-06-01 04:58:06
1824.00,5,2025-06-01 04:58:08
960.00,5,2025-06-01 04:58:10
256.00,2,2025-06-01 04:58:11
544.00,3,2025-06-01 04:58:14
1824.00,5,2025-06-01 04:58:15
768.00,3,2025-06-01 04:58:16
256.00,4,2025-06-01 04:58:17
960.00,2,2025-06-01 04:58:18
672.00,5,2025-06-01 04:58:19
864.00,2,2025-06-01 04:58:20
1248.00,3,2025-06-01 04:58:21
832.00,1,2025-06-01 04:58:22
1728.00,1,2025-06-01 04:58:23
576.00,2,2025-06-01 04:58:24
2080.00,1,2025-06-01 04:58:26
864.00,5,2025-06-01 04:58:27
1088.00,4,2025-06-01 04:58:28
1088.00,4,2025-06-01 04:58:29
288.00,1,2025-06-01 04:58:31
544.00,2,2025-06-01 04:58:32
512.00,2,2025-06-01 04:58:33
1552.00,1,2025-06-01 04:58:34
1152.00,4,2025-06-01 04:58:36
1024.00,4,2025-06-01 04:58:37
928.00,3,2025-06-01 04:58:39
1296.00,4,2025-06-01 04:58:40
1536.00,1,2025-06-01 04:58:41
576.00,1,2025-06-01 04:58:43
864.00,3,2025-06-01 04:58:44
2400.00,1,2025-06-01 04:58:46
1632.00,5,2025-06-01 04:58:47
1696.00,1,2025-06-01 04:58:48
1760.00,4,2025-06-01 04:58:49
880.00,1,2025-06-01 04:58:50
1952.00,2,2025-06-01 04:58:52
1152.00,3,2025-06-01 04:58:53
1600.00,4,2025-06-01 04:58:54
1632.00,2,2025-06-01 04:58:55
1056.00,5,2025-06-01 04:58:56
864.00,1,2025-06-01 04:58:57
768.00,3,2025-06-01 04:58:58
704.00,1,2025-06-01 04:58:59
1680.00,4,2025-06-01 04:59:02
800.00,2,2025-06-01 04:59:03
864.00,2,2025-06-01 04:59:04
1824.00,3,2025-06-01 04:59:05
1344.00,4,2025-06-01 04:59:06
1792.00,2,2025-06-01 04:59:07
1120.00,4,2025-06-01 04:59:08
1408.00,5,2025-06-01 04:59:09
768.00,1,2025-06-01 04:59:10
576.00,5,2025-06-01 04:59:11
640.00,3,2025-06-01 04:59:12
192.00,3,2025-06-01 04:59:13
960.00,1,2025-06-01 04:59:14
832.00,4,2025-06-01 04:59:15
896.00,2,2025-06-01 04:59:16
1104.00,4,2025-06-01 04:59:17
1632.00,4,2025-06-01 04:59:18
256.00,1,2025-06-01 04:59:19
960.00,5,2025-06-01 04:59:20
1056.00,3,2025-06-01 04:59:21
704.00,2,2025-06-01 04:59:22
320.00,5,2025-06-01 04:59:23
1232.00,2,2025-06-01 04:59:25
1280.00,3,2025-06-01 04:59:26
1248.00,5,2025-06-01 04:59:27
384.00,3,2025-06-01 04:59:28
768.00,3,2025-06-01 04:59:29
768.00,5,2025-06-01 04:59:30
864.00,5,2025-06-01 04:59:31
864.00,2,2025-06-01 04:59:32
1952.00,1,2025-06-01 04:59:33
1184.00,1,2025-06-01 04:59:34
1376.00,1,2025-06-01 04:59:35
1632.00,2,2025-06-01 04:59:37
1568.00,1,2025-06-01 04:59:38
1408.00,3,2025-06-01 04:59:40
1168.00,3,2025-06-01 04:59:41
1088.00,2,2025-06-01 04:59:43
768.00,3,2025-06-01 04:59:44
448.00,3,2025-06-01 04:59:45
1424.00,4,2025-06-01 04:59:46
960.00,2,2025-06-01 04:59:50
864.00,1,2025-06-01 04:59:52
576.00,5,2025-06-01 04:59:53
1184.00,4,2025-06-01 04:59:55
1312.00,4,2025-06-01 04:59:56
1216.00,3,2025-06-01 04:59:57
288.00,5,2025-06-01 05:00:00
960.00,2,2025-06-01 05:00:01
1440.00,3,2025-06-01 05:00:03
512.00,5,2025-06-01 05:00:04
1152.00,4,2025-06-01 05:00:05
2032.00,4,2025-06-01 05:00:06
256.00,1,2025-06-01 05:00:07
864.00,3,2025-06-01 05:00:09
448.00,3,2025-06-01 05:00:10
768.00,2,2025-06-01 05:00:11
1056.00,4,2025-06-01 05:00:12
2336.00,1,2025-06-01 05:00:13
816.00,5,2025-06-01 05:00:14
960.00,5,2025-06-01 05:00:15
608.00,5,2025-06-01 05:00:16
864.00,5,2025-06-01 05:00:17
288.00,5,2025-06-01 05:00:18
1344.00,5,2025-06-01 05:00:20
768.00,2,2025-06-01 05:00:21
960.00,5,2025-06-01 05:00:22
640.00,1,2025-06-01 05:00:23
800.00,4,2025-06-01 05:00:24
304.00,3,2025-06-01 05:00:25
304.00,5,2025-06-01 05:00:26
288.00,4,2025-06-01 05:00:27
2112.00,5,2025-06-01 05:00:28
1248.00,3,2025-06-01 05:00:29
1568.00,5,2025-06-01 05:00:30
1120.00,1,2025-06-01 05:00:31
1648.00,4,2025-06-01 05:00:32
512.00,3,2025-06-01 05:00:33
256.00,2,2025-06-01 05:00:34
512.00,1,2025-06-01 05:00:35
256.00,1,2025-06-01 05:00:36
2128.00,3,2025-06-01 05:00:37
1248.00,4,2025-06-01 05:00:38
1376.00,5,2025-06-01 05:00:39
1280.00,5,2025-06-01 05:00:40
800.00,5,2025-06-01 05:00:41
1088.00,4,2025-06-01 05:00:42
1888.00,2,2025-06-01 05:00:43
1632.00,1,2025-06-01 05:00:44
192.00,3,2025-06-01 05:00:45
896.00,5,2025-06-01 05:00:46
1424.00,2,2025-06-01 05:00:47
1504.00,4,2025-06-01 05:00:48
832.00,2,2025-06-01 05:00:49
912.00,1,2025-06-01 05:00:50
192.00,3,2025-06-01 05:00:51
960.00,1,2025-06-01 05:00:52
1376.00,5,2025-06-01 05:00:54
2048.00,1,2025-06-01 05:00:55
304.00,4,2025-06-01 05:00:56
1264.00,1,2025-06-01 05:00:57
512.00,5,2025-06-01 05:00:58
192.00,4,2025-06-01 05:00:59
1376.00,5,2025-06-01 05:01:00
864.00,4,2025-06-01 05:01:01
1152.00,2,2025-06-01 05:01:02
288.00,1,2025-06-01 05:01:03
448.00,1,2025-06-01 05:01:04
608.00,2,2025-06-01 05:01:05
1328.00,3,2025-06-01 05:01:06
1536.00,2,2025-06-01 05:01:08
256.00,1,2025-06-01 05:01:10
1792.00,2,2025-06-01 05:01:11
1728.00,3,2025-06-01 05:01:12
752.00,4,2025-06-01 05:01:13
1664.00,1,2025-06-01 05:01:14
864.00,3,2025-06-01 05:01:15
768.00,4,2025-06-01 05:01:16
864.00,2,2025-06-01 05:01:17
1120.00,4,2025-06-01 05:01:18
912.00,5,2025-06-01 05:01:19
544.00,1,2025-06-01 05:01:20
2688.00,1,2025-06-01 05:01:21
480.00,3,2025-06-01 05:01:22
1744.00,3,2025-06-01 05:01:23
768.00,2,2025-06-01 05:01:24
1216.00,2,2025-06-01 05:01:25
224.00,2,2025-06-01 05:01:26
1600.00,1,2025-06-01 05:01:27
1440.00,2,2025-06-01 05:01:28
1248.00,3,2025-06-01 05:01:29
1472.00,4,2025-06-01 05:01:30
1184.00,1,2025-06-01 05:01:31
2432.00,1,2025-06-01 05:01:32
1984.00,1,2025-06-01 05:01:33
864.00,2,2025-06-01 05:01:35
1088.00,4,2025-06-01 05:01:36
576.00,2,2025-06-01 05:01:37
608.00,4,2025-06-01 05:01:38
576.00,1,2025-06-01 05:01:39
1472.00,2,2025-06-01 05:01:40
640.00,5,2025-06-01 05:01:41
544.00,4,2025-06-01 05:01:43
1920.00,3,2025-06-01 05:01:44
1760.00,2,2025-06-01 05:01:45
1024.00,5,2025-06-01 05:01:46
288.00,4,2025-06-01 05:01:47
320.00,1,2025-06-01 05:01:48
608.00,5,2025-06-01 05:01:49
1152.00,3,2025-06-01 05:01:50
1984.00,1,2025-06-01 05:01:51
1824.00,2,2025-06-01 05:01:52
304.00,4,2025-06-01 05:01:53
1376.00,3,2025-06-01 05:01:54
1472.00,3,2025-06-01 05:01:55
864.00,3,2025-06-01 05:01:56
640.00,3,2025-06-01 05:01:57
864.00,5,2025-06-01 05:01:58
1392.00,4,2025-06-01 05:01:59
1280.00,1,2025-06-01 05:02:00
960.00,4,2025-06-01 05:02:01
912.00,2,2025-06-01 05:02:02
640.00,5,2025-06-01 05:02:03
1088.00,2,2025-06-01 05:02:04
640.00,1,2025-06-01 05:02:05
1088.00,1,2025-06-01 05:02:06
768.00,2,2025-06-01 05:02:07
1344.00,3,2025-06-01 05:02:08
1120.00,4,2025-06-01 05:02:09
800.00,4,2025-06-01 05:02:10
2304.00,4,2025-06-01 05:02:11
1600.00,1,2025-06-01 05:02:12
1088.00,2,2025-06-01 05:02:13
1120.00,4,2025-06-01 05:02:14
1728.00,5,2025-06-01 05:02:15
1168.00,5,2025-06-01 05:02:16
1168.00,1,2025-06-01 05:02:17
1248.00,4,2025-06-01 05:02:18
2464.00,4,2025-06-01 05:02:19
1792.00,5,2025-06-01 05:02:20
1376.00,5,2025-06-01 05:02:21
1760.00,3,2025-06-01 05:02:22
1840.00,3,2025-06-01 05:02:23
1408.00,3,2025-06-01 05:02:24
2640.00,3,2025-06-01 05:02:25
1312.00,1,2025-06-01 05:02:26
1056.00,4,2025-06-01 05:02:28
1088.00,3,2025-06-01 05:02:29
192.00,4,2025-06-01 05:02:30
1824.00,5,2025-06-01 05:02:31
1248.00,5,2025-06-01 05:02:32
1312.00,3,2025-06-01 05:02:33
896.00,4,2025-06-01 05:02:34
576.00,5,2025-06-01 05:02:35
1120.00,5,2025-06-01 05:02:36
576.00,1,2025-06-01 05:02:37
608.00,2,2025-06-01 05:02:38
576.00,4,2025-06-01 05:02:39
1360.00,5,2025-06-01 05:02:40
512.00,5,2025-06-01 05:02:41
1280.00,4,2025-06-01 05:02:42
768.00,1,2025-06-01 05:02:44
624.00,1,2025-06-01 05:02:45
1760.00,2,2025-06-01 05:02:46
1984.00,2,2025-06-01 05:02:48
1632.00,3,2025-06-01 05:02:49
1920.00,4,2025-06-01 05:02:50
1248.00,4,2025-06-01 05:02:51
512.00,1,2025-06-01 05:02:52
1472.00,5,2025-06-01 05:02:53
816.00,5,2025-06-01 05:02:55
1120.00,5,2025-06-01 05:02:56
896.00,1,2025-06-01 05:02:57
704.00,5,2025-06-01 05:02:58
1504.00,4,2025-06-01 05:02:59
912.00,1,2025-06-01 05:03:00
1664.00,5,2025-06-01 05:03:01
768.00,3,2025-06-01 05:03:02
1600.00,3,2025-06-01 05:03:04
1344.00,4,2025-06-01 05:03:05
640.00,5,2025-06-01 05:03:06
1488.00,5,2025-06-01 05:03:07
864.00,5,2025-06-01 05:03:08
576.00,5,2025-06-01 05:03:09
1936.00,4,2025-06-01 05:03:10
672.00,3,2025-06-01 05:03:11
960.00,1,2025-06-01 05:03:13
864.00,3,2025-06-01 05:03:14
1088.00,1,2025-06-01 05:03:15
1920.00,4,2025-06-01 05:03:16
512.00,5,2025-06-01 05:03:17
1216.00,2,2025-06-01 05:03:18
704.00,5,2025-06-01 05:03:19
544.00,1,2025-06-01 05:03:21
1168.00,2,2025-06-01 05:03:22
1248.00,5,2025-06-01 05:03:23
576.00,3,2025-06-01 05:03:24
1872.00,5,2025-06-01 05:03:25
224.00,3,2025-06-01 05:03:26
1344.00,3,2025-06-01 05:03:27
608.00,2,2025-06-01 05:03:28
912.00,1,2025-06-01 05:03:29
1440.00,5,2025-06-01 05:03:30
1472.00,2,2025-06-01 05:03:31
896.00,2,2025-06-01 05:03:32
1888.00,5,2025-06-01 05:03:33
1504.00,2,2025-06-01 05:03:34
1152.00,2,2025-06-01 05:03:35
672.00,1,2025-06-01 05:03:36
864.00,5,2025-06-01 05:03:37
1392.00,1,2025-06-01 05:03:38
832.00,2,2025-06-01 05:03:39
576.00,3,2025-06-01 05:03:40
768.00,2,2025-06-01 05:03:41
1872.00,5,2025-06-01 05:03:42
512.00,5,2025-06-01 05:03:44
672.00,4,2025-06-01 05:03:45
1072.00,2,2025-06-01 05:03:46
1248.00,5,2025-06-01 05:03:47
512.00,4,2025-06-01 05:03:48
1248.00,5,2025-06-01 05:03:49
2400.00,4,2025-06-01 05:03:50
288.00,2,2025-06-01 05:03:52
864.00,2,2025-06-01 05:03:53
256.00,5,2025-06-01 05:03:56
512.00,4,2025-06-01 05:03:58
304.00,3,2025-06-01 05:03:59
992.00,2,2025-06-01 05:04:01
1440.00,5,2025-06-01 05:04:02
608.00,3,2025-06-01 05:04:03
384.00,3,2025-06-01 05:04:04
576.00,4,2025-06-01 05:04:06
960.00,4,2025-06-01 05:04:07
320.00,4,2025-06-01 05:04:08
1216.00,4,2025-06-01 05:04:09
832.00,4,2025-06-01 05:04:10
768.00,2,2025-06-01 05:04:11
304.00,2,2025-06-01 05:04:12
832.00,3,2025-06-01 05:04:14
1088.00,2,2025-06-01 05:04:15
864.00,3,2025-06-01 05:04:16
1184.00,5,2025-06-01 05:04:17
864.00,3,2025-06-01 05:04:18
1760.00,3,2025-06-01 05:04:19
608.00,2,2025-06-01 05:04:20
1152.00,3,2025-06-01 05:04:21
1632.00,1,2025-06-01 05:04:22
2352.00,4,2025-06-01 05:04:23
1728.00,1,2025-06-01 05:04:24
1504.00,1,2025-06-01 05:04:25
672.00,1,2025-06-01 05:04:26
256.00,2,2025-06-01 05:04:27
1856.00,4,2025-06-01 05:04:28
832.00,3,2025-06-01 05:04:29
1632.00,3,2025-06-01 05:04:30
1152.00,2,2025-06-01 05:04:31
1248.00,2,2025-06-01 05:04:32
544.00,3,2025-06-01 05:04:33
768.00,1,2025-06-01 05:04:34
1824.00,4,2025-06-01 05:04:35
576.00,2,2025-06-01 05:04:36
576.00,5,2025-06-01 05:04:37
1184.00,5,2025-06-01 05:04:38
1968.00,5,2025-06-01 05:04:39
192.00,1,2025-06-01 05:04:40
992.00,1,2025-06-01 05:04:41
864.00,3,2025-06-01 05:04:42
1360.00,2,2025-06-01 05:04:43
1824.00,4,2025-06-01 05:04:44
736.00,2,2025-06-01 05:04:45
1136.00,4,2025-06-01 05:04:46
1472.00,3,2025-06-01 05:04:47
1056.00,4,2025-06-01 05:04:48
832.00,1,2025-06-01 05:04:49
832.00,2,2025-06-01 05:04:50
768.00,3,2025-06-01 05:04:51
768.00,2,2025-06-01 05:04:53
576.00,4,2025-06-01 05:04:55
736.00,4,2025-06-01 05:04:56
1152.00,1,2025-06-01 05:04:57
1440.00,4,2025-06-01 05:04:58
1504.00,2,2025-06-01 05:04:59
1216.00,4,2025-06-01 05:05:00
256.00,3,2025-06-01 05:05:01
224.00,5,2025-06-01 05:05:02
640.00,2,2025-06-01 05:05:03
256.00,1,2025-06-01 05:05:04
2080.00,3,2025-06-01 05:05:05
736.00,3,2025-06-01 05:05:06
864.00,5,2025-06-01 05:05:07
480.00,5,2025-06-01 05:05:08
1152.00,1,2025-06-01 05:05:09
1536.00,5,2025-06-01 05:05:10
1472.00,5,2025-06-01 05:05:11
800.00,4,2025-06-01 05:05:12
256.00,5,2025-06-01 05:05:13
2272.00,3,2025-06-01 05:05:14
448.00,5,2025-06-01 05:05:15
1200.00,5,2025-06-01 05:05:16
576.00,2,2025-06-01 05:05:18
736.00,4,2025-06-01 05:05:19
1696.00,1,2025-06-01 05:05:20
480.00,5,2025-06-01 05:05:21
1536.00,3,2025-06-01 05:05:22
704.00,5,2025-06-01 05:05:23
672.00,4,2025-06-01 05:05:24
800.00,4,2025-06-01 05:05:25
576.00,1,2025-06-01 05:05:26
2224.00,4,2025-06-01 05:05:27
864.00,2,2025-06-01 05:05:28
288.00,3,2025-06-01 05:05:30
1952.00,3,2025-06-01 05:05:31
960.00,2,2025-06-01 05:05:32
2304.00,1,2025-06-01 05:05:34
1696.00,5,2025-06-01 05:05:35
1776.00,2,2025-06-01 05:05:36
1328.00,3,2025-06-01 05:05:37
2688.00,4,2025-06-01 05:05:38
288.00,1,2025-06-01 05:05:39
736.00,3,2025-06-01 05:05:40
800.00,2,2025-06-01 05:05:41
1216.00,1,2025-06-01 05:05:42
2112.00,1,2025-06-01 05:05:43
2240.00,1,2025-06-01 05:05:45
576.00,3,2025-06-01 05:05:47
448.00,1,2025-06-01 05:05:48
2080.00,1,2025-06-01 05:05:49
1472.00,5,2025-06-01 05:05:50
256.00,2,2025-06-01 05:05:51
256.00,5,2025-06-01 05:05:53
1488.00,4,2025-06-01 05:05:54
1728.00,3,2025-06-01 05:05:55
1232.00,1,2025-06-01 05:05:56
608.00,2,2025-06-01 05:05:57
1472.00,3,2025-06-01 05:05:58
960.00,4,2025-06-01 05:05:59
1088.00,1,2025-06-01 05:06:00
192.00,2,2025-06-01 05:06:01
864.00,2,2025-06-01 05:06:02
1824.00,5,2025-06-01 05:06:03
1056.00,4,2025-06-01 05:06:04
896.00,5,2025-06-01 05:06:05
800.00,3,2025-06-01 05:06:06
384.00,1,2025-06-01 05:06:07
512.00,2,2025-06-01 05:06:08
1504.00,5,2025-06-01 05:06:09
768.00,1,2025-06-01 05:06:10
800.00,4,2025-06-01 05:06:11
1024.00,5,2025-06-01 05:06:12
960.00,1,2025-06-01 05:06:13
1552.00,3,2025-06-01 05:06:14
384.00,5,2025-06-01 05:06:15
1152.00,1,2025-06-01 05:06:16
1408.00,4,2025-06-01 05:06:17
2128.00,4,2025-06-01 05:06:18
448.00,4,2025-06-01 05:06:19
864.00,1,2025-06-01 05:06:20
1248.00,1,2025-06-01 05:06:21
832.00,2,2025-06-01 05:06:22
2016.00,3,2025-06-01 05:06:23
640.00,4,2025-06-01 05:06:24
1536.00,4,2025-06-01 05:06:25
1792.00,3,2025-06-01 05:06:26
960.00,5,2025-06-01 05:06:27
1312.00,2,2025-06-01 05:06:28
256.00,1,2025-06-01 05:06:29
1856.00,1,2025-06-01 05:06:30
1088.00,1,2025-06-01 05:06:31
608.00,1,2025-06-01 05:06:32
288.00,4,2025-06-01 05:06:33
256.00,3,2025-06-01 05:06:34
1920.00,2,2025-06-01 05:06:35
1728.00,3,2025-06-01 05:06:36
224.00,3,2025-06-01 05:06:38
1600.00,5,2025-06-01 05:06:39
1536.00,5,2025-06-01 05:06:40
1152.00,1,2025-06-01 05:06:41
1344.00,4,2025-06-01 05:06:42
1152.00,4,2025-06-01 05:06:44
256.00,2,2025-06-01 05:06:45
288.00,2,2025-06-01 05:06:46
880.00,4,2025-06-01 05:06:47
1088.00,4,2025-06-01 05:06:48
1248.00,3,2025-06-01 05:06:51
1504.00,3,2025-06-01 05:06:52
768.00,3,2025-06-01 05:06:53
2160.00,5,2025-06-01 05:06:54
1248.00,1,2025-06-01 05:06:55
320.00,3,2025-06-01 05:06:56
1792.00,1,2025-06-01 05:06:57
672.00,2,2025-06-01 05:06:58
1120.00,1,2025-06-01 05:06:59
2208.00,1,2025-06-01 05:07:00
1024.00,4,2025-06-01 05:07:01
384.00,2,2025-06-01 05:07:02
2240.00,5,2025-06-01 05:07:03
1680.00,2,2025-06-01 05:07:04
1664.00,2,2025-06-01 05:07:05
576.00,5,2025-06-01 05:07:06
864.00,5,2025-06-01 05:07:07
1152.00,5,2025-06-01 05:07:08
960.00,2,2025-06-01 05:07:09
576.00,2,2025-06-01 05:07:10
1248.00,4,2025-06-01 05:07:11
2336.00,2,2025-06-01 05:07:12
640.00,4,2025-06-01 05:07:13
1600.00,5,2025-06-01 05:07:14
288.00,3,2025-06-01 05:07:15
384.00,2,2025-06-01 05:07:16
2592.00,4,2025-06-01 05:07:17
448.00,1,2025-06-01 05:07:18
576.00,4,2025-06-01 05:07:19
800.00,1,2025-06-01 05:07:20
896.00,5,2025-06-01 05:07:21
928.00,2,2025-06-01 05:07:22
320.00,4,2025-06-01 05:07:23
800.00,4,2025-06-01 05:07:24
768.00,1,2025-06-01 05:07:25
704.00,5,2025-06-01 05:07:27
448.00,5,2025-06-01 05:07:28
576.00,2,2025-06-01 05:07:29
832.00,4,2025-06-01 05:07:30
1472.00,1,2025-06-01 05:07:31
384.00,4,2025-06-01 05:07:32
192.00,1,2025-06-01 05:07:33
1856.00,3,2025-06-01 05:07:34
256.00,3,2025-06-01 05:07:35
1376.00,3,2025-06-01 05:07:36
800.00,3,2025-06-01 05:07:37
560.00,1,2025-06-01 05:07:38
2048.00,1,2025-06-01 05:07:39
224.00,2,2025-06-01 05:07:40
960.00,5,2025-06-01 05:07:41
672.00,3,2025-06-01 05:07:42
800.00,2,2025-06-01 05:07:43
512.00,5,2025-06-01 05:07:44
1728.00,4,2025-06-01 05:07:45
544.00,4,2025-06-01 05:07:47
704.00,3,2025-06-01 05:07:48
832.00,2,2025-06-01 05:07:49
800.00,2,2025-06-01 05:07:50
1088.00,1,2025-06-01 05:07:51
2160.00,5,2025-06-01 05:07:52
304.00,4,2025-06-01 05:07:53
512.00,5,2025-06-01 05:07:54
1280.00,2,2025-06-01 05:07:55
1008.00,4,2025-06-01 05:07:58
1408.00,3,2025-06-01 05:07:59
896.00,4,2025-06-01 05:08:01
800.00,1,2025-06-01 05:08:02
1568.00,1,2025-06-01 05:08:03
256.00,1,2025-06-01 05:08:05
1696.00,4,2025-06-01 05:08:06
736.00,2,2025-06-01 05:08:07
960.00,5,2025-06-01 05:08:08
1696.00,1,2025-06-01 05:08:09
960.00,3,2025-06-01 05:08:10
1568.00,2,2025-06-01 05:08:11
256.00,1,2025-06-01 05:08:12
1408.00,4,2025-06-01 05:08:13
1744.00,4,2025-06-01 05:08:14
224.00,2,2025-06-01 05:08:15
1184.00,4,2025-06-01 05:08:16
1440.00,2,2025-06-01 05:08:17
864.00,2,2025-06-01 05:08:18
2064.00,2,2025-06-01 05:08:19
704.00,2,2025-06-01 05:08:20
1456.00,4,2025-06-01 05:08:21
864.00,2,2025-06-01 05:08:22
304.00,1,2025-06-01 05:08:23
1120.00,5,2025-06-01 05:08:24
1200.00,4,2025-06-01 05:08:25
992.00,2,2025-06-01 05:08:26
704.00,1,2025-06-01 05:08:27
864.00,3,2025-06-01 05:08:28
864.00,1,2025-06-01 05:08:29
912.00,2,2025-06-01 05:08:30
704.00,2,2025-06-01 05:08:31
960.00,1,2025-06-01 05:08:32
1696.00,5,2025-06-01 05:08:34
1824.00,4,2025-06-01 05:08:36
960.00,4,2025-06-01 05:08:37
320.00,1,2025-06-01 05:08:38
688.00,5,2025-06-01 05:08:39
384.00,4,2025-06-01 05:08:40
576.00,4,2025-06-01 05:08:41
1536.00,3,2025-06-01 05:08:42
960.00,4,2025-06-01 05:08:44
1776.00,1,2025-06-01 05:08:45
192.00,2,2025-06-01 05:08:46
1248.00,2,2025-06-01 05:08:47
512.00,4,2025-06-01 05:08:48
2400.00,4,2025-06-01 05:08:49
1760.00,4,2025-06-01 05:08:50
912.00,2,2025-06-01 05:08:51
2016.00,5,2025-06-01 05:08:52
1440.00,4,2025-06-01 05:08:53
1376.00,5,2025-06-01 05:08:54
1312.00,3,2025-06-01 05:08:55
2272.00,1,2025-06-01 05:08:57
576.00,2,2025-06-01 05:08:58
224.00,2,2025-06-01 05:08:59
576.00,3,2025-06-01 05:09:00
1536.00,2,2025-06-01 05:09:01
1728.00,1,2025-06-01 05:09:02
1088.00,5,2025-06-01 05:09:03
1936.00,4,2025-06-01 05:09:04
1536.00,4,2025-06-01 05:09:05
608.00,4,2025-06-01 05:09:06
1712.00,3,2025-06-01 05:09:07
1536.00,4,2025-06-01 05:09:08
640.00,3,2025-06-01 05:09:09
640.00,5,2025-06-01 05:09:10
384.00,3,2025-06-01 05:09:11
1344.00,1,2025-06-01 05:09:12
1056.00,3,2025-06-01 05:09:13
192.00,2,2025-06-01 05:09:14
768.00,5,2025-06-01 05:09:16
1312.00,2,2025-06-01 05:09:17
1280.00,5,2025-06-01 05:09:18
1328.00,5,2025-06-01 05:09:19
928.00,5,2025-06-01 05:09:20
608.00,3,2025-06-01 05:09:21
864.00,1,2025-06-01 05:09:22
384.00,5,2025-06-01 05:09:23
256.00,4,2025-06-01 05:09:24
512.00,5,2025-06-01 05:09:25
1344.00,2,2025-06-01 05:09:26
1600.00,1,2025-06-01 05:09:27
912.00,5,2025-06-01 05:09:28
1184.00,1,2025-06-01 05:09:31
800.00,3,2025-06-01 05:09:33
768.00,4,2025-06-01 05:09:34
1184.00,4,2025-06-01 05:09:35
288.00,3,2025-06-01 05:09:36
1376.00,1,2025-06-01 05:09:37
192.00,4,2025-06-01 05:09:38
1056.00,4,2025-06-01 05:09:39
768.00,4,2025-06-01 05:09:40
672.00,3,2025-06-01 05:09:41
1728.00,1,2025-06-01 05:09:42
304.00,1,2025-06-01 05:09:43
768.00,1,2025-06-01 05:09:44
224.00,4,2025-06-01 05:09:45
1280.00,4,2025-06-01 05:09:46
528.00,2,2025-06-01 05:09:47
768.00,2,2025-06-01 05:09:48
1216.00,5,2025-06-01 05:09:49
544.00,1,2025-06-01 05:09:50
1280.00,2,2025-06-01 05:09:51
2336.00,4,2025-06-01 05:09:52
1152.00,4,2025-06-01 05:09:53
1472.00,3,2025-06-01 05:09:54
1600.00,3,2025-06-01 05:09:55
1792.00,4,2025-06-01 05:09:56
896.00,3,2025-06-01 05:09:57
1280.00,1,2025-06-01 05:09:58
608.00,2,2025-06-01 05:09:59
320.00,1,2025-06-01 05:10:00
1280.00,2,2025-06-01 05:10:02
2016.00,2,2025-06-01 05:10:03
2048.00,2,2025-06-01 05:10:04
592.00,3,2025-06-01 05:10:05
1152.00,2,2025-06-01 05:10:06
1936.00,1,2025-06-01 05:10:07
1488.00,1,2025-06-01 05:10:08
288.00,1,2025-06-01 05:10:09
304.00,5,2025-06-01 05:10:10
1600.00,3,2025-06-01 05:10:11
288.00,5,2025-06-01 05:10:12
1376.00,1,2025-06-01 05:10:13
1184.00,3,2025-06-01 05:10:14
1856.00,2,2025-06-01 05:10:15
640.00,2,2025-06-01 05:10:16
512.00,2,2025-06-01 05:10:17
1024.00,3,2025-06-01 05:10:18
1936.00,1,2025-06-01 05:10:19
960.00,5,2025-06-01 05:10:20
288.00,5,2025-06-01 05:10:21
544.00,2,2025-06-01 05:10:22
576.00,3,2025-06-01 05:10:23
960.00,4,2025-06-01 05:10:25
304.00,5,2025-06-01 05:10:26
768.00,4,2025-06-01 05:10:28
320.00,1,2025-06-01 05:10:30
1120.00,3,2025-06-01 05:10:31
384.00,2,2025-06-01 05:10:32
1696.00,5,2025-06-01 05:10:33
768.00,4,2025-06-01 05:10:34
1824.00,4,2025-06-01 05:10:35
384.00,4,2025-06-01 05:10:36
288.00,4,2025-06-01 05:10:37
576.00,4,2025-06-01 05:10:38
256.00,2,2025-06-01 05:10:39
1488.00,1,2025-06-01 05:10:40
2448.00,3,2025-06-01 05:10:41
576.00,4,2025-06-01 05:10:42
736.00,5,2025-06-01 05:10:43
224.00,1,2025-06-01 05:10:44
1056.00,2,2025-06-01 05:10:45
2176.00,5,2025-06-01 05:10:46
384.00,5,2025-06-01 05:10:47
1216.00,1,2025-06-01 05:10:48
1120.00,4,2025-06-01 05:10:50
672.00,5,2025-06-01 05:10:51
1440.00,2,2025-06-01 05:10:52
288.00,3,2025-06-01 05:10:53
800.00,2,2025-06-01 05:10:55
256.00,1,2025-06-01 05:10:56
768.00,3,2025-06-01 05:10:57
1024.00,3,2025-06-01 05:10:58
2016.00,3,2025-06-01 05:10:59
912.00,5,2025-06-01 05:11:00
224.00,2,2025-06-01 05:11:02
1264.00,1,2025-06-01 05:11:03
1472.00,1,2025-06-01 05:11:04
224.00,2,2025-06-01 05:11:05
1824.00,2,2025-06-01 05:11:06
256.00,3,2025-06-01 05:11:07
1520.00,4,2025-06-01 05:11:08
736.00,5,2025-06-01 05:11:09
2064.00,5,2025-06-01 05:11:10
1440.00,4,2025-06-01 05:11:11
1712.00,3,2025-06-01 05:11:12
1792.00,1,2025-06-01 05:11:13
304.00,5,2025-06-01 05:11:14
672.00,1,2025-06-01 05:11:15
1152.00,4,2025-06-01 05:11:16
1408.00,2,2025-06-01 05:11:17
1088.00,5,2025-06-01 05:11:18
768.00,1,2025-06-01 05:11:19
1712.00,3,2025-06-01 05:11:20
640.00,4,2025-06-01 05:11:22
448.00,3,2025-06-01 05:11:23
1760.00,5,2025-06-01 05:11:24
448.00,2,2025-06-01 05:11:25
720.00,3,2025-06-01 05:11:26
256.00,4,2025-06-01 05:11:28
864.00,3,2025-06-01 05:11:30
1472.00,1,2025-06-01 05:11:31
288.00,3,2025-06-01 05:11:33
1456.00,1,2025-06-01 05:11:34
768.00,5,2025-06-01 05:11:35
1056.00,5,2025-06-01 05:11:36
304.00,2,2025-06-01 05:11:37
608.00,4,2025-06-01 05:11:38
1920.00,2,2025-06-01 05:11:39
736.00,1,2025-06-01 05:11:40
704.00,2,2025-06-01 05:11:41
800.00,5,2025-06-01 05:11:43
768.00,4,2025-06-01 05:11:44
320.00,1,2025-06-01 05:11:45
1472.00,4,2025-06-01 05:11:46
1792.00,1,2025-06-01 05:11:47
576.00,1,2025-06-01 05:11:48
1536.00,2,2025-06-01 05:11:49
960.00,4,2025-06-01 05:11:50
448.00,1,2025-06-01 05:11:51
288.00,2,2025-06-01 05:11:52
1744.00,5,2025-06-01 05:11:53
800.00,3,2025-06-01 05:11:54
1312.00,4,2025-06-01 05:11:55
1024.00,1,2025-06-01 05:11:56
640.00,4,2025-06-01 05:11:58
768.00,3,2025-06-01 05:11:59
1280.00,1,2025-06-01 05:12:00
1184.00,5,2025-06-01 05:12:01
304.00,1,2025-06-01 05:12:02
384.00,2,2025-06-01 05:12:03
1776.00,3,2025-06-01 05:12:04
1280.00,2,2025-06-01 05:12:05
832.00,4,2025-06-01 05:12:06
448.00,3,2025-06-01 05:12:07
1568.00,2,2025-06-01 05:12:08
672.00,3,2025-06-01 05:12:09
1088.00,3,2025-06-01 05:12:10
2464.00,4,2025-06-01 05:12:11
512.00,5,2025-06-01 05:12:12
2112.00,2,2025-06-01 05:12:13
1216.00,3,2025-06-01 05:12:14
1728.00,2,2025-06-01 05:12:15
1152.00,3,2025-06-01 05:12:16
1568.00,4,2025-06-01 05:12:17
512.00,5,2025-06-01 05:12:18
640.00,5,2025-06-01 05:12:19
1248.00,4,2025-06-01 05:12:20
576.00,3,2025-06-01 05:12:21
1312.00,5,2025-06-01 05:12:22
1728.00,3,2025-06-01 05:12:23
1376.00,4,2025-06-01 05:12:24
512.00,5,2025-06-01 05:12:25
288.00,3,2025-06-01 05:12:26
592.00,1,2025-06-01 05:12:28
640.00,4,2025-06-01 05:12:29
1280.00,1,2025-06-01 05:12:30
2352.00,5,2025-06-01 05:12:31
768.00,3,2025-06-01 05:12:32
1600.00,4,2025-06-01 05:12:33
544.00,2,2025-06-01 05:12:35
1440.00,2,2025-06-01 05:12:37
672.00,3,2025-06-01 05:12:38
1408.00,3,2025-06-01 05:12:39
288.00,4,2025-06-01 05:12:40
1408.00,2,2025-06-01 05:12:41
800.00,1,2025-06-01 05:12:42
672.00,3,2025-06-01 05:12:43
960.00,1,2025-06-01 05:12:44
192.00,1,2025-06-01 05:12:45
1184.00,2,2025-06-01 05:12:46
224.00,1,2025-06-01 05:12:47
1216.00,2,2025-06-01 05:12:48
1152.00,1,2025-06-01 05:12:49
2368.00,3,2025-06-01 05:12:50
1216.00,1,2025-06-01 05:12:52
320.00,4,2025-06-01 05:12:53
1280.00,2,2025-06-01 05:12:54
1152.00,5,2025-06-01 05:12:55
1280.00,2,2025-06-01 05:12:57
384.00,2,2025-06-01 05:12:58
1568.00,5,2025-06-01 05:12:59
1168.00,5,2025-06-01 05:13:00
1280.00,2,2025-06-01 05:13:02
448.00,1,2025-06-01 05:13:03
960.00,4,2025-06-01 05:13:04
512.00,1,2025-06-01 05:13:05
1152.00,3,2025-06-01 05:13:07
1120.00,2,2025-06-01 05:13:09
1472.00,2,2025-06-01 05:13:10
1248.00,3,2025-06-01 05:13:11
224.00,3,2025-06-01 05:13:12
544.00,1,2025-06-01 05:13:13
1952.00,1,2025-06-01 05:13:14
576.00,1,2025-06-01 05:13:15
1888.00,4,2025-06-01 05:13:16
1792.00,3,2025-06-01 05:13:17
576.00,3,2025-06-01 05:13:18
1024.00,1,2025-06-01 05:13:19
1088.00,4,2025-06-01 05:13:20
832.00,5,2025-06-01 05:13:21
1024.00,5,2025-06-01 05:13:22
2384.00,1,2025-06-01 05:13:23
960.00,3,2025-06-01 05:13:24
1056.00,1,2025-06-01 05:13:25
576.00,1,2025-06-01 05:13:26
832.00,4,2025-06-01 05:13:27
1360.00,3,2025-06-01 05:13:28
896.00,4,2025-06-01 05:13:30
864.00,1,2025-06-01 05:13:31
1216.00,3,2025-06-01 05:13:32
928.00,5,2025-06-01 05:13:33
224.00,4,2025-06-01 05:13:34
256.00,4,2025-06-01 05:13:35
1824.00,4,2025-06-01 05:13:36
752.00,2,2025-06-01 05:13:37
304.00,3,2025-06-01 05:13:38
768.00,4,2025-06-01 05:13:39
928.00,4,2025-06-01 05:13:40
448.00,4,2025-06-01 05:13:42
1216.00,3,2025-06-01 05:13:43
192.00,3,2025-06-01 05:13:44
1440.00,1,2025-06-01 05:13:45
2064.00,5,2025-06-01 05:13:46
800.00,3,2025-06-01 05:13:48
1376.00,1,2025-06-01 05:13:49
880.00,4,2025-06-01 05:13:50
576.00,2,2025-06-01 05:13:51
768.00,3,2025-06-01 05:13:52
288.00,1,2025-06-01 05:13:53
1632.00,2,2025-06-01 05:13:54
1360.00,1,2025-06-01 05:13:55
1280.00,1,2025-06-01 05:13:56
1184.00,2,2025-06-01 05:13:57
560.00,2,2025-06-01 05:13:58
1152.00,5,2025-06-01 05:13:59
768.00,2,2025-06-01 05:14:00
864.00,5,2025-06-01 05:14:01
1280.00,3,2025-06-01 05:14:02
1536.00,1,2025-06-01 05:14:03
1920.00,5,2025-06-01 05:14:04
480.00,4,2025-06-01 05:14:05
1504.00,4,2025-06-01 05:14:06
1024.00,2,2025-06-01 05:14:07
2256.00,1,2025-06-01 05:14:08
640.00,2,2025-06-01 05:14:09
1216.00,4,2025-06-01 05:14:10
1552.00,5,2025-06-01 05:14:11
1312.00,3,2025-06-01 05:14:12
1312.00,2,2025-06-01 05:14:13
1760.00,2,2025-06-01 05:14:14
1648.00,1,2025-06-01 05:14:15
1472.00,1,2025-06-01 05:14:16
1376.00,3,2025-06-01 05:14:17
912.00,5,2025-06-01 05:14:19
1280.00,3,2025-06-01 05:14:21
1024.00,5,2025-06-01 05:14:22
576.00,4,2025-06-01 05:14:23
304.00,1,2025-06-01 05:14:24
1376.00,5,2025-06-01 05:14:25
912.00,3,2025-06-01 05:14:26
768.00,3,2025-06-01 05:14:27
1088.00,3,2025-06-01 05:14:28
1344.00,4,2025-06-01 05:14:30
288.00,4,2025-06-01 05:14:31
576.00,2,2025-06-01 05:14:32
608.00,4,2025-06-01 05:14:34
768.00,3,2025-06-01 05:14:35
1760.00,1,2025-06-01 05:14:37
864.00,3,2025-06-01 05:14:38
1280.00,1,2025-06-01 05:14:39
832.00,3,2025-06-01 05:14:40
1344.00,4,2025-06-01 05:14:41
832.00,4,2025-06-01 05:14:42
1392.00,2,2025-06-01 05:14:43
512.00,5,2025-06-01 05:14:44
832.00,4,2025-06-01 05:14:45
320.00,5,2025-06-01 05:14:46
512.00,4,2025-06-01 05:14:47
1728.00,2,2025-06-01 05:14:48
1184.00,4,2025-06-01 05:14:49
1248.00,5,2025-06-01 05:14:50
304.00,2,2025-06-01 05:14:51
992.00,4,2025-06-01 05:14:53
960.00,2,2025-06-01 05:14:54
576.00,5,2025-06-01 05:14:55
576.00,3,2025-06-01 05:14:56
1872.00,4,2025-06-01 05:14:57
1696.00,2,2025-06-01 05:14:58
2048.00,1,2025-06-01 05:14:59
1120.00,3,2025-06-01 05:15:00
912.00,2,2025-06-01 05:15:01
288.00,1,2025-06-01 05:15:02
768.00,4,2025-06-01 05:15:03
640.00,4,2025-06-01 05:15:04
1536.00,3,2025-06-01 05:15:05
576.00,2,2025-06-01 05:15:07
1408.00,2,2025-06-01 05:15:08
1232.00,5,2025-06-01 05:15:09
2048.00,2,2025-06-01 05:15:10
640.00,2,2025-06-01 05:15:12
1456.00,2,2025-06-01 05:15:13
192.00,5,2025-06-01 05:15:14
768.00,4,2025-06-01 05:15:15
2080.00,1,2025-06-01 05:15:16
256.00,5,2025-06-01 05:15:17
1600.00,1,2025-06-01 05:15:18
576.00,2,2025-06-01 05:15:19
1184.00,1,2025-06-01 05:15:20
1088.00,4,2025-06-01 05:15:21
816.00,3,2025-06-01 05:15:22
880.00,1,2025-06-01 05:15:23
2544.00,1,2025-06-01 05:15:24
2128.00,1,2025-06-01 05:15:25
768.00,2,2025-06-01 05:15:26
1280.00,5,2025-06-01 05:15:27
1696.00,4,2025-06-01 05:15:28
2016.00,3,2025-06-01 05:15:29
1536.00,3,2025-06-01 05:15:30
608.00,5,2025-06-01 05:15:31
2048.00,5,2025-06-01 05:15:33
912.00,5,2025-06-01 05:15:34
1088.00,5,2025-06-01 05:15:35
224.00,5,2025-06-01 05:15:36
480.00,3,2025-06-01 05:15:37
192.00,5,2025-06-01 05:15:38
640.00,5,2025-06-01 05:15:39
1312.00,1,2025-06-01 05:15:40
1184.00,3,2025-06-01 05:15:41
1440.00,4,2025-06-01 05:15:42
384.00,2,2025-06-01 05:15:43
1248.00,3,2025-06-01 05:15:44
864.00,2,2025-06-01 05:15:46
768.00,1,2025-06-01 05:15:47
1056.00,2,2025-06-01 05:15:48
224.00,2,2025-06-01 05:15:49
992.00,1,2025-06-01 05:15:51
1504.00,4,2025-06-01 05:15:52
1088.00,4,2025-06-01 05:15:53
304.00,1,2025-06-01 05:15:54
960.00,3,2025-06-01 05:15:55
1984.00,3,2025-06-01 05:15:56
512.00,2,2025-06-01 05:15:57
800.00,2,2025-06-01 05:15:58
912.00,5,2025-06-01 05:15:59
384.00,2,2025-06-01 05:16:00
1376.00,2,2025-06-01 05:16:01
1216.00,3,2025-06-01 05:16:02
256.00,5,2025-06-01 05:16:03
2080.00,3,2025-06-01 05:16:04
1536.00,3,2025-06-01 05:16:05
320.00,3,2025-06-01 05:16:06
864.00,1,2025-06-01 05:16:07
2000.00,2,2025-06-01 05:16:08
672.00,2,2025-06-01 05:16:09
512.00,5,2025-06-01 05:16:10
288.00,2,2025-06-01 05:16:11
1440.00,4,2025-06-01 05:16:12
512.00,5,2025-06-01 05:16:13
1152.00,5,2025-06-01 05:16:14
1824.00,3,2025-06-01 05:16:15
2016.00,1,2025-06-01 05:16:16
512.00,3,2025-06-01 05:16:17
192.00,4,2025-06-01 05:16:18
256.00,5,2025-06-01 05:16:19
448.00,2,2025-06-01 05:16:20
384.00,3,2025-06-01 05:16:21
1424.00,3,2025-06-01 05:16:22
1568.00,5,2025-06-01 05:16:23
1760.00,4,2025-06-01 05:16:24
1504.00,4,2025-06-01 05:16:25
1344.00,3,2025-06-01 05:16:26
1680.00,5,2025-06-01 05:16:27
1248.00,3,2025-06-01 05:16:28
816.00,3,2025-06-01 05:16:30
448.00,4,2025-06-01 05:16:31
192.00,2,2025-06-01 05:16:32
944.00,5,2025-06-01 05:16:33
992.00,3,2025-06-01 05:16:34
1120.00,3,2025-06-01 05:16:36
1440.00,5,2025-06-01 05:16:37
880.00,5,2025-06-01 05:16:38
1152.00,2,2025-06-01 05:16:39
1632.00,1,2025-06-01 05:16:40
288.00,1,2025-06-01 05:16:41
320.00,1,2025-06-01 05:16:43
800.00,1,2025-06-01 05:16:44
256.00,3,2025-06-01 05:16:45
384.00,5,2025-06-01 05:16:46
1120.00,3,2025-06-01 05:16:47
2048.00,2,2025-06-01 05:16:48
1280.00,3,2025-06-01 05:16:49
544.00,2,2025-06-01 05:16:51
1632.00,5,2025-06-01 05:16:52
1152.00,1,2025-06-01 05:16:53
256.00,2,2025-06-01 05:16:54
288.00,4,2025-06-01 05:16:55
768.00,5,2025-06-01 05:16:56
608.00,1,2025-06-01 05:16:57
256.00,2,2025-06-01 05:16:58
1376.00,5,2025-06-01 05:16:59
1216.00,2,2025-06-01 05:17:00
1152.00,2,2025-06-01 05:17:01
2208.00,2,2025-06-01 05:17:02
1344.00,4,2025-06-01 05:17:03
704.00,3,2025-06-01 05:17:04
768.00,5,2025-06-01 05:17:05
992.00,3,2025-06-01 05:17:06
512.00,1,2025-06-01 05:17:07
288.00,5,2025-06-01 05:17:08
1888.00,5,2025-06-01 05:17:09
1760.00,2,2025-06-01 05:17:10
1024.00,1,2025-06-01 05:17:12
672.00,3,2025-06-01 05:17:13
2592.00,4,2025-06-01 05:17:14
1600.00,4,2025-06-01 05:17:15
736.00,1,2025-06-01 05:17:16
1376.00,1,2025-06-01 05:17:17
1376.00,5,2025-06-01 05:17:19
832.00,5,2025-06-01 05:17:20
1520.00,5,2025-06-01 05:17:21
1248.00,2,2025-06-01 05:17:22
1568.00,2,2025-06-01 05:17:23
1728.00,2,2025-06-01 05:17:24
1536.00,5,2025-06-01 05:17:25
1936.00,1,2025-06-01 05:17:26
960.00,1,2025-06-01 05:17:27
1280.00,2,2025-06-01 05:17:28
1264.00,3,2025-06-01 05:17:29
768.00,1,2025-06-01 05:17:30
1184.00,4,2025-06-01 05:17:31
496.00,4,2025-06-01 05:17:32
1856.00,2,2025-06-01 05:17:33
832.00,3,2025-06-01 05:17:34
512.00,1,2025-06-01 05:17:35
864.00,5,2025-06-01 05:17:36
1216.00,1,2025-06-01 05:17:37
608.00,4,2025-06-01 05:17:38
256.00,4,2025-06-01 05:17:39
512.00,3,2025-06-01 05:17:40
768.00,4,2025-06-01 05:17:41
192.00,5,2025-06-01 05:17:42
1440.00,5,2025-06-01 05:17:43
304.00,4,2025-06-01 05:17:44
1376.00,3,2025-06-01 05:17:45
1248.00,1,2025-06-01 05:17:46
880.00,2,2025-06-01 05:17:47
1776.00,1,2025-06-01 05:17:49
1600.00,1,2025-06-01 05:17:50
512.00,1,2025-06-01 05:17:51
384.00,2,2025-06-01 05:17:52
1216.00,1,2025-06-01 05:17:53
1728.00,2,2025-06-01 05:17:54
1664.00,4,2025-06-01 05:17:55
768.00,4,2025-06-01 05:17:56
192.00,4,2025-06-01 05:17:57
1152.00,4,2025-06-01 05:17:58
1600.00,5,2025-06-01 05:17:59
1088.00,5,2025-06-01 05:18:00
2112.00,1,2025-06-01 05:18:01
256.00,5,2025-06-01 05:18:02
992.00,3,2025-06-01 05:18:03
2400.00,1,2025-06-01 05:18:04
1440.00,5,2025-06-01 05:18:05
256.00,2,2025-06-01 05:18:06
800.00,4,2025-06-01 05:18:07
256.00,4,2025-06-01 05:18:08
672.00,2,2025-06-01 05:18:09
768.00,3,2025-06-01 05:18:10
1408.00,4,2025-06-01 05:18:11
256.00,2,2025-06-01 05:18:12
1280.00,4,2025-06-01 05:18:13
768.00,4,2025-06-01 05:18:14
1424.00,3,2025-06-01 05:18:15
1248.00,2,2025-06-01 05:18:16
1760.00,3,2025-06-01 05:18:18
1248.00,5,2025-06-01 05:18:19
1184.00,4,2025-06-01 05:18:20
1568.00,4,2025-06-01 05:18:21
576.00,3,2025-06-01 05:18:22
1056.00,5,2025-06-01 05:18:23
1408.00,5,2025-06-01 05:18:24
576.00,5,2025-06-01 05:18:25
1280.00,1,2025-06-01 05:18:26
1088.00,5,2025-06-01 05:18:27
1792.00,5,2025-06-01 05:18:28
1024.00,5,2025-06-01 05:18:29
1488.00,4,2025-06-01 05:18:30
832.00,5,2025-06-01 05:18:31
1824.00,4,2025-06-01 05:18:32
256.00,5,2025-06-01 05:18:33
1536.00,4,2025-06-01 05:18:34
1792.00,5,2025-06-01 05:18:35
1088.00,5,2025-06-01 05:18:36
608.00,5,2025-06-01 05:18:37
224.00,5,2025-06-01 05:18:38
896.00,2,2025-06-01 05:18:39
320.00,2,2025-06-01 05:18:40
608.00,3,2025-06-01 05:18:41
1792.00,2,2025-06-01 05:18:42
512.00,1,2025-06-01 05:18:43
1728.00,4,2025-06-01 05:18:45
1344.00,3,2025-06-01 05:18:46
928.00,4,2025-06-01 05:18:47
192.00,4,2025-06-01 05:18:48
864.00,1,2025-06-01 05:18:49
256.00,4,2025-06-01 05:18:50
2144.00,5,2025-06-01 05:18:51
576.00,5,2025-06-01 05:18:52
288.00,4,2025-06-01 05:18:53
304.00,4,2025-06-01 05:18:54
672.00,2,2025-06-01 05:18:55
1952.00,5,2025-06-01 05:18:56
1088.00,2,2025-06-01 05:18:57
1440.00,4,2025-06-01 05:18:58
560.00,1,2025-06-01 05:18:59
448.00,5,2025-06-01 05:19:00
1200.00,5,2025-06-01 05:19:01
1088.00,4,2025-06-01 05:19:02
1248.00,4,2025-06-01 05:19:03
576.00,4,2025-06-01 05:19:04
1840.00,2,2025-06-01 05:19:05
1152.00,1,2025-06-01 05:19:06
256.00,1,2025-06-01 05:19:07
912.00,3,2025-06-01 05:19:08
864.00,3,2025-06-01 05:19:10
448.00,5,2025-06-01 05:19:12
864.00,2,2025-06-01 05:19:13
1568.00,3,2025-06-01 05:19:14
1056.00,5,2025-06-01 05:19:15
1024.00,4,2025-06-01 05:19:16
1536.00,5,2025-06-01 05:19:17
2336.00,3,2025-06-01 05:19:18
1264.00,3,2025-06-01 05:19:19
864.00,2,2025-06-01 05:19:20
960.00,4,2025-06-01 05:19:23
2304.00,2,2025-06-01 05:19:24
1056.00,5,2025-06-01 05:19:25
1296.00,5,2025-06-01 05:19:26
1728.00,1,2025-06-01 05:19:27
192.00,4,2025-06-01 05:19:28
896.00,4,2025-06-01 05:19:29
912.00,2,2025-06-01 05:19:30
576.00,2,2025-06-01 05:19:31
1440.00,3,2025-06-01 05:19:32
576.00,4,2025-06-01 05:19:33
672.00,4,2025-06-01 05:19:34
1536.00,3,2025-06-01 05:19:35
768.00,5,2025-06-01 05:19:36
1664.00,3,2025-06-01 05:19:37
224.00,3,2025-06-01 05:19:38
1280.00,5,2025-06-01 05:19:39
1856.00,1,2025-06-01 05:19:40
448.00,2,2025-06-01 05:19:41
1536.00,1,2025-06-01 05:19:42
2336.00,1,2025-06-01 05:19:44
832.00,5,2025-06-01 05:19:45
2304.00,5,2025-06-01 05:19:46
768.00,3,2025-06-01 05:19:47
1216.00,3,2025-06-01 05:19:48
768.00,2,2025-06-01 05:19:51
1344.00,4,2025-06-01 05:19:52
1504.00,3,2025-06-01 05:19:54
288.00,5,2025-06-01 05:19:55
512.00,3,2025-06-01 05:19:56
1728.00,1,2025-06-01 05:19:57
912.00,2,2025-06-01 05:19:58
1600.00,5,2025-06-01 05:20:00
1472.00,4,2025-06-01 05:20:01
912.00,5,2025-06-01 05:20:02
1280.00,1,2025-06-01 05:20:04
1120.00,1,2025-06-01 05:20:05
544.00,2,2025-06-01 05:20:06
2112.00,3,2025-06-01 05:20:07
256.00,5,2025-06-01 05:20:08
1584.00,5,2025-06-01 05:20:09
1760.00,5,2025-06-01 05:20:10
864.00,5,2025-06-01 05:20:11
1024.00,4,2025-06-01 05:20:13
896.00,3,2025-06-01 05:20:14
832.00,4,2025-06-01 05:20:15
1920.00,5,2025-06-01 05:20:16
1680.00,3,2025-06-01 05:20:17
576.00,5,2025-06-01 05:20:18
1280.00,2,2025-06-01 05:20:19
1936.00,4,2025-06-01 05:20:20
1344.00,2,2025-06-01 05:20:21
672.00,1,2025-06-01 05:20:22
192.00,5,2025-06-01 05:20:23
864.00,3,2025-06-01 05:20:24
2016.00,3,2025-06-01 05:20:25
768.00,2,2025-06-01 05:20:26
672.00,1,2025-06-01 05:20:27
1168.00,5,2025-06-01 05:20:28
1568.00,2,2025-06-01 05:20:29
672.00,3,2025-06-01 05:20:31
864.00,5,2025-06-01 05:20:32
864.00,1,2025-06-01 05:20:33
896.00,1,2025-06-01 05:20:35
880.00,3,2025-06-01 05:20:36
928.00,2,2025-06-01 05:20:37
544.00,1,2025-06-01 05:20:38
1792.00,2,2025-06-01 05:20:39
192.00,5,2025-06-01 05:20:40
864.00,3,2025-06-01 05:20:42
2128.00,1,2025-06-01 05:20:43
192.00,3,2025-06-01 05:20:44
800.00,5,2025-06-01 05:20:45
816.00,1,2025-06-01 05:20:46
768.00,4,2025-06-01 05:20:47
864.00,2,2025-06-01 05:20:48
256.00,4,2025-06-01 05:20:49
640.00,3,2025-06-01 05:20:50
1600.00,4,2025-06-01 05:20:51
800.00,5,2025-06-01 05:20:52
2688.00,1,2025-06-01 05:20:53
912.00,3,2025-06-01 05:20:54
800.00,4,2025-06-01 05:20:55
864.00,5,2025-06-01 05:20:56
928.00,2,2025-06-01 05:20:57
2384.00,3,2025-06-01 05:20:58
576.00,1,2025-06-01 05:20:59
1088.00,4,2025-06-01 05:21:00
576.00,5,2025-06-01 05:21:01
928.00,1,2025-06-01 05:21:04
1280.00,4,2025-06-01 05:21:05
864.00,1,2025-06-01 05:21:06
960.00,2,2025-06-01 05:21:07
2496.00,4,2025-06-01 05:21:08
768.00,3,2025-06-01 05:21:09
768.00,2,2025-06-01 05:21:10
576.00,2,2025-06-01 05:21:11
832.00,3,2025-06-01 05:21:12
1536.00,2,2025-06-01 05:21:14
1280.00,5,2025-06-01 05:21:17
1376.00,4,2025-06-01 05:21:18
224.00,5,2025-06-01 05:21:19
1088.00,1,2025-06-01 05:21:20
1312.00,3,2025-06-01 05:21:22
1728.00,1,2025-06-01 05:21:23
2032.00,4,2025-06-01 05:21:24
784.00,2,2025-06-01 05:21:25
2304.00,4,2025-06-01 05:21:26
1056.00,2,2025-06-01 05:21:27
1840.00,5,2025-06-01 05:21:28
1488.00,2,2025-06-01 05:21:30
1440.00,1,2025-06-01 05:21:31
576.00,3,2025-06-01 05:21:32
2272.00,5,2025-06-01 05:21:33
512.00,3,2025-06-01 05:21:34
1104.00,3,2025-06-01 05:21:36
1664.00,4,2025-06-01 05:21:37
288.00,5,2025-06-01 05:21:38
992.00,1,2025-06-01 05:21:39
448.00,4,2025-06-01 05:21:41
1248.00,3,2025-06-01 05:21:42
448.00,1,2025-06-01 05:21:43
864.00,2,2025-06-01 05:21:44
768.00,4,2025-06-01 05:21:46
1728.00,4,2025-06-01 05:21:47
1216.00,2,2025-06-01 05:21:48
1152.00,4,2025-06-01 05:21:49
1824.00,5,2025-06-01 05:21:50
1312.00,4,2025-06-01 05:21:51
1440.00,4,2025-06-01 05:21:52
1888.00,4,2025-06-01 05:21:53
1440.00,5,2025-06-01 05:21:54
1472.00,5,2025-06-01 05:21:55
640.00,1,2025-06-01 05:21:56
672.00,3,2025-06-01 05:21:57
864.00,4,2025-06-01 05:21:59
304.00,5,2025-06-01 05:22:00
256.00,2,2025-06-01 05:22:01
1376.00,1,2025-06-01 05:22:02
672.00,5,2025-06-01 05:22:03
1120.00,5,2025-06-01 05:22:04
1248.00,2,2025-06-01 05:22:05
1296.00,3,2025-06-01 05:22:06
256.00,2,2025-06-01 05:22:07
1664.00,1,2025-06-01 05:22:08
1184.00,1,2025-06-01 05:22:09
384.00,2,2025-06-01 05:22:10
928.00,2,2025-06-01 05:22:11
768.00,3,2025-06-01 05:22:14
512.00,4,2025-06-01 05:22:15
1184.00,2,2025-06-01 05:22:16
1952.00,5,2025-06-01 05:22:17
2208.00,5,2025-06-01 05:22:18
1456.00,4,2025-06-01 05:22:19
832.00,2,2025-06-01 05:22:20
256.00,5,2025-06-01 05:22:22
1056.00,1,2025-06-01 05:22:23
1184.00,4,2025-06-01 05:22:24
384.00,2,2025-06-01 05:22:25
1024.00,3,2025-06-01 05:22:26
288.00,5,2025-06-01 05:22:27
1184.00,2,2025-06-01 05:22:28
2736.00,4,2025-06-01 05:22:29
448.00,3,2025-06-01 05:22:31
1552.00,3,2025-06-01 05:22:32
1536.00,4,2025-06-01 05:22:33
672.00,4,2025-06-01 05:22:34
512.00,5,2025-06-01 05:22:36
304.00,1,2025-06-01 05:22:37
1280.00,5,2025-06-01 05:22:38
1248.00,3,2025-06-01 05:22:39
576.00,3,2025-06-01 05:22:40
1344.00,1,2025-06-01 05:22:41
768.00,4,2025-06-01 05:22:42
1568.00,4,2025-06-01 05:22:43
736.00,4,2025-06-01 05:22:44
1408.00,4,2025-06-01 05:22:45
2048.00,2,2025-06-01 05:22:46
576.00,1,2025-06-01 05:22:47
1664.00,3,2025-06-01 05:22:48
1792.00,4,2025-06-01 05:22:50
896.00,1,2025-06-01 05:22:52
608.00,3,2025-06-01 05:22:53
1472.00,3,2025-06-01 05:22:54
1248.00,5,2025-06-01 05:22:55
304.00,1,2025-06-01 05:22:56
480.00,3,2025-06-01 05:22:57
1024.00,5,2025-06-01 05:22:58
192.00,4,2025-06-01 05:22:59
2400.00,5,2025-06-01 05:23:00
2016.00,3,2025-06-01 05:23:01
544.00,5,2025-06-01 05:23:02
288.00,2,2025-06-01 05:23:04
992.00,1,2025-06-01 05:23:06
512.00,4,2025-06-01 05:23:07
1152.00,5,2025-06-01 05:23:08
640.00,1,2025-06-01 05:23:09
800.00,2,2025-06-01 05:23:10
1376.00,3,2025-06-01 05:23:11
2192.00,3,2025-06-01 05:23:12
640.00,1,2025-06-01 05:23:14
880.00,2,2025-06-01 05:23:15
1824.00,3,2025-06-01 05:23:16
800.00,1,2025-06-01 05:23:17
512.00,4,2025-06-01 05:23:18
960.00,5,2025-06-01 05:23:19
2112.00,5,2025-06-01 05:23:20
880.00,5,2025-06-01 05:23:21
1184.00,5,2025-06-01 05:23:22
1376.00,3,2025-06-01 05:23:24
1920.00,5,2025-06-01 05:23:25
640.00,2,2025-06-01 05:23:26
320.00,1,2025-06-01 05:23:27
224.00,1,2025-06-01 05:23:28
864.00,2,2025-06-01 05:23:29
1856.00,2,2025-06-01 05:23:30
288.00,2,2025-06-01 05:23:32
2112.00,5,2025-06-01 05:23:33
512.00,4,2025-06-01 05:23:34
768.00,2,2025-06-01 05:23:35
1360.00,1,2025-06-01 05:23:36
576.00,2,2025-06-01 05:23:37
912.00,3,2025-06-01 05:23:38
304.00,5,2025-06-01 05:23:39
2048.00,3,2025-06-01 05:23:40
304.00,4,2025-06-01 05:23:41
512.00,1,2025-06-01 05:23:42
768.00,4,2025-06-01 05:23:43
1440.00,3,2025-06-01 05:23:45
2336.00,2,2025-06-01 05:23:46
288.00,5,2025-06-01 05:23:47
224.00,1,2025-06-01 05:23:48
1552.00,2,2025-06-01 05:23:49
1152.00,4,2025-06-01 05:23:50
976.00,5,2025-06-01 05:23:51
1152.00,5,2025-06-01 05:23:53
1264.00,5,2025-06-01 05:23:55
2208.00,2,2025-06-01 05:23:56
224.00,5,2025-06-01 05:23:57
256.00,2,2025-06-01 05:23:58
256.00,2,2025-06-01 05:23:59
1152.00,4,2025-06-01 05:24:00
1424.00,3,2025-06-01 05:24:01
1392.00,3,2025-06-01 05:24:02
1152.00,5,2025-06-01 05:24:04
256.00,4,2025-06-01 05:24:05
2016.00,2,2025-06-01 05:24:06
2032.00,4,2025-06-01 05:24:07
288.00,3,2025-06-01 05:24:08
1568.00,4,2025-06-01 05:24:09
512.00,4,2025-06-01 07:18:52
1504.00,4,2025-06-01 07:18:53
1824.00,5,2025-06-01 07:18:54
384.00,3,2025-06-01 07:18:57
1376.00,5,2025-06-01 07:18:58
1376.00,5,2025-06-01 07:18:59
1536.00,2,2025-06-01 07:19:00
384.00,4,2025-06-01 07:19:01
960.00,2,2025-06-01 07:19:03
2064.00,2,2025-06-01 07:19:04
288.00,2,2025-06-01 07:19:05
1344.00,3,2025-06-01 07:19:07
864.00,2,2025-06-01 07:19:08
1376.00,3,2025-06-01 07:19:11
1024.00,1,2025-06-01 07:19:13
864.00,4,2025-06-01 07:19:15
768.00,5,2025-06-01 07:19:16
192.00,1,2025-06-01 07:19:17
1408.00,4,2025-06-01 07:19:19
1184.00,5,2025-06-01 07:19:21
384.00,5,2025-06-01 07:19:22
304.00,5,2025-06-01 07:19:23
1136.00,2,2025-06-01 07:19:24
1920.00,3,2025-06-01 07:19:25
880.00,4,2025-06-01 07:19:26
192.00,3,2025-06-01 07:19:27
768.00,5,2025-06-01 07:19:30
912.00,1,2025-06-01 07:19:31
192.00,1,2025-06-01 07:19:32
1024.00,1,2025-06-01 07:19:33
1600.00,4,2025-06-01 07:19:34
864.00,1,2025-06-01 07:19:36
2048.00,2,2025-06-01 07:19:38
1632.00,5,2025-06-01 07:19:39
672.00,4,2025-06-01 07:19:40
912.00,3,2025-06-01 07:19:42
304.00,4,2025-06-01 07:19:43
1152.00,1,2025-06-01 07:19:45
1024.00,1,2025-06-01 07:19:46
864.00,3,2025-06-01 07:19:47
1488.00,4,2025-06-01 07:19:48
1728.00,1,2025-06-01 07:19:49
912.00,4,2025-06-01 07:19:50
912.00,5,2025-06-01 07:19:51
512.00,3,2025-06-01 07:19:54
1024.00,4,2025-06-01 07:19:55
1600.00,5,2025-06-01 07:19:56
1376.00,5,2025-06-01 07:19:59
2016.00,1,2025-06-01 07:20:00
1408.00,5,2025-06-01 07:20:01
768.00,1,2025-06-01 07:20:02
1024.00,4,2025-06-01 07:20:04
576.00,2,2025-06-01 07:20:05
1280.00,4,2025-06-01 07:20:06
1152.00,3,2025-06-01 07:20:07
1600.00,1,2025-06-01 07:20:09
864.00,5,2025-06-01 07:20:11
288.00,5,2025-06-01 07:20:15
576.00,1,2025-06-01 07:20:18
768.00,1,2025-06-01 07:20:19
1312.00,1,2025-06-01 07:20:20
1344.00,2,2025-06-01 07:20:24
864.00,3,2025-06-01 07:20:25
960.00,4,2025-06-01 07:20:27
1440.00,5,2025-06-01 07:20:28
960.00,1,2025-06-01 07:20:30
2464.00,4,2025-06-01 07:20:31
864.00,5,2025-06-01 07:20:32
1728.00,2,2025-06-01 07:20:33
864.00,2,2025-06-01 07:20:36
1568.00,3,2025-06-01 07:20:37
1120.00,3,2025-06-01 07:20:39
512.00,4,2025-06-01 07:20:40
960.00,3,2025-06-01 07:20:42
1600.00,2,2025-06-01 07:20:43
1632.00,3,2025-06-01 07:20:44
288.00,2,2025-06-01 07:20:45
576.00,5,2025-06-01 07:20:46
288.00,1,2025-06-01 07:20:47
2112.00,2,2025-06-01 07:20:49
2112.00,3,2025-06-01 07:20:50
576.00,5,2025-06-01 07:20:51
288.00,4,2025-06-01 07:20:52
576.00,1,2025-06-01 07:20:54
768.00,5,2025-06-01 07:20:58
576.00,4,2025-06-01 07:20:59
2016.00,1,2025-06-01 07:21:03
320.00,4,2025-06-01 07:21:05
1504.00,3,2025-06-01 07:21:06
1104.00,3,2025-06-01 07:21:09
1712.00,1,2025-06-01 07:21:10
768.00,1,2025-06-01 07:21:11
864.00,2,2025-06-01 07:21:12
256.00,5,2025-06-01 07:21:13
448.00,5,2025-06-01 07:21:14
672.00,5,2025-06-01 07:21:15
640.00,1,2025-06-01 07:21:16
640.00,5,2025-06-01 07:21:17
1216.00,4,2025-06-01 07:21:18
576.00,2,2025-06-01 07:21:19
448.00,2,2025-06-01 07:21:22
288.00,3,2025-06-01 07:21:23
864.00,3,2025-06-01 07:21:24
1824.00,1,2025-06-01 07:21:25
864.00,2,2025-06-01 07:21:26
1632.00,4,2025-06-01 07:21:27
800.00,2,2025-06-01 07:21:28
1168.00,4,2025-06-01 07:21:29
1344.00,5,2025-06-01 07:21:30
512.00,4,2025-06-01 07:21:31
576.00,5,2025-06-01 07:21:32
672.00,3,2025-06-01 07:21:37
304.00,3,2025-06-01 07:21:38
2400.00,2,2025-06-01 07:21:40
1120.00,1,2025-06-01 07:21:43
1088.00,1,2025-06-01 07:21:44
928.00,5,2025-06-01 07:21:45
2304.00,2,2025-06-01 07:21:47
640.00,4,2025-06-01 07:21:48
576.00,5,2025-06-01 07:21:50
1568.00,2,2025-06-01 07:21:51
640.00,5,2025-06-01 07:21:52
1120.00,3,2025-06-01 07:21:57
1824.00,3,2025-06-01 07:21:58
512.00,4,2025-06-01 07:21:59
784.00,5,2025-06-01 07:22:00
512.00,2,2025-06-01 07:22:04
1280.00,5,2025-06-01 07:22:05
1664.00,3,2025-06-01 07:22:06
576.00,3,2025-06-01 07:22:08
576.00,5,2025-06-01 07:22:09
1312.00,2,2025-06-01 07:22:10
256.00,3,2025-06-01 07:22:11
768.00,2,2025-06-01 07:22:13
256.00,4,2025-06-01 07:22:16
576.00,4,2025-06-01 07:22:17
864.00,5,2025-06-01 07:22:18
304.00,4,2025-06-01 07:22:19
1120.00,2,2025-06-01 07:22:20
1120.00,1,2025-06-01 07:22:21
1024.00,1,2025-06-01 07:22:22
1152.00,4,2025-06-01 07:22:23
960.00,5,2025-06-01 07:22:24
960.00,2,2025-06-01 07:22:25
544.00,1,2025-06-01 07:22:26
960.00,4,2025-06-01 07:22:27
1152.00,5,2025-06-01 07:22:28
304.00,1,2025-06-01 07:22:29
1280.00,4,2025-06-01 07:22:30
1664.00,5,2025-06-01 07:22:32
1568.00,4,2025-06-01 07:22:33
1088.00,4,2025-06-01 07:22:35
448.00,4,2025-06-01 07:22:36
1024.00,1,2025-06-01 07:22:38
800.00,5,2025-06-01 07:22:39
1248.00,3,2025-06-01 07:22:40
832.00,3,2025-06-01 07:22:43
1472.00,2,2025-06-01 07:22:44
1152.00,4,2025-06-01 07:22:45
2016.00,3,2025-06-01 07:22:47
1728.00,2,2025-06-01 07:22:48
960.00,2,2025-06-01 07:22:49
1280.00,2,2025-06-01 07:22:51
576.00,3,2025-06-01 07:22:54
1440.00,1,2025-06-01 07:22:56
896.00,5,2025-06-01 07:22:58
256.00,2,2025-06-01 07:23:01
1216.00,1,2025-06-01 07:23:02
1264.00,4,2025-06-01 07:23:05
1024.00,3,2025-06-01 07:23:06
576.00,3,2025-06-01 07:23:08
544.00,1,2025-06-01 07:23:09
576.00,3,2025-06-01 07:23:10
192.00,3,2025-06-01 07:23:11
1472.00,1,2025-06-01 07:23:13
1920.00,1,2025-06-01 07:23:15
928.00,4,2025-06-01 07:23:16
1344.00,4,2025-06-01 07:23:18
576.00,5,2025-06-01 07:23:20
640.00,1,2025-06-01 07:23:22
1536.00,1,2025-06-01 07:23:23
1920.00,1,2025-06-01 07:23:24
192.00,5,2025-06-01 07:23:25
1024.00,1,2025-06-01 07:23:26
1856.00,1,2025-06-01 07:23:29
576.00,3,2025-06-01 07:23:30
1920.00,3,2025-06-01 07:23:31
2016.00,2,2025-06-01 07:23:32
1024.00,2,2025-06-01 07:23:34
992.00,4,2025-06-01 07:23:36
2096.00,1,2025-06-01 07:23:38
944.00,2,2025-06-01 07:23:39
864.00,2,2025-06-01 07:23:40
1056.00,4,2025-06-01 07:23:41
1472.00,2,2025-06-01 07:23:42
576.00,2,2025-06-01 07:23:46
1632.00,3,2025-06-01 07:23:47
1024.00,1,2025-06-01 07:23:49
1024.00,1,2025-06-01 07:23:50
1488.00,4,2025-06-01 07:23:51
1632.00,3,2025-06-01 07:23:52
1248.00,4,2025-06-01 07:23:53
1088.00,2,2025-06-01 07:23:55
1728.00,5,2025-06-01 07:23:57
448.00,1,2025-06-01 07:24:00
576.00,1,2025-06-01 07:24:01
1088.00,2,2025-06-01 07:24:02
1232.00,4,2025-06-01 07:24:04
512.00,2,2025-06-01 07:24:05
816.00,4,2025-06-01 07:24:06
1152.00,3,2025-06-01 07:24:08
2336.00,5,2025-06-01 07:24:09
592.00,4,2025-06-01 07:24:10
1200.00,2,2025-06-01 07:24:12
1632.00,1,2025-06-01 07:24:13
1664.00,5,2025-06-01 07:24:14
672.00,3,2025-06-01 07:24:19
1152.00,5,2025-06-01 07:24:21
2384.00,3,2025-06-01 07:24:22
320.00,3,2025-06-01 07:24:23
320.00,2,2025-06-01 07:24:24
576.00,2,2025-06-01 07:24:25
1792.00,5,2025-06-01 07:24:26
912.00,5,2025-06-01 07:24:27
768.00,3,2025-06-01 07:24:28
1344.00,4,2025-06-01 07:24:30
288.00,1,2025-06-01 07:24:34
512.00,5,2025-06-01 07:24:36
576.00,3,2025-06-01 07:24:38
512.00,2,2025-06-01 07:24:39
576.00,5,2025-06-01 07:24:40
640.00,1,2025-06-01 07:24:41
576.00,5,2025-06-01 07:24:42
2144.00,3,2025-06-01 07:24:46
1760.00,5,2025-06-01 07:24:51
1280.00,3,2025-06-01 07:24:52
320.00,2,2025-06-01 07:24:53
1168.00,5,2025-06-01 07:24:54
416.00,5,2025-06-01 07:24:55
896.00,1,2025-06-01 07:24:56
832.00,5,2025-06-01 07:24:57
1120.00,5,2025-06-01 07:24:58
1248.00,1,2025-06-01 07:24:59
912.00,1,2025-06-01 07:25:01
576.00,3,2025-06-01 07:25:04
1520.00,1,2025-06-01 07:25:05
672.00,2,2025-06-01 07:25:06
1920.00,4,2025-06-01 07:25:09
1760.00,5,2025-06-01 07:25:11
1152.00,5,2025-06-01 07:25:12
2160.00,3,2025-06-01 07:25:15
224.00,2,2025-06-01 07:25:17
2048.00,4,2025-06-01 07:25:18
576.00,4,2025-06-01 07:25:19
1376.00,3,2025-06-01 07:25:20
1216.00,2,2025-06-01 07:25:21
960.00,3,2025-06-01 07:25:22
1568.00,1,2025-06-01 07:25:24
1760.00,2,2025-06-01 07:25:25
1472.00,4,2025-06-01 07:25:27
864.00,5,2025-06-01 07:25:29
1152.00,2,2025-06-01 07:25:31
1696.00,3,2025-06-01 07:25:34
1536.00,4,2025-06-01 07:25:35
512.00,4,2025-06-01 07:25:36
1344.00,2,2025-06-01 07:25:38
320.00,4,2025-06-01 07:25:39
896.00,2,2025-06-01 07:25:40
1344.00,1,2025-06-01 07:25:42
1248.00,5,2025-06-01 07:25:43
256.00,3,2025-06-01 07:25:44
960.00,1,2025-06-01 07:25:45
640.00,5,2025-06-01 07:25:46
1280.00,5,2025-06-01 07:25:47
1376.00,1,2025-06-01 07:25:48
256.00,3,2025-06-01 07:25:50
2112.00,5,2025-06-01 07:25:51
864.00,1,2025-06-01 07:25:52
1728.00,2,2025-06-01 07:25:53
1792.00,4,2025-06-01 07:25:54
1232.00,4,2025-06-01 07:25:56
1376.00,5,2025-06-01 07:25:57
672.00,2,2025-06-01 07:25:58
608.00,1,2025-06-01 07:25:59
960.00,5,2025-06-01 07:26:00
2592.00,5,2025-06-01 07:26:01
576.00,4,2025-06-01 07:26:02
448.00,1,2025-06-01 07:26:03
448.00,3,2025-06-01 07:26:05
448.00,1,2025-06-01 07:26:07
896.00,5,2025-06-01 07:26:09
912.00,4,2025-06-01 07:26:10
1152.00,5,2025-06-01 07:26:11
1600.00,5,2025-06-01 07:26:12
2016.00,5,2025-06-01 07:26:13
960.00,5,2025-06-01 07:26:14
1088.00,1,2025-06-01 07:26:16
960.00,5,2025-06-01 07:26:17
1328.00,3,2025-06-01 07:26:18
2400.00,4,2025-06-01 07:26:19
384.00,1,2025-06-01 07:26:20
576.00,1,2025-06-01 07:26:21
864.00,1,2025-06-01 07:26:23
832.00,1,2025-06-01 07:26:25
640.00,1,2025-06-01 07:26:26
1248.00,1,2025-06-01 07:26:28
1376.00,1,2025-06-01 07:26:30
1824.00,3,2025-06-01 07:26:31
1392.00,3,2025-06-01 07:26:32
576.00,4,2025-06-01 07:26:33
1776.00,5,2025-06-01 07:26:34
1440.00,3,2025-06-01 07:26:37
1984.00,3,2025-06-01 07:26:42
288.00,5,2025-06-01 07:26:43
2112.00,2,2025-06-01 07:26:45
768.00,2,2025-06-01 07:26:46
1472.00,2,2025-06-01 07:26:47
256.00,5,2025-06-01 07:26:48
2368.00,2,2025-06-01 07:26:49
512.00,4,2025-06-01 07:26:50
864.00,2,2025-06-01 07:26:51
1120.00,3,2025-06-01 07:26:52
1536.00,5,2025-06-01 07:26:57
512.00,4,2025-06-01 07:26:59
1504.00,3,2025-06-01 07:27:00
1600.00,5,2025-06-01 07:27:01
912.00,2,2025-06-01 07:27:02
928.00,2,2025-06-01 07:27:03
288.00,3,2025-06-01 07:27:07
928.00,4,2025-06-01 07:27:09
1168.00,3,2025-06-01 07:27:11
1072.00,3,2025-06-01 07:27:12
880.00,2,2025-06-01 07:27:15
1728.00,5,2025-06-01 07:27:18
576.00,4,2025-06-01 07:27:21
576.00,1,2025-06-01 07:27:23
512.00,2,2025-06-01 07:27:25
1104.00,2,2025-06-01 07:27:26
1728.00,4,2025-06-01 07:27:29
816.00,4,2025-06-01 07:27:30
576.00,4,2025-06-01 07:27:32
512.00,3,2025-06-01 07:27:33
912.00,5,2025-06-01 07:27:34
864.00,1,2025-06-01 07:27:35
832.00,1,2025-06-01 07:27:36
256.00,2,2025-06-01 07:27:37
1088.00,4,2025-06-01 07:27:38
1152.00,3,2025-06-01 07:27:39
960.00,3,2025-06-01 07:27:42
288.00,1,2025-06-01 07:27:43
2640.00,3,2025-06-01 07:27:45
512.00,2,2025-06-01 07:27:46
448.00,1,2025-06-01 07:27:47
1888.00,5,2025-06-01 07:27:48
736.00,1,2025-06-01 07:27:49
640.00,1,2025-06-01 07:27:50
928.00,5,2025-06-01 07:27:51
1344.00,3,2025-06-01 07:27:53
960.00,1,2025-06-01 07:27:54
1440.00,1,2025-06-01 07:27:57
1376.00,5,2025-06-01 07:27:58
768.00,5,2025-06-01 07:28:00
1280.00,1,2025-06-01 07:28:01
384.00,3,2025-06-01 07:28:02
288.00,1,2025-06-01 07:28:06
640.00,5,2025-06-01 07:28:07
256.00,2,2025-06-01 07:28:09
768.00,5,2025-06-01 07:28:12
2000.00,3,2025-06-01 07:28:17
2400.00,2,2025-06-01 07:28:18
1344.00,2,2025-06-01 07:28:19
1584.00,1,2025-06-01 07:28:20
864.00,5,2025-06-01 07:28:23
2448.00,2,2025-06-01 07:28:24
304.00,4,2025-06-01 07:28:25
864.00,4,2025-06-01 07:28:26
544.00,2,2025-06-01 07:28:28
448.00,3,2025-06-01 07:28:29
1536.00,3,2025-06-01 07:28:30
768.00,2,2025-06-01 07:28:33
1088.00,3,2025-06-01 07:28:34
672.00,5,2025-06-01 07:28:38
1184.00,4,2025-06-01 07:28:39
304.00,2,2025-06-01 07:28:40
768.00,1,2025-06-01 07:28:41
736.00,2,2025-06-01 07:28:43
704.00,2,2025-06-01 07:28:44
832.00,4,2025-06-01 07:28:45
704.00,2,2025-06-01 07:28:46
1408.00,2,2025-06-01 07:28:47
2080.00,3,2025-06-01 07:28:48
1376.00,4,2025-06-01 07:28:49
1696.00,5,2025-06-01 07:28:50
512.00,3,2025-06-01 07:28:51
896.00,4,2025-06-01 07:28:53
304.00,4,2025-06-01 07:28:56
576.00,3,2025-06-01 07:28:57
1440.00,5,2025-06-01 07:28:59
1184.00,2,2025-06-01 07:29:00
1136.00,1,2025-06-01 07:29:03
1248.00,3,2025-06-01 07:29:04
1344.00,2,2025-06-01 07:29:06
1536.00,5,2025-06-01 07:29:08
2528.00,4,2025-06-01 07:29:09
768.00,4,2025-06-01 07:29:10
1440.00,2,2025-06-01 07:29:11
880.00,3,2025-06-01 07:29:13
576.00,1,2025-06-01 07:29:14
1088.00,2,2025-06-01 07:29:16
832.00,2,2025-06-01 07:29:17
864.00,3,2025-06-01 07:29:21
1248.00,2,2025-06-01 07:29:22
1728.00,4,2025-06-01 07:29:23
1632.00,5,2025-06-01 07:29:24
1568.00,1,2025-06-01 07:29:26
768.00,2,2025-06-01 07:29:27
2016.00,1,2025-06-01 07:29:29
512.00,3,2025-06-01 07:29:30
864.00,2,2025-06-01 07:29:31
832.00,4,2025-06-01 07:29:34
1536.00,1,2025-06-01 07:29:39
448.00,2,2025-06-01 07:29:42
192.00,5,2025-06-01 07:29:43
1680.00,1,2025-06-01 07:29:44
1552.00,1,2025-06-01 07:29:45
288.00,3,2025-06-01 07:29:46
912.00,4,2025-06-01 07:29:50
864.00,4,2025-06-01 07:29:51
384.00,5,2025-06-01 07:29:52
1344.00,5,2025-06-01 07:29:55
832.00,1,2025-06-01 07:29:56
960.00,3,2025-06-01 07:29:57
1792.00,5,2025-06-01 07:29:59
640.00,4,2025-06-01 07:30:00
288.00,2,2025-06-01 07:30:01
1792.00,4,2025-06-01 07:30:02
960.00,1,2025-06-01 07:30:04
304.00,3,2025-06-01 07:30:05
1440.00,2,2025-06-01 07:30:07
1024.00,2,2025-06-01 07:30:08
832.00,3,2025-06-01 07:30:09
896.00,5,2025-06-01 07:30:10
1584.00,3,2025-06-01 07:30:11
2016.00,2,2025-06-01 07:30:12
960.00,4,2025-06-01 07:30:13
304.00,4,2025-06-01 07:30:14
864.00,1,2025-06-01 07:30:16
1056.00,2,2025-06-01 07:30:17
1264.00,5,2025-06-01 07:30:19
896.00,4,2025-06-01 07:30:20
1600.00,4,2025-06-01 07:30:23
608.00,3,2025-06-01 07:30:27
256.00,4,2025-06-01 07:30:28
960.00,1,2025-06-01 07:30:29
864.00,4,2025-06-01 07:30:30
864.00,4,2025-06-01 07:30:31
2016.00,4,2025-06-01 07:30:32
576.00,3,2025-06-01 07:30:33
1728.00,2,2025-06-01 07:30:34
1152.00,1,2025-06-01 07:30:35
864.00,3,2025-06-01 07:30:36
1312.00,5,2025-06-01 07:30:37
1760.00,3,2025-06-01 07:30:38
1168.00,5,2025-06-01 07:30:39
256.00,5,2025-06-01 07:30:40
1424.00,3,2025-06-01 07:30:41
1376.00,1,2025-06-01 07:30:42
384.00,2,2025-06-01 07:30:44
320.00,3,2025-06-01 07:30:45
1728.00,2,2025-06-01 07:30:47
1312.00,1,2025-06-01 07:30:49
256.00,3,2025-06-01 07:30:50
512.00,3,2025-06-01 07:30:51
1680.00,5,2025-06-01 07:30:53
288.00,2,2025-06-01 07:30:54
1424.00,5,2025-06-01 07:30:55
1696.00,5,2025-06-01 07:30:56
2736.00,4,2025-06-01 07:30:57
384.00,1,2025-06-01 07:30:58
1184.00,2,2025-06-01 07:31:00
448.00,3,2025-06-01 07:31:02
1152.00,3,2025-06-01 07:31:04
704.00,3,2025-06-01 07:31:05
256.00,2,2025-06-01 07:31:08
2080.00,4,2025-06-01 07:31:09
512.00,3,2025-06-01 07:31:11
288.00,4,2025-06-01 07:31:13
576.00,2,2025-06-01 07:31:14
1536.00,4,2025-06-01 07:31:16
1728.00,5,2025-06-01 07:31:17
800.00,2,2025-06-01 07:31:18
1776.00,5,2025-06-01 07:31:20
1056.00,2,2025-06-01 07:31:21
1152.00,2,2025-06-01 07:31:22
768.00,2,2025-06-01 07:31:24
288.00,4,2025-06-01 07:31:27
1184.00,4,2025-06-01 07:31:30
1088.00,1,2025-06-01 07:31:32
1136.00,5,2025-06-01 07:31:34
1728.00,2,2025-06-01 07:31:35
320.00,4,2025-06-01 07:31:36
512.00,5,2025-06-01 07:31:37
1376.00,4,2025-06-01 07:31:38
864.00,1,2025-06-01 07:31:40
1200.00,5,2025-06-01 07:31:41
832.00,2,2025-06-01 07:31:44
1488.00,3,2025-06-01 07:31:45
1184.00,1,2025-06-01 07:31:46
1664.00,1,2025-06-01 07:31:48
1264.00,5,2025-06-01 07:31:50
736.00,2,2025-06-01 07:31:51
1536.00,3,2025-06-01 07:31:52
1552.00,1,2025-06-01 07:31:54
256.00,1,2025-06-01 07:31:57
864.00,2,2025-06-01 07:31:58
288.00,5,2025-06-01 07:31:59
192.00,5,2025-06-01 07:32:01
576.00,4,2025-06-01 07:32:02
1824.00,1,2025-06-01 07:32:03
1664.00,1,2025-06-01 07:32:07
1360.00,1,2025-06-01 07:32:08
1488.00,1,2025-06-01 07:32:09
640.00,2,2025-06-01 07:32:12
1120.00,5,2025-06-01 07:32:13
2144.00,4,2025-06-01 07:32:14
2016.00,5,2025-06-01 07:32:15
304.00,3,2025-06-01 07:32:19
304.00,1,2025-06-01 07:32:20
2112.00,4,2025-06-01 07:32:22
1824.00,2,2025-06-01 07:32:23
640.00,2,2025-06-01 07:32:26
1504.00,1,2025-06-01 07:32:27
576.00,5,2025-06-01 07:32:28
1200.00,5,2025-06-01 07:32:29
1856.00,3,2025-06-01 07:32:30
480.00,4,2025-06-01 07:32:32
1664.00,4,2025-06-01 07:32:33
576.00,4,2025-06-01 07:32:34
832.00,3,2025-06-01 07:32:38
672.00,3,2025-06-01 07:32:39
1184.00,1,2025-06-01 07:32:40
576.00,1,2025-06-01 07:32:43
1408.00,5,2025-06-01 07:32:44
1216.00,4,2025-06-01 07:32:45
256.00,2,2025-06-01 07:32:46
1120.00,3,2025-06-01 07:32:50
640.00,3,2025-06-01 07:32:52
992.00,1,2025-06-01 07:32:54
1408.00,2,2025-06-01 07:32:55
1600.00,5,2025-06-01 07:32:56
480.00,3,2025-06-01 07:32:57
960.00,1,2025-06-01 07:32:59
1120.00,1,2025-06-01 07:33:00
736.00,4,2025-06-01 07:33:02
1728.00,4,2025-06-01 07:33:03
1856.00,5,2025-06-01 07:33:04
768.00,1,2025-06-01 07:33:05
864.00,4,2025-06-01 07:33:06
448.00,1,2025-06-01 07:33:07
1184.00,5,2025-06-01 07:33:08
1088.00,1,2025-06-01 07:33:09
256.00,5,2025-06-01 07:33:10
1952.00,3,2025-06-01 07:33:11
1152.00,5,2025-06-01 07:33:13
1472.00,3,2025-06-01 07:33:15
576.00,2,2025-06-01 07:33:17
864.00,4,2025-06-01 07:33:20
256.00,4,2025-06-01 07:33:22
1664.00,2,2025-06-01 07:33:23
2096.00,2,2025-06-01 07:33:24
608.00,5,2025-06-01 07:33:27
832.00,2,2025-06-01 07:33:28
1152.00,1,2025-06-01 07:33:29
1168.00,2,2025-06-01 07:33:30
512.00,1,2025-06-01 07:33:31
1712.00,4,2025-06-01 07:33:32
768.00,1,2025-06-01 07:33:33
1248.00,2,2025-06-01 07:33:35
1152.00,4,2025-06-01 07:33:36
960.00,2,2025-06-01 07:33:37
1472.00,3,2025-06-01 07:33:38
1888.00,5,2025-06-01 07:33:39
288.00,4,2025-06-01 07:33:40
832.00,1,2025-06-01 07:33:41
1056.00,2,2025-06-01 07:33:43
768.00,5,2025-06-01 07:33:45
1760.00,3,2025-06-01 07:33:46
896.00,1,2025-06-01 07:33:48
1360.00,1,2025-06-01 07:33:50
320.00,2,2025-06-01 07:33:51
1184.00,4,2025-06-01 07:33:53
832.00,3,2025-06-01 07:33:54
1408.00,3,2025-06-01 07:33:55
864.00,3,2025-06-01 07:33:57
1376.00,5,2025-06-01 07:34:00
704.00,2,2025-06-01 07:34:01
1536.00,1,2025-06-01 07:34:03
672.00,1,2025-06-01 07:34:06
320.00,1,2025-06-01 07:34:07
1536.00,3,2025-06-01 07:34:09
1168.00,3,2025-06-01 07:34:12
1376.00,5,2025-06-01 07:34:13
1008.00,4,2025-06-01 07:34:14
1136.00,1,2025-06-01 07:34:15
1952.00,4,2025-06-01 07:34:16
1456.00,3,2025-06-01 07:34:17
1088.00,5,2025-06-01 07:34:18
672.00,3,2025-06-01 07:34:19
448.00,1,2025-06-01 07:34:20
288.00,5,2025-06-01 07:34:21
1056.00,1,2025-06-01 07:34:22
2000.00,3,2025-06-01 07:34:23
1248.00,5,2025-06-01 07:34:24
1024.00,2,2025-06-01 07:34:25
1248.00,1,2025-06-01 07:34:26
1808.00,2,2025-06-01 07:34:27
960.00,1,2025-06-01 07:34:28
1440.00,3,2025-06-01 07:34:30
1440.00,4,2025-06-01 07:34:31
1488.00,1,2025-06-01 07:34:32
1248.00,5,2025-06-01 07:34:34
864.00,4,2025-06-01 07:34:35
544.00,1,2025-06-01 07:34:37
1248.00,5,2025-06-01 07:34:38
512.00,2,2025-06-01 07:34:40
864.00,3,2025-06-01 07:34:42
1168.00,1,2025-06-01 07:34:43
608.00,2,2025-06-01 07:34:44
1968.00,1,2025-06-01 07:34:46
1504.00,4,2025-06-01 07:34:47
1088.00,5,2025-06-01 07:34:48
1104.00,5,2025-06-01 07:34:49
1120.00,5,2025-06-01 07:34:50
832.00,4,2025-06-01 07:34:51
1440.00,5,2025-06-01 07:34:52
928.00,1,2025-06-01 07:34:53
1440.00,3,2025-06-01 07:34:54
896.00,2,2025-06-01 07:34:55
224.00,4,2025-06-01 07:34:56
576.00,1,2025-06-01 07:34:57
576.00,2,2025-06-01 07:34:58
384.00,5,2025-06-01 07:34:59
1664.00,5,2025-06-01 07:35:00
864.00,5,2025-06-01 07:35:01
512.00,4,2025-06-01 07:35:02
448.00,4,2025-06-01 07:35:03
512.00,4,2025-06-01 07:35:05
1088.00,1,2025-06-01 07:35:07
1184.00,5,2025-06-01 07:35:09
2240.00,2,2025-06-01 07:35:10
928.00,2,2025-06-01 07:35:11
448.00,2,2025-06-01 07:35:12
832.00,4,2025-06-01 07:35:14
864.00,1,2025-06-01 07:35:16
832.00,3,2025-06-01 07:35:17
1824.00,1,2025-06-01 07:35:18
576.00,5,2025-06-01 07:35:19
1024.00,4,2025-06-01 07:35:20
1824.00,4,2025-06-01 07:35:21
1088.00,1,2025-06-01 07:35:25
864.00,2,2025-06-01 07:35:27
1056.00,5,2025-06-01 07:35:28
864.00,4,2025-06-01 07:35:29
944.00,2,2025-06-01 07:35:30
576.00,5,2025-06-01 07:35:32
1312.00,2,2025-06-01 07:35:33
688.00,4,2025-06-01 07:35:35
2064.00,3,2025-06-01 07:35:38
896.00,2,2025-06-01 07:35:39
304.00,1,2025-06-01 07:35:42
1056.00,4,2025-06-01 07:35:44
448.00,5,2025-06-01 07:35:45
576.00,4,2025-06-01 07:35:46
768.00,3,2025-06-01 07:35:48
960.00,3,2025-06-01 07:35:49
1376.00,2,2025-06-01 07:35:51
960.00,3,2025-06-01 07:35:52
832.00,1,2025-06-01 07:35:53
1952.00,4,2025-06-01 07:35:55
224.00,1,2025-06-01 07:35:56
576.00,4,2025-06-01 07:35:58
1536.00,1,2025-06-01 07:35:59
1824.00,4,2025-06-01 07:36:00
2336.00,3,2025-06-01 07:36:01
576.00,1,2025-06-01 07:36:03
1408.00,5,2025-06-01 07:36:04
1344.00,2,2025-06-01 07:36:05
960.00,1,2025-06-01 07:36:06
1536.00,4,2025-06-01 07:36:08
1056.00,2,2025-06-01 07:36:10
1440.00,3,2025-06-01 07:36:12
992.00,3,2025-06-01 07:36:13
832.00,3,2025-06-01 07:36:15
1088.00,1,2025-06-01 07:36:16
1376.00,5,2025-06-01 07:36:17
384.00,4,2025-06-01 07:36:18
768.00,2,2025-06-01 07:36:19
1376.00,5,2025-06-01 07:36:20
304.00,1,2025-06-01 07:36:21
576.00,4,2025-06-01 07:36:22
896.00,1,2025-06-01 07:36:23
288.00,3,2025-06-01 07:36:25
1728.00,1,2025-06-01 07:36:26
768.00,4,2025-06-01 07:36:27
2096.00,1,2025-06-01 07:36:28
1952.00,1,2025-06-01 07:36:32
864.00,2,2025-06-01 07:36:33
1664.00,4,2025-06-01 07:36:34
896.00,2,2025-06-01 07:36:35
608.00,2,2025-06-01 07:36:36
2272.00,5,2025-06-01 07:36:39
384.00,4,2025-06-01 07:36:40
1280.00,3,2025-06-01 07:36:41
1184.00,5,2025-06-01 07:36:42
800.00,2,2025-06-01 07:36:43
800.00,1,2025-06-01 07:36:44
448.00,5,2025-06-01 07:36:47
880.00,3,2025-06-01 07:36:48
512.00,5,2025-06-01 07:36:50
1216.00,4,2025-06-01 07:36:52
912.00,3,2025-06-01 07:36:59
768.00,5,2025-06-01 07:37:01
1024.00,3,2025-06-01 07:37:03
1408.00,1,2025-06-01 07:37:04
384.00,5,2025-06-01 07:37:06
2208.00,5,2025-06-01 07:37:07
512.00,3,2025-06-01 07:37:09
544.00,4,2025-06-01 07:37:12
1248.00,1,2025-06-01 07:37:13
1664.00,4,2025-06-01 07:37:14
1376.00,3,2025-06-01 07:37:15
768.00,2,2025-06-01 07:37:16
768.00,2,2025-06-01 07:37:17
1184.00,4,2025-06-01 07:37:18
1792.00,4,2025-06-01 07:37:19
1216.00,5,2025-06-01 07:37:22
1216.00,2,2025-06-01 07:37:23
288.00,5,2025-06-01 07:37:26
768.00,5,2025-06-01 07:37:28
256.00,5,2025-06-01 07:37:30
896.00,3,2025-06-01 07:37:31
544.00,5,2025-06-01 07:37:32
1184.00,5,2025-06-01 07:37:33
1088.00,3,2025-06-01 07:37:37
960.00,5,2025-06-01 07:37:38
1440.00,3,2025-06-01 07:37:39
1264.00,1,2025-06-01 07:37:41
512.00,3,2025-06-01 07:37:43
1120.00,2,2025-06-01 07:37:47
512.00,1,2025-06-01 07:37:48
224.00,1,2025-06-01 07:37:49
992.00,1,2025-06-01 07:37:52
1248.00,4,2025-06-01 07:37:57
640.00,2,2025-06-01 07:37:58
1344.00,3,2025-06-01 07:38:00
512.00,5,2025-06-01 07:38:02
768.00,1,2025-06-01 07:38:03
1088.00,5,2025-06-01 07:38:04
1152.00,2,2025-06-01 07:38:06
1536.00,1,2025-06-01 07:38:08
2320.00,1,2025-06-01 07:38:10
1376.00,5,2025-06-01 07:38:12
768.00,1,2025-06-01 07:38:13
576.00,3,2025-06-01 07:38:14
256.00,1,2025-06-01 07:38:15
384.00,1,2025-06-01 07:38:16
1728.00,4,2025-06-01 07:38:17
448.00,3,2025-06-01 07:38:19
384.00,4,2025-06-01 07:38:20
320.00,3,2025-06-01 07:38:23
256.00,1,2025-06-01 07:38:24
1472.00,1,2025-06-01 07:38:25
1472.00,1,2025-06-01 07:38:27
1184.00,4,2025-06-01 07:38:28
1376.00,2,2025-06-01 07:38:30
288.00,2,2025-06-01 07:38:31
1344.00,4,2025-06-01 07:38:33
896.00,2,2025-06-01 07:38:34
1472.00,2,2025-06-01 07:38:35
576.00,2,2025-06-01 07:38:36
1440.00,1,2025-06-01 07:38:37
544.00,3,2025-06-01 07:38:38
288.00,1,2025-06-01 07:38:39
384.00,2,2025-06-01 07:38:40
1664.00,2,2025-06-01 07:38:42
960.00,5,2025-06-01 07:38:43
1936.00,3,2025-06-01 07:38:45
1360.00,1,2025-06-01 07:38:46
1056.00,1,2025-06-01 07:38:47
1216.00,3,2025-06-01 07:38:49
2400.00,1,2025-06-01 07:38:50
1024.00,3,2025-06-01 07:38:52
608.00,1,2025-06-01 07:38:53
1216.00,3,2025-06-01 07:38:55
768.00,1,2025-06-01 07:38:56
768.00,3,2025-06-01 07:38:57
896.00,3,2025-06-01 07:38:58
960.00,5,2025-06-01 07:38:59
576.00,4,2025-06-01 07:39:00
1440.00,4,2025-06-01 07:39:01
1776.00,3,2025-06-01 07:39:04
384.00,3,2025-06-01 07:39:05
576.00,2,2025-06-01 07:39:11
512.00,1,2025-06-01 07:39:14
912.00,2,2025-06-01 07:39:15
1376.00,5,2025-06-01 07:39:16
832.00,3,2025-06-01 07:39:19
1168.00,4,2025-06-01 07:39:21
864.00,1,2025-06-01 07:39:22
912.00,3,2025-06-01 07:39:25
512.00,1,2025-06-01 07:39:28
1936.00,5,2025-06-01 07:39:30
864.00,1,2025-06-01 07:39:32
2016.00,1,2025-06-01 07:39:33
1376.00,5,2025-06-01 07:39:34
320.00,2,2025-06-01 07:39:36
2160.00,3,2025-06-01 07:39:38
256.00,2,2025-06-01 07:39:45
864.00,1,2025-06-01 07:39:47
2304.00,2,2025-06-01 07:39:48
384.00,2,2025-06-01 07:39:53
1696.00,3,2025-06-01 07:39:54
2080.00,4,2025-06-01 07:39:55
912.00,4,2025-06-01 07:39:56
1472.00,3,2025-06-01 07:39:57
1440.00,2,2025-06-01 07:39:58
1184.00,2,2025-06-01 07:39:59
1504.00,1,2025-06-01 07:40:00
304.00,2,2025-06-01 07:40:02
304.00,4,2025-06-01 07:40:03
1120.00,2,2025-06-01 07:40:05
1376.00,5,2025-06-01 07:40:06
544.00,5,2025-06-01 07:40:08
864.00,5,2025-06-01 07:40:09
2112.00,4,2025-06-01 07:40:11
960.00,5,2025-06-01 07:40:13
1936.00,4,2025-06-01 07:40:15
288.00,5,2025-06-01 07:40:16
608.00,3,2025-06-01 07:40:17
1376.00,5,2025-06-01 07:40:18
1920.00,2,2025-06-01 07:40:19
1792.00,3,2025-06-01 07:40:20
512.00,5,2025-06-01 07:40:21
1248.00,5,2025-06-01 07:40:22
944.00,5,2025-06-01 07:40:23
256.00,5,2025-06-01 07:40:24
1472.00,1,2025-06-01 07:40:27
1408.00,3,2025-06-01 07:40:29
1152.00,2,2025-06-01 07:40:30
512.00,5,2025-06-01 07:40:31
1472.00,4,2025-06-01 07:40:32
448.00,3,2025-06-01 07:40:33
512.00,5,2025-06-01 07:40:34
992.00,4,2025-06-01 07:40:35
576.00,2,2025-06-01 07:40:36
1296.00,3,2025-06-01 07:40:37
976.00,4,2025-06-01 07:40:39
992.00,1,2025-06-01 07:40:40
1376.00,3,2025-06-01 07:40:41
1216.00,4,2025-06-01 07:40:42
1472.00,5,2025-06-01 07:40:44
576.00,2,2025-06-01 07:40:45
288.00,4,2025-06-01 07:40:46
1424.00,1,2025-06-01 07:40:47
1424.00,3,2025-06-01 07:40:48
1344.00,3,2025-06-01 07:40:49
2240.00,1,2025-06-01 07:40:51
800.00,4,2025-06-01 07:40:52
576.00,2,2025-06-01 07:40:54
768.00,4,2025-06-01 07:40:55
1488.00,3,2025-06-01 07:40:56
576.00,2,2025-06-01 07:40:57
1088.00,1,2025-06-01 07:40:59
1248.00,4,2025-06-01 07:41:01
1776.00,2,2025-06-01 07:41:02
256.00,2,2025-06-01 07:41:03
896.00,3,2025-06-01 07:41:04
384.00,2,2025-06-01 07:41:05
880.00,2,2025-06-01 07:41:06
1248.00,3,2025-06-01 07:41:07
1104.00,2,2025-06-01 07:41:08
1568.00,4,2025-06-01 07:41:09
384.00,3,2025-06-01 07:41:10
1856.00,1,2025-06-01 07:41:11
1424.00,2,2025-06-01 07:41:13
736.00,5,2025-06-01 07:41:14
1696.00,5,2025-06-01 07:41:17
1760.00,3,2025-06-01 07:41:18
256.00,1,2025-06-01 07:41:19
928.00,5,2025-06-01 07:41:20
608.00,5,2025-06-01 07:41:21
512.00,3,2025-06-01 07:41:22
864.00,2,2025-06-01 07:41:29
1408.00,1,2025-06-01 07:41:30
512.00,5,2025-06-01 07:41:31
1600.00,5,2025-06-01 07:41:34
1216.00,1,2025-06-01 07:41:35
320.00,4,2025-06-01 07:41:36
1280.00,5,2025-06-01 07:41:37
1984.00,2,2025-06-01 07:41:38
304.00,4,2025-06-01 07:41:39
1024.00,5,2025-06-01 07:41:40
2064.00,4,2025-06-01 07:41:41
1168.00,4,2025-06-01 07:41:43
512.00,3,2025-06-01 07:41:45
672.00,5,2025-06-01 07:41:46
256.00,3,2025-06-01 07:41:47
768.00,2,2025-06-01 07:41:48
448.00,1,2025-06-01 07:41:51
672.00,5,2025-06-01 07:41:52
1424.00,3,2025-06-01 07:41:54
448.00,4,2025-06-01 07:41:55
1776.00,1,2025-06-01 07:41:57
256.00,1,2025-06-01 07:41:58
896.00,2,2025-06-01 07:42:00
960.00,1,2025-06-01 07:42:01
2064.00,1,2025-06-01 07:42:02
1632.00,1,2025-06-01 07:42:03
1024.00,5,2025-06-01 07:42:04
1216.00,2,2025-06-01 07:42:06
1856.00,5,2025-06-01 07:42:10
1456.00,3,2025-06-01 07:42:11
512.00,2,2025-06-01 07:42:12
912.00,1,2025-06-01 07:42:14
1888.00,2,2025-06-01 07:42:15
1664.00,1,2025-06-01 07:42:17
528.00,3,2025-06-01 07:42:18
1664.00,4,2025-06-01 07:42:19
864.00,2,2025-06-01 07:42:21
1728.00,5,2025-06-01 07:42:22
2016.00,1,2025-06-01 07:42:23
1152.00,5,2025-06-01 07:42:24
1072.00,2,2025-06-01 07:42:25
256.00,4,2025-06-01 07:42:26
256.00,4,2025-06-01 07:42:27
1984.00,4,2025-06-01 07:42:28
256.00,4,2025-06-01 07:42:32
1280.00,1,2025-06-01 07:42:33
1472.00,1,2025-06-01 07:42:35
2064.00,2,2025-06-01 07:42:36
1024.00,3,2025-06-01 07:42:37
1248.00,2,2025-06-01 07:42:38
1376.00,1,2025-06-01 07:42:39
544.00,3,2025-06-01 07:42:40
576.00,1,2025-06-01 07:42:42
1280.00,4,2025-06-01 07:42:45
1312.00,1,2025-06-01 07:42:46
1408.00,2,2025-06-01 07:42:48
1472.00,1,2025-06-01 07:42:50
672.00,3,2025-06-01 07:42:51
1792.00,2,2025-06-01 07:42:52
1264.00,1,2025-06-01 07:42:53
1296.00,1,2025-06-01 07:42:54
1408.00,2,2025-06-01 07:42:55
1952.00,5,2025-06-01 07:42:56
256.00,1,2025-06-01 07:42:57
768.00,5,2025-06-01 07:42:58
1280.00,2,2025-06-01 07:43:00
1152.00,2,2025-06-01 07:43:01
1184.00,3,2025-06-01 07:43:02
2016.00,2,2025-06-01 07:43:03
1536.00,3,2025-06-01 07:43:05
512.00,1,2025-06-01 07:43:07
1248.00,4,2025-06-01 07:43:08
896.00,3,2025-06-01 07:43:09
1440.00,2,2025-06-01 07:43:10
1408.00,2,2025-06-01 07:43:11
1600.00,2,2025-06-01 07:43:12
640.00,5,2025-06-01 07:43:14
1424.00,4,2025-06-01 07:43:16
816.00,4,2025-06-01 07:43:17
864.00,3,2025-06-01 07:43:19
576.00,1,2025-06-01 07:43:20
320.00,1,2025-06-01 07:43:21
576.00,5,2025-06-01 07:43:25
576.00,1,2025-06-01 07:43:27
288.00,2,2025-06-01 07:43:32
1296.00,2,2025-06-01 07:43:34
640.00,1,2025-06-01 07:43:35
1776.00,2,2025-06-01 07:43:37
1632.00,2,2025-06-01 07:43:38
2400.00,2,2025-06-01 07:43:39
1280.00,5,2025-06-01 07:43:40
1600.00,4,2025-06-01 07:43:41
576.00,1,2025-06-01 07:43:42
1312.00,1,2025-06-01 07:43:43
448.00,2,2025-06-01 07:43:44
1728.00,3,2025-06-01 07:43:45
1664.00,2,2025-06-01 07:43:46
592.00,3,2025-06-01 07:43:47
1536.00,3,2025-06-01 07:43:48
2096.00,3,2025-06-01 07:43:49
192.00,1,2025-06-01 07:43:50
768.00,1,2025-06-01 07:43:51
1184.00,5,2025-06-01 07:43:52
1952.00,1,2025-06-01 07:43:53
1184.00,4,2025-06-01 07:43:54
1056.00,2,2025-06-01 07:43:56
1264.00,3,2025-06-01 07:43:58
1184.00,5,2025-06-01 07:43:59
1600.00,3,2025-06-01 07:44:01
1216.00,5,2025-06-01 07:44:02
1088.00,1,2025-06-01 07:44:04
1472.00,5,2025-06-01 07:44:06
2432.00,5,2025-06-01 07:44:09
1216.00,3,2025-06-01 07:44:10
960.00,4,2025-06-01 07:44:13
960.00,1,2025-06-01 07:44:14
1440.00,3,2025-06-01 07:44:17
2128.00,3,2025-06-01 07:44:18
2032.00,2,2025-06-01 07:44:19
864.00,2,2025-06-01 07:44:22
960.00,5,2025-06-01 07:44:24
960.00,3,2025-06-01 07:44:27
1792.00,4,2025-06-01 07:44:28
256.00,3,2025-06-01 07:44:29
960.00,4,2025-06-01 07:44:30
608.00,3,2025-06-01 07:44:31
1344.00,2,2025-06-01 07:44:32
1344.00,2,2025-06-01 07:44:33
192.00,1,2025-06-01 07:44:34
1600.00,2,2025-06-01 07:44:35
2544.00,1,2025-06-01 07:44:36
2304.00,1,2025-06-01 07:44:42
912.00,1,2025-06-01 07:44:43
1472.00,1,2025-06-01 07:44:44
448.00,1,2025-06-01 07:44:46
1552.00,1,2025-06-01 07:44:47
1248.00,5,2025-06-01 07:44:48
224.00,5,2025-06-01 07:44:49
864.00,5,2025-06-01 07:44:50
1248.00,1,2025-06-01 07:44:54
864.00,1,2025-06-01 07:44:57
1072.00,3,2025-06-01 07:44:58
672.00,4,2025-06-01 07:44:59
1760.00,4,2025-06-01 07:45:00
448.00,5,2025-06-01 07:45:01
1024.00,4,2025-06-01 07:45:02
304.00,5,2025-06-01 07:45:03
512.00,1,2025-06-01 07:45:05
288.00,3,2025-06-01 07:45:06
1216.00,1,2025-06-01 07:45:07
960.00,3,2025-06-01 07:45:08
1280.00,4,2025-06-01 07:45:09
960.00,1,2025-06-01 07:45:10
960.00,5,2025-06-01 07:45:11
1632.00,3,2025-06-01 07:45:13
608.00,1,2025-06-01 07:45:14
1856.00,4,2025-06-01 07:45:16
2176.00,5,2025-06-01 07:45:18
224.00,1,2025-06-01 07:45:20
1152.00,4,2025-06-01 07:45:22
912.00,4,2025-06-01 07:45:24
384.00,2,2025-06-01 07:45:25
608.00,1,2025-06-01 07:45:26
576.00,2,2025-06-01 07:45:27
864.00,4,2025-06-01 07:45:29
304.00,2,2025-06-01 07:45:30
928.00,2,2025-06-01 07:45:31
288.00,3,2025-06-01 07:45:32
1168.00,4,2025-06-01 07:45:35
864.00,2,2025-06-01 07:45:36
1936.00,2,2025-06-01 07:45:37
384.00,5,2025-06-01 07:45:38
320.00,4,2025-06-01 07:45:39
1536.00,1,2025-06-01 07:45:40
320.00,4,2025-06-01 07:45:41
864.00,5,2025-06-01 07:45:42
1360.00,3,2025-06-01 07:45:45
1216.00,3,2025-06-01 07:45:47
1472.00,1,2025-06-01 07:45:48
1888.00,2,2025-06-01 07:45:49
1376.00,5,2025-06-01 07:45:50
768.00,2,2025-06-01 07:45:51
192.00,2,2025-06-01 07:45:52
1440.00,2,2025-06-01 07:45:53
1056.00,2,2025-06-01 07:45:56
1344.00,2,2025-06-01 07:45:57
512.00,3,2025-06-01 07:45:58
1088.00,4,2025-06-01 07:45:59
1440.00,1,2025-06-01 07:46:00
1536.00,2,2025-06-01 07:46:01
864.00,1,2025-06-01 07:46:02
256.00,1,2025-06-01 07:46:03
384.00,2,2025-06-01 07:46:04
2400.00,5,2025-06-01 07:46:05
1600.00,5,2025-06-01 07:46:06
1024.00,2,2025-06-01 07:46:07
2016.00,5,2025-06-01 07:46:11
800.00,3,2025-06-01 07:46:13
448.00,1,2025-06-01 07:46:14
576.00,3,2025-06-01 07:46:15
1472.00,1,2025-06-01 07:46:17
2880.00,4,2025-06-01 07:46:18
304.00,2,2025-06-01 07:46:19
384.00,1,2025-06-01 07:46:20
1344.00,1,2025-06-01 07:46:21
2064.00,1,2025-06-01 07:46:24
512.00,1,2025-06-01 07:46:28
1440.00,4,2025-06-01 07:46:30
1120.00,3,2025-06-01 07:46:31
2112.00,4,2025-06-01 07:46:32
1760.00,5,2025-06-01 07:46:33
768.00,4,2025-06-01 07:46:35
1168.00,3,2025-06-01 07:46:36
256.00,3,2025-06-01 07:46:37
1440.00,3,2025-06-01 07:46:38
1216.00,3,2025-06-01 07:46:40
912.00,5,2025-06-01 07:46:42
224.00,1,2025-06-01 07:46:44
512.00,3,2025-06-01 07:46:45
912.00,1,2025-06-01 07:46:47
448.00,2,2025-06-01 07:46:48
1600.00,1,2025-06-01 07:46:49
768.00,4,2025-06-01 07:46:50
288.00,3,2025-06-01 07:46:51
1536.00,3,2025-06-01 07:46:53
864.00,4,2025-06-01 07:46:54
1536.00,4,2025-06-01 07:46:56
752.00,4,2025-06-01 07:46:57
576.00,5,2025-06-01 07:47:00
288.00,1,2025-06-01 07:47:01
320.00,4,2025-06-01 07:47:04
1472.00,1,2025-06-01 07:47:06
256.00,4,2025-06-01 07:47:07
1344.00,5,2025-06-01 07:47:08
224.00,3,2025-06-01 07:47:09
2112.00,2,2025-06-01 07:47:12
320.00,4,2025-06-01 07:47:13
1280.00,4,2025-06-01 07:47:14
1056.00,1,2025-06-01 07:47:16
192.00,5,2025-06-01 07:47:18
1728.00,3,2025-06-01 07:47:19
2016.00,1,2025-06-01 07:47:20
320.00,3,2025-06-01 07:47:21
1776.00,5,2025-06-01 07:47:23
1056.00,1,2025-06-01 07:47:24
1248.00,3,2025-06-01 07:47:26
1744.00,1,2025-06-01 07:47:27
960.00,5,2025-06-01 07:47:28
304.00,4,2025-06-01 07:47:29
224.00,1,2025-06-01 07:47:33
1856.00,4,2025-06-01 07:47:34
896.00,3,2025-06-01 07:47:35
768.00,2,2025-06-01 07:47:36
544.00,4,2025-06-01 07:47:39
1216.00,3,2025-06-01 07:47:40
288.00,1,2025-06-01 07:47:41
1952.00,4,2025-06-01 07:47:42
624.00,5,2025-06-01 07:47:44
1344.00,1,2025-06-01 07:47:45
1136.00,2,2025-06-01 07:47:46
1872.00,3,2025-06-01 07:47:47
288.00,4,2025-06-01 07:47:48
832.00,4,2025-06-01 07:47:52
512.00,1,2025-06-01 07:47:54
864.00,2,2025-06-01 07:47:56
944.00,2,2025-06-01 07:47:58
1728.00,1,2025-06-01 07:48:00
1824.00,5,2025-06-01 07:48:02
1504.00,1,2025-06-01 07:48:03
192.00,3,2025-06-01 07:48:04
384.00,3,2025-06-01 07:48:07
1600.00,2,2025-06-01 07:48:08
384.00,1,2025-06-01 07:48:09
1024.00,3,2025-06-01 07:48:10
512.00,5,2025-06-01 07:48:11
2112.00,1,2025-06-01 07:48:12
256.00,2,2025-06-01 07:48:13
640.00,1,2025-06-01 07:48:16
512.00,5,2025-06-01 07:48:19
1600.00,4,2025-06-01 07:48:20
768.00,1,2025-06-01 07:48:22
2144.00,5,2025-06-01 07:48:23
976.00,1,2025-06-01 07:48:24
1056.00,5,2025-06-01 07:48:25
560.00,1,2025-06-01 07:48:26
1184.00,2,2025-06-01 07:48:28
768.00,4,2025-06-01 07:48:30
2176.00,4,2025-06-01 07:48:31
912.00,1,2025-06-01 07:48:32
2048.00,2,2025-06-01 07:48:33
1376.00,3,2025-06-01 07:48:34
192.00,4,2025-06-01 07:48:35
1376.00,4,2025-06-01 07:48:36
288.00,4,2025-06-01 07:48:37
192.00,2,2025-06-01 07:48:39
256.00,1,2025-06-01 07:48:40
1472.00,3,2025-06-01 07:48:41
1536.00,2,2025-06-01 07:48:42
832.00,4,2025-06-01 07:48:44
1152.00,1,2025-06-01 07:48:45
304.00,2,2025-06-01 07:48:48
1056.00,1,2025-06-01 07:48:49
992.00,2,2025-06-01 07:48:50
832.00,2,2025-06-01 07:48:51
256.00,1,2025-06-01 07:48:53
576.00,5,2025-06-01 07:48:54
992.00,3,2025-06-01 07:48:55
1984.00,1,2025-06-01 07:48:56
1632.00,1,2025-06-01 07:48:58
1744.00,4,2025-06-01 07:48:59
864.00,2,2025-06-01 07:49:00
928.00,1,2025-06-01 07:49:01
1184.00,1,2025-06-01 07:49:03
1120.00,3,2025-06-01 07:49:04
288.00,5,2025-06-01 07:49:06
1344.00,5,2025-06-01 07:49:07
2544.00,5,2025-06-01 07:49:08
800.00,4,2025-06-01 07:49:09
1136.00,3,2025-06-01 07:49:10
224.00,2,2025-06-01 07:49:11
640.00,3,2025-06-01 07:49:16
608.00,5,2025-06-01 07:49:18
864.00,2,2025-06-01 07:49:19
512.00,2,2025-06-01 07:49:21
2288.00,2,2025-06-01 07:49:22
832.00,5,2025-06-01 07:49:23
1696.00,3,2025-06-01 07:49:24
1728.00,3,2025-06-01 07:49:25
1504.00,2,2025-06-01 07:49:26
1536.00,1,2025-06-01 07:49:27
864.00,4,2025-06-01 07:49:28
1536.00,4,2025-06-01 07:49:29
768.00,1,2025-06-01 07:49:30
320.00,3,2025-06-01 07:49:31
256.00,5,2025-06-01 07:49:32
256.00,1,2025-06-01 07:49:33
672.00,2,2025-06-01 07:49:37
1184.00,3,2025-06-01 07:49:38
976.00,5,2025-06-01 07:49:40
2176.00,4,2025-06-01 07:49:41
1120.00,2,2025-06-01 07:49:43
288.00,1,2025-06-01 07:49:45
1024.00,4,2025-06-01 07:49:46
1760.00,3,2025-06-01 07:49:47
224.00,1,2025-06-01 07:49:50
864.00,1,2025-06-01 07:49:51
1632.00,1,2025-06-01 07:49:53
1472.00,3,2025-06-01 07:49:54
1344.00,4,2025-06-01 07:49:56
544.00,2,2025-06-01 07:49:57
1536.00,2,2025-06-01 07:49:58
1600.00,1,2025-06-01 07:49:59
1024.00,4,2025-06-01 07:50:00
256.00,5,2025-06-01 07:50:01
1440.00,1,2025-06-01 07:50:02
608.00,5,2025-06-01 07:50:04
576.00,5,2025-06-01 07:50:05
1632.00,1,2025-06-01 07:50:06
1472.00,5,2025-06-01 07:50:07
384.00,3,2025-06-01 07:50:10
1952.00,3,2025-06-01 07:50:11
304.00,1,2025-06-01 07:50:12
1952.00,1,2025-06-01 07:50:14
896.00,5,2025-06-01 07:50:15
912.00,5,2025-06-01 07:50:16
1152.00,3,2025-06-01 07:50:17
1600.00,2,2025-06-01 07:50:19
512.00,1,2025-06-01 07:50:20
1104.00,5,2025-06-01 07:50:21
944.00,3,2025-06-01 07:50:22
640.00,4,2025-06-01 07:50:24
896.00,4,2025-06-01 07:50:25
2688.00,1,2025-06-01 07:50:26
576.00,3,2025-06-01 07:50:27
2016.00,3,2025-06-01 07:50:30
1184.00,2,2025-06-01 07:50:31
608.00,5,2025-06-01 07:50:32
1232.00,5,2025-06-01 07:50:33
1488.00,1,2025-06-01 07:50:35
1792.00,1,2025-06-01 07:50:36
1120.00,4,2025-06-01 07:50:38
1312.00,3,2025-06-01 07:50:39
912.00,4,2025-06-01 07:50:40
912.00,3,2025-06-01 07:50:43
1024.00,4,2025-06-01 07:50:44
288.00,4,2025-06-01 07:50:48
512.00,5,2025-06-01 07:50:50
288.00,1,2025-06-01 07:50:52
704.00,5,2025-06-01 07:50:53
384.00,3,2025-06-01 07:50:54
256.00,2,2025-06-01 07:50:55
2288.00,3,2025-06-01 07:50:57
1760.00,2,2025-06-01 07:50:58
384.00,2,2025-06-01 07:51:00
2176.00,5,2025-06-01 07:51:01
1136.00,1,2025-06-01 07:51:02
1344.00,1,2025-06-01 07:51:04
1760.00,5,2025-06-01 07:51:05
2512.00,5,2025-06-01 07:51:08
2128.00,4,2025-06-01 07:51:09
864.00,2,2025-06-01 07:51:10
1152.00,1,2025-06-01 07:51:12
1536.00,5,2025-06-01 07:51:13
2176.00,4,2025-06-01 07:51:14
1120.00,3,2025-06-01 07:51:15
896.00,1,2025-06-01 07:51:16
1248.00,3,2025-06-01 07:51:17
224.00,4,2025-06-01 07:51:18
1824.00,4,2025-06-01 07:51:20
384.00,5,2025-06-01 07:51:21
480.00,3,2025-06-01 07:51:22
2032.00,5,2025-06-01 07:51:23
1312.00,3,2025-06-01 07:51:24
1408.00,3,2025-06-01 07:51:26
288.00,1,2025-06-01 07:51:31
832.00,1,2025-06-01 07:51:32
928.00,2,2025-06-01 07:51:34
1152.00,5,2025-06-01 07:51:35
896.00,2,2025-06-01 07:51:36
768.00,2,2025-06-01 07:51:37
896.00,3,2025-06-01 07:51:38
704.00,2,2025-06-01 07:51:39
1680.00,1,2025-06-01 07:51:40
192.00,3,2025-06-01 07:51:41
1632.00,2,2025-06-01 07:51:42
960.00,5,2025-06-01 07:51:46
768.00,3,2025-06-01 07:51:47
1600.00,1,2025-06-01 07:51:49
576.00,1,2025-06-01 07:51:50
832.00,1,2025-06-01 07:51:52
1408.00,2,2025-06-01 07:51:53
912.00,3,2025-06-01 07:51:54
1568.00,5,2025-06-01 07:51:56
864.00,5,2025-06-01 07:51:57
2128.00,1,2025-06-01 07:51:58
1952.00,3,2025-06-01 07:51:59
448.00,1,2025-06-01 07:52:01
640.00,2,2025-06-01 07:52:02
1376.00,2,2025-06-01 07:52:03
1088.00,1,2025-06-01 07:52:04
1920.00,2,2025-06-01 07:52:05
1792.00,4,2025-06-01 07:52:06
1024.00,3,2025-06-01 07:52:08
992.00,4,2025-06-01 07:52:09
1376.00,2,2025-06-01 07:52:10
960.00,4,2025-06-01 07:52:11
1216.00,5,2025-06-01 07:52:12
1088.00,2,2025-06-01 07:52:14
1536.00,2,2025-06-01 07:52:16
384.00,2,2025-06-01 07:52:18
576.00,5,2025-06-01 07:52:19
800.00,1,2025-06-01 07:52:20
864.00,1,2025-06-01 07:52:21
1088.00,5,2025-06-01 07:52:22
864.00,5,2025-06-01 07:52:23
1888.00,5,2025-06-01 07:52:24
288.00,3,2025-06-01 07:52:25
320.00,4,2025-06-01 07:52:26
1216.00,5,2025-06-01 07:52:27
1536.00,3,2025-06-01 07:52:28
2128.00,3,2025-06-01 07:52:32
1168.00,4,2025-06-01 07:52:35
288.00,3,2025-06-01 07:52:37
800.00,2,2025-06-01 07:52:39
1248.00,1,2025-06-01 07:52:40
288.00,5,2025-06-01 07:52:41
1152.00,2,2025-06-01 07:52:42
608.00,3,2025-06-01 07:52:45
1168.00,4,2025-06-01 07:52:46
320.00,5,2025-06-01 07:52:48
576.00,1,2025-06-01 07:52:53
320.00,4,2025-06-01 07:52:54
640.00,1,2025-06-01 07:52:55
1408.00,3,2025-06-01 07:52:56
320.00,3,2025-06-01 07:52:58
576.00,2,2025-06-01 07:52:59
1408.00,1,2025-06-01 07:53:00
1824.00,2,2025-06-01 07:53:03
1232.00,4,2025-06-01 07:53:04
1376.00,1,2025-06-01 07:53:05
448.00,3,2025-06-01 07:53:07
1168.00,4,2025-06-01 07:53:09
1056.00,3,2025-06-01 07:53:13
1088.00,2,2025-06-01 07:53:14
384.00,2,2025-06-01 07:53:15
1168.00,4,2025-06-01 07:53:16
1184.00,3,2025-06-01 07:53:17
1440.00,3,2025-06-01 07:53:19
2160.00,1,2025-06-01 07:53:21
672.00,1,2025-06-01 07:53:22
2416.00,5,2025-06-01 07:53:23
256.00,2,2025-06-01 07:53:24
1968.00,3,2025-06-01 07:53:25
672.00,3,2025-06-01 07:53:26
864.00,5,2025-06-01 07:53:27
1408.00,1,2025-06-01 07:53:29
1152.00,3,2025-06-01 07:53:30
2784.00,5,2025-06-01 07:53:32
2064.00,1,2025-06-01 07:53:34
768.00,3,2025-06-01 07:53:35
1248.00,1,2025-06-01 07:53:36
1488.00,2,2025-06-01 07:53:40
1168.00,1,2025-06-01 07:53:41
768.00,2,2025-06-01 07:53:42
768.00,5,2025-06-01 07:53:43
1056.00,5,2025-06-01 07:53:45
1152.00,3,2025-06-01 07:53:46
2144.00,3,2025-06-01 07:53:49
2128.00,3,2025-06-01 07:53:50
1344.00,3,2025-06-01 07:53:53
1360.00,3,2025-06-01 07:53:54
1280.00,2,2025-06-01 07:53:57
960.00,5,2025-06-01 07:53:58
1488.00,5,2025-06-01 07:53:59
1568.00,5,2025-06-01 07:54:00
2192.00,2,2025-06-01 07:54:02
2288.00,3,2025-06-01 07:54:04
1440.00,5,2025-06-01 07:54:06
2192.00,1,2025-06-01 07:54:07
608.00,1,2025-06-01 07:54:08
864.00,4,2025-06-01 07:54:09
544.00,2,2025-06-01 07:54:10
1088.00,1,2025-06-01 07:54:12
576.00,4,2025-06-01 07:54:13
864.00,3,2025-06-01 07:54:16
1280.00,5,2025-06-01 07:54:17
1600.00,2,2025-06-01 07:54:19
768.00,1,2025-06-01 07:54:20
1440.00,4,2025-06-01 07:54:21
288.00,2,2025-06-01 07:54:23
480.00,1,2025-06-01 07:54:24
1600.00,5,2025-06-01 07:54:25
1408.00,1,2025-06-01 07:54:27
640.00,3,2025-06-01 07:54:28
864.00,3,2025-06-01 07:54:31
1392.00,4,2025-06-01 07:54:32
2400.00,3,2025-06-01 07:54:33
672.00,3,2025-06-01 07:54:34
1632.00,5,2025-06-01 07:54:35
1824.00,4,2025-06-01 07:54:38
928.00,5,2025-06-01 07:54:40
1376.00,1,2025-06-01 07:54:42
1216.00,3,2025-06-01 07:54:43
576.00,5,2025-06-01 07:54:44
832.00,2,2025-06-01 07:54:46
2400.00,4,2025-06-01 07:54:48
288.00,1,2025-06-01 07:54:49
960.00,5,2025-06-01 07:54:50
1776.00,2,2025-06-01 07:54:51
576.00,1,2025-06-01 07:54:53
768.00,3,2025-06-01 07:54:54
2048.00,3,2025-06-01 07:54:55
1728.00,1,2025-06-01 07:54:59
1536.00,2,2025-06-01 07:55:00
896.00,5,2025-06-01 07:55:02
2048.00,2,2025-06-01 07:55:03
2240.00,5,2025-06-01 07:55:04
2080.00,1,2025-06-01 07:55:05
576.00,1,2025-06-01 07:55:06
1344.00,4,2025-06-01 07:55:07
512.00,5,2025-06-01 07:55:08
1536.00,1,2025-06-01 07:55:10
1408.00,2,2025-06-01 07:55:11
1792.00,5,2025-06-01 07:55:14
1680.00,1,2025-06-01 07:55:15
640.00,4,2025-06-01 07:55:16
800.00,4,2025-06-01 07:55:17
2064.00,2,2025-06-01 07:55:18
768.00,5,2025-06-01 07:55:20
672.00,1,2025-06-01 07:55:21
448.00,4,2025-06-01 07:55:25
1216.00,5,2025-06-01 07:55:26
1376.00,3,2025-06-01 07:55:27
2288.00,4,2025-06-01 07:55:28
1184.00,1,2025-06-01 07:55:29
288.00,5,2025-06-01 07:55:30
896.00,5,2025-06-01 07:55:32
256.00,2,2025-06-01 07:55:35
1376.00,3,2025-06-01 07:55:37
288.00,1,2025-06-01 07:55:38
672.00,1,2025-06-01 07:55:39
1376.00,3,2025-06-01 07:55:40
1440.00,2,2025-06-01 07:55:41
1840.00,4,2025-06-01 07:55:42
1600.00,3,2025-06-01 07:55:44
768.00,5,2025-06-01 07:55:45
1440.00,1,2025-06-01 07:55:46
1152.00,2,2025-06-01 07:55:48
384.00,4,2025-06-01 07:55:49
864.00,2,2025-06-01 07:55:52
1824.00,3,2025-06-01 07:55:53
1408.00,1,2025-06-01 07:55:54
576.00,3,2025-06-01 07:55:55
2080.00,4,2025-06-01 07:55:56
1472.00,4,2025-06-01 07:55:57
1664.00,4,2025-06-01 07:55:58
640.00,5,2025-06-01 07:56:00
1152.00,2,2025-06-01 07:56:01
1168.00,2,2025-06-01 07:56:03
1232.00,1,2025-06-01 07:56:04
1536.00,5,2025-06-01 07:56:06
2112.00,2,2025-06-01 07:56:07
1216.00,5,2025-06-01 07:56:08
1248.00,3,2025-06-01 07:56:10
1344.00,4,2025-06-01 07:56:11
288.00,2,2025-06-01 07:56:12
1088.00,4,2025-06-01 07:56:13
1024.00,1,2025-06-01 07:56:14
624.00,1,2025-06-01 07:56:16
864.00,2,2025-06-01 07:56:17
912.00,4,2025-06-01 07:56:19
1648.00,3,2025-06-01 07:56:20
256.00,5,2025-06-01 07:56:22
1632.00,1,2025-06-01 07:56:23
288.00,3,2025-06-01 07:56:24
512.00,5,2025-06-01 07:56:26
1440.00,5,2025-06-01 07:56:28
1632.00,3,2025-06-01 07:56:29
1760.00,4,2025-06-01 07:56:31
1776.00,4,2025-06-01 07:56:33
1088.00,1,2025-06-01 07:56:35
448.00,1,2025-06-01 07:56:36
1776.00,4,2025-06-01 07:56:37
1392.00,4,2025-06-01 07:56:41
1632.00,4,2025-06-01 07:56:42
1536.00,3,2025-06-01 07:56:43
1344.00,5,2025-06-01 07:56:44
1200.00,2,2025-06-01 07:56:46
1376.00,5,2025-06-01 07:56:47
304.00,1,2025-06-01 07:56:48
768.00,5,2025-06-01 07:56:49
896.00,1,2025-06-01 07:56:50
768.00,5,2025-06-01 07:56:52
864.00,1,2025-06-01 07:56:54
608.00,5,2025-06-01 07:56:55
832.00,2,2025-06-01 07:56:56
448.00,1,2025-06-01 07:56:57
1536.00,4,2025-06-01 07:56:58
960.00,4,2025-06-01 07:56:59
832.00,2,2025-06-01 07:57:02
1568.00,3,2025-06-01 07:57:03
912.00,1,2025-06-01 07:57:06
224.00,2,2025-06-01 07:57:07
1584.00,5,2025-06-01 07:57:09
1984.00,1,2025-06-01 07:57:11
576.00,1,2025-06-01 07:57:16
1968.00,2,2025-06-01 07:57:17
768.00,1,2025-06-01 07:57:19
2784.00,1,2025-06-01 07:57:20
2016.00,2,2025-06-01 07:57:22
1408.00,1,2025-06-01 07:57:23
1280.00,2,2025-06-01 07:57:25
1680.00,5,2025-06-01 07:57:26
2256.00,4,2025-06-01 07:57:27
576.00,4,2025-06-01 07:57:31
608.00,2,2025-06-01 07:57:32
1728.00,4,2025-06-01 07:57:33
1472.00,2,2025-06-01 07:57:34
1952.00,2,2025-06-01 07:57:35
912.00,3,2025-06-01 07:57:36
2400.00,5,2025-06-01 07:57:37
1952.00,5,2025-06-01 07:57:39
800.00,2,2025-06-01 07:57:40
2016.00,4,2025-06-01 07:57:42
448.00,2,2025-06-01 07:57:43
256.00,2,2025-06-01 07:57:44
304.00,3,2025-06-01 07:57:49
1360.00,3,2025-06-01 07:57:52
1920.00,1,2025-06-01 07:57:53
864.00,4,2025-06-01 07:57:56
512.00,1,2025-06-01 07:57:57
1888.00,2,2025-06-01 07:57:58
1792.00,4,2025-06-01 07:57:59
928.00,1,2025-06-01 07:58:01
1440.00,1,2025-06-01 07:58:02
1280.00,1,2025-06-01 07:58:04
1168.00,4,2025-06-01 07:58:06
1152.00,3,2025-06-01 07:58:07
768.00,3,2025-06-01 07:58:08
256.00,1,2025-06-01 07:58:09
1216.00,1,2025-06-01 07:58:10
1984.00,4,2025-06-01 07:58:11
1712.00,4,2025-06-01 07:58:12
800.00,5,2025-06-01 07:58:13
1920.00,5,2025-06-01 07:58:14
1536.00,4,2025-06-01 07:58:15
1920.00,1,2025-06-01 07:58:16
1744.00,5,2025-06-01 07:58:17
576.00,3,2025-06-01 07:58:22
1184.00,4,2025-06-01 07:58:23
560.00,1,2025-06-01 07:58:27
1680.00,3,2025-06-01 07:58:28
256.00,4,2025-06-01 07:58:30
1440.00,1,2025-06-01 07:58:31
1312.00,5,2025-06-01 07:58:32
448.00,4,2025-06-01 07:58:33
256.00,5,2025-06-01 07:58:36
320.00,3,2025-06-01 07:58:40
864.00,5,2025-06-01 07:58:42
2112.00,4,2025-06-01 07:58:43
1984.00,3,2025-06-01 07:58:44
1344.00,3,2025-06-01 07:58:46
800.00,4,2025-06-01 07:58:47
1152.00,1,2025-06-01 07:58:48
576.00,1,2025-06-01 07:58:49
1024.00,4,2025-06-01 07:58:50
512.00,4,2025-06-01 07:58:52
576.00,2,2025-06-01 07:58:56
1088.00,4,2025-06-01 07:58:58
2080.00,1,2025-06-01 07:59:00
576.00,5,2025-06-01 07:59:01
1744.00,4,2025-06-01 07:59:02
384.00,5,2025-06-01 07:59:03
480.00,5,2025-06-01 07:59:04
1632.00,5,2025-06-01 07:59:05
576.00,4,2025-06-01 07:59:07
672.00,2,2025-06-01 07:59:08
704.00,4,2025-06-01 07:59:09
864.00,3,2025-06-01 07:59:10
2080.00,5,2025-06-01 07:59:11
480.00,2,2025-06-01 07:59:12
2224.00,2,2025-06-01 07:59:14
192.00,5,2025-06-01 07:59:15
2064.00,3,2025-06-01 07:59:17
512.00,5,2025-06-01 07:59:18
1248.00,5,2025-06-01 07:59:19
1152.00,5,2025-06-01 07:59:23
1120.00,4,2025-06-01 07:59:24
2016.00,4,2025-06-01 07:59:30
1152.00,4,2025-06-01 07:59:32
1536.00,3,2025-06-01 07:59:33
832.00,4,2025-06-01 07:59:35
1056.00,3,2025-06-01 07:59:36
800.00,2,2025-06-01 07:59:37
288.00,2,2025-06-01 07:59:38
1408.00,4,2025-06-01 07:59:40
448.00,1,2025-06-01 07:59:42
2080.00,2,2025-06-01 07:59:43
768.00,5,2025-06-01 07:59:44
864.00,4,2025-06-01 07:59:45
448.00,5,2025-06-01 07:59:46
288.00,4,2025-06-01 07:59:48
480.00,4,2025-06-01 07:59:49
1920.00,1,2025-06-01 07:59:51
576.00,1,2025-06-01 07:59:52
1296.00,1,2025-06-01 07:59:55
960.00,2,2025-06-01 07:59:56
864.00,2,2025-06-01 07:59:58
640.00,3,2025-06-01 08:00:00
864.00,4,2025-06-01 08:00:03
1680.00,2,2025-06-01 08:00:06
224.00,4,2025-06-01 08:00:12
608.00,1,2025-06-01 08:00:13
1216.00,5,2025-06-01 08:00:14
800.00,2,2025-06-01 08:00:17
832.00,5,2025-06-01 08:00:19
864.00,2,2025-06-01 08:00:20
1888.00,1,2025-06-01 08:00:22
304.00,3,2025-06-01 08:00:23
448.00,2,2025-06-01 08:00:24
800.00,4,2025-06-01 08:00:25
1024.00,1,2025-06-01 08:00:27
1536.00,4,2025-06-01 08:00:28
1376.00,4,2025-06-01 08:00:31
192.00,2,2025-06-01 08:00:32
1920.00,4,2025-06-01 08:00:35
320.00,1,2025-06-01 08:00:37
1280.00,3,2025-06-01 08:00:38
608.00,3,2025-06-01 08:00:39
1376.00,2,2025-06-01 08:00:40
1504.00,5,2025-06-01 08:00:45
2304.00,4,2025-06-01 08:00:47
928.00,5,2025-06-01 08:00:49
544.00,2,2025-06-01 08:00:50
384.00,1,2025-06-01 08:00:51
864.00,5,2025-06-01 08:00:52
448.00,4,2025-06-01 08:00:53
1184.00,4,2025-06-01 08:00:56
1792.00,2,2025-06-01 08:00:57
480.00,4,2025-06-01 08:01:04
256.00,3,2025-06-01 08:01:09
960.00,3,2025-06-01 08:01:13
192.00,3,2025-06-01 08:01:14
2144.00,3,2025-06-01 08:01:23
768.00,4,2025-06-01 08:01:24
864.00,2,2025-06-01 08:01:26
1088.00,1,2025-06-01 08:01:28
1344.00,3,2025-06-01 08:01:32
512.00,5,2025-06-01 08:01:36
992.00,3,2025-06-01 08:01:37
224.00,4,2025-06-01 08:01:39
1376.00,2,2025-06-01 08:01:40
1248.00,2,2025-06-01 08:01:42
1600.00,5,2025-06-01 08:01:47
304.00,5,2025-06-01 08:01:49
1648.00,2,2025-06-01 08:01:50
448.00,2,2025-06-01 08:01:51
768.00,5,2025-06-01 08:01:52
736.00,3,2025-06-01 08:01:56
1856.00,3,2025-06-01 08:02:00
384.00,2,2025-06-01 08:02:01
304.00,5,2025-06-01 08:02:06
1504.00,3,2025-06-01 08:02:08
512.00,3,2025-06-01 08:02:09
1440.00,4,2025-06-01 08:02:11
960.00,3,2025-06-01 08:02:12
1376.00,3,2025-06-01 08:02:14
1024.00,1,2025-06-01 08:02:15
576.00,3,2025-06-01 08:02:18
768.00,1,2025-06-01 08:02:23
320.00,3,2025-06-01 08:02:24
1632.00,2,2025-06-01 08:02:25
640.00,2,2025-06-01 08:02:30
832.00,4,2025-06-01 08:02:31
768.00,5,2025-06-01 08:02:37
768.00,5,2025-06-01 08:02:39
960.00,3,2025-06-01 08:02:41
1280.00,4,2025-06-01 08:02:42
1664.00,1,2025-06-01 08:02:43
192.00,2,2025-06-01 08:02:45
2272.00,3,2025-06-01 08:02:46
608.00,3,2025-06-01 08:02:50
1184.00,3,2025-06-01 08:02:53
576.00,2,2025-06-01 08:02:57
608.00,2,2025-06-01 08:03:01
960.00,4,2025-06-01 08:03:10
1760.00,5,2025-06-01 08:03:11
1824.00,5,2025-06-01 08:03:13
1344.00,2,2025-06-01 08:03:15
304.00,5,2025-06-01 08:03:17
1200.00,5,2025-06-01 08:03:22
1024.00,2,2025-06-01 08:03:25
1664.00,2,2025-06-01 08:03:26
224.00,3,2025-06-01 08:03:31
2400.00,4,2025-06-01 08:03:33
640.00,5,2025-06-01 08:03:34
1136.00,1,2025-06-01 08:03:37
1888.00,1,2025-06-01 08:03:38
288.00,3,2025-06-01 08:03:39
1216.00,5,2025-06-01 08:03:40
1248.00,4,2025-06-01 08:03:44
1088.00,4,2025-06-01 08:03:47
576.00,4,2025-06-01 08:03:51
304.00,1,2025-06-01 08:03:55
688.00,2,2025-06-01 08:03:57
256.00,2,2025-06-01 08:03:59
1728.00,2,2025-06-01 08:04:00
1184.00,3,2025-06-01 08:04:03
384.00,2,2025-06-01 08:04:06
832.00,3,2025-06-01 08:04:12
1600.00,5,2025-06-01 08:04:14
1184.00,2,2025-06-01 08:04:17
1408.00,4,2025-06-01 08:04:18
1472.00,4,2025-06-01 08:04:22
1664.00,2,2025-06-01 08:04:25
288.00,3,2025-06-01 08:04:31
1056.00,2,2025-06-01 08:04:32
1536.00,1,2025-06-01 08:04:34
640.00,5,2025-06-01 08:04:35
608.00,2,2025-06-01 08:04:37
576.00,2,2025-06-01 08:04:42
1504.00,4,2025-06-01 08:04:43
1728.00,3,2025-06-01 08:04:44
960.00,2,2025-06-01 08:04:45
1440.00,4,2025-06-01 08:04:46
384.00,2,2025-06-01 08:04:49
2112.00,1,2025-06-01 08:04:50
192.00,1,2025-06-01 08:04:51
576.00,2,2025-06-01 08:04:53
1792.00,1,2025-06-01 08:04:54
544.00,3,2025-06-01 08:04:55
1280.00,4,2025-06-01 08:05:00
880.00,4,2025-06-01 08:05:01
1952.00,1,2025-06-01 08:05:03
1664.00,3,2025-06-01 08:05:08
864.00,3,2025-06-01 08:05:09
1664.00,1,2025-06-01 08:05:10
1376.00,3,2025-06-01 08:05:14
1776.00,1,2025-06-01 08:05:15
2208.00,1,2025-06-01 08:05:20
1440.00,2,2025-06-01 08:05:22
2144.00,1,2025-06-01 08:05:26
1600.00,4,2025-06-01 08:05:28
1536.00,2,2025-06-01 08:05:30
736.00,2,2025-06-01 08:05:32
1056.00,4,2025-06-01 08:05:33
1296.00,2,2025-06-01 08:05:36
384.00,4,2025-06-01 08:05:37
1344.00,3,2025-06-01 08:05:39
288.00,1,2025-06-01 08:05:41
576.00,5,2025-06-01 08:05:43
1024.00,4,2025-06-01 08:05:46
224.00,5,2025-06-01 08:05:47
288.00,4,2025-06-01 08:05:48
224.00,5,2025-06-01 08:05:49
864.00,2,2025-06-01 08:05:50
960.00,2,2025-06-01 08:05:51
912.00,4,2025-06-01 08:05:52
1824.00,5,2025-06-01 08:05:53
2032.00,2,2025-06-01 08:05:54
576.00,4,2025-06-01 08:05:56
288.00,4,2025-06-01 08:06:01
1376.00,2,2025-06-01 08:06:02
256.00,1,2025-06-01 08:06:05
1792.00,3,2025-06-01 08:06:06
2112.00,3,2025-06-01 08:06:07
288.00,2,2025-06-01 08:06:09
576.00,2,2025-06-01 08:06:12
928.00,5,2025-06-01 08:06:20
768.00,2,2025-06-01 08:06:22
1952.00,1,2025-06-01 08:06:24
448.00,5,2025-06-01 08:06:25
2112.00,2,2025-06-01 08:06:26
1024.00,4,2025-06-01 08:06:30
1936.00,5,2025-06-01 08:06:32
1888.00,5,2025-06-01 08:06:33
1312.00,3,2025-06-01 08:06:34
1408.00,1,2025-06-01 08:06:38
448.00,3,2025-06-01 08:06:39
2032.00,4,2025-06-01 08:06:41
2080.00,5,2025-06-01 08:06:42
1824.00,2,2025-06-01 08:06:45
1136.00,3,2025-06-01 08:06:48
2016.00,4,2025-06-01 08:06:49
1360.00,3,2025-06-01 08:06:52
1120.00,5,2025-06-01 08:06:55
1360.00,2,2025-06-01 08:06:58
768.00,5,2025-06-01 08:07:01
288.00,3,2025-06-01 08:07:03
1280.00,3,2025-06-01 08:07:10
1184.00,3,2025-06-01 08:07:14
1376.00,1,2025-06-01 08:07:15
1120.00,5,2025-06-01 08:07:16
1504.00,4,2025-06-01 08:07:17
480.00,3,2025-06-01 08:07:21
896.00,5,2025-06-01 08:07:24
1488.00,3,2025-06-01 08:07:27
1216.00,3,2025-06-01 08:07:29
928.00,4,2025-06-01 08:07:35
1920.00,5,2025-06-01 08:07:36
512.00,4,2025-06-01 08:07:39
1520.00,5,2025-06-01 08:07:45
960.00,3,2025-06-01 08:07:46
624.00,5,2025-06-01 08:07:48
1824.00,5,2025-06-01 08:07:51
1024.00,4,2025-06-01 08:07:52
928.00,1,2025-06-01 08:07:53
864.00,5,2025-06-01 08:07:55
2208.00,2,2025-06-01 08:07:57
736.00,3,2025-06-01 08:07:59
1248.00,5,2025-06-01 08:08:01
1248.00,4,2025-06-01 08:08:02
1280.00,5,2025-06-01 08:08:07
864.00,4,2025-06-01 08:08:08
576.00,3,2025-06-01 08:08:09
800.00,2,2025-06-01 08:08:19
1312.00,3,2025-06-01 08:08:20
1824.00,2,2025-06-01 08:08:28
576.00,4,2025-06-01 08:08:29
1248.00,2,2025-06-01 08:08:30
448.00,5,2025-06-01 08:08:31
1152.00,3,2025-06-01 08:08:33
1280.00,5,2025-06-01 08:08:37
288.00,4,2025-06-01 08:08:39
1664.00,3,2025-06-01 08:08:42
1248.00,5,2025-06-01 08:08:44
576.00,3,2025-06-01 08:08:46
1728.00,4,2025-06-01 08:08:47
1440.00,5,2025-06-01 08:08:49
1632.00,5,2025-06-01 08:08:52
896.00,4,2025-06-01 08:08:53
1280.00,5,2025-06-01 08:08:54
1088.00,1,2025-06-01 08:08:56
1024.00,4,2025-06-01 08:08:57
256.00,4,2025-06-01 08:08:59
320.00,4,2025-06-01 08:09:00
768.00,1,2025-06-01 08:09:02
1376.00,5,2025-06-01 08:09:04
1184.00,2,2025-06-01 08:09:05
704.00,1,2025-06-01 08:09:06
1872.00,3,2025-06-01 08:09:07
768.00,4,2025-06-01 08:09:09
832.00,1,2025-06-01 08:09:12
768.00,2,2025-06-01 08:09:14
1664.00,3,2025-06-01 08:09:15
1440.00,3,2025-06-01 08:09:16
576.00,2,2025-06-01 08:09:18
1728.00,2,2025-06-01 08:09:19
1984.00,3,2025-06-01 08:09:20
960.00,1,2025-06-01 08:09:21
1200.00,5,2025-06-01 08:09:25
1184.00,5,2025-06-01 08:09:26
2016.00,5,2025-06-01 08:09:27
384.00,1,2025-06-01 08:09:28
1664.00,1,2025-06-01 08:09:31
512.00,4,2025-06-01 08:09:33
960.00,2,2025-06-01 08:09:34
288.00,3,2025-06-01 08:09:37
1728.00,5,2025-06-01 08:09:42
1344.00,4,2025-06-01 08:09:43
576.00,5,2025-06-01 08:09:44
1952.00,4,2025-06-01 08:09:50
704.00,1,2025-06-01 08:09:51
1792.00,2,2025-06-01 08:09:52
1376.00,3,2025-06-01 08:09:56
576.00,1,2025-06-01 08:09:57
1568.00,3,2025-06-01 08:10:02
1536.00,4,2025-06-01 08:10:05
1424.00,1,2025-06-01 08:10:07
576.00,4,2025-06-01 08:10:09
800.00,2,2025-06-01 08:10:11
1280.00,1,2025-06-01 08:10:12
2400.00,3,2025-06-01 08:10:18
544.00,2,2025-06-01 08:10:20
560.00,1,2025-06-01 08:10:26
1312.00,4,2025-06-01 08:10:29
1776.00,2,2025-06-01 08:10:31
2400.00,3,2025-06-01 08:10:32
2400.00,3,2025-06-01 08:10:34
768.00,5,2025-06-01 08:10:35
1792.00,5,2025-06-01 08:10:37
2080.00,2,2025-06-01 08:10:38
992.00,5,2025-06-01 08:10:40
672.00,4,2025-06-01 08:10:41
1632.00,3,2025-06-01 08:10:42
1280.00,1,2025-06-01 08:10:49
1152.00,4,2025-06-01 08:10:51
1376.00,3,2025-06-01 08:10:53
1344.00,2,2025-06-01 08:10:54
1280.00,2,2025-06-01 08:10:55
1344.00,1,2025-06-01 08:10:56
576.00,3,2025-06-01 08:10:57
1168.00,5,2025-06-01 08:10:59
224.00,4,2025-06-01 08:11:04
288.00,5,2025-06-01 08:11:05
672.00,1,2025-06-01 08:11:06
768.00,4,2025-06-01 08:11:07
1728.00,3,2025-06-01 08:11:18
256.00,1,2025-06-01 08:11:24
1456.00,2,2025-06-01 08:11:25
1216.00,3,2025-06-01 08:11:26
2368.00,3,2025-06-01 08:11:28
768.00,4,2025-06-01 08:11:30
576.00,3,2025-06-01 08:11:31
1728.00,3,2025-06-01 08:11:33
384.00,4,2025-06-01 08:11:36
288.00,2,2025-06-01 08:11:38
1664.00,3,2025-06-01 08:11:40
592.00,3,2025-06-01 08:11:41
320.00,2,2025-06-01 08:11:43
1440.00,4,2025-06-01 08:11:44
1952.00,1,2025-06-01 08:11:46
1376.00,1,2025-06-01 08:11:47
1536.00,3,2025-06-01 08:11:48
1360.00,1,2025-06-01 08:11:49
512.00,2,2025-06-01 08:11:51
896.00,5,2025-06-01 08:11:56
224.00,5,2025-06-01 08:11:58
1280.00,3,2025-06-01 08:11:59
1408.00,1,2025-06-01 08:12:01
1936.00,4,2025-06-01 08:12:03
640.00,3,2025-06-01 08:12:05
576.00,5,2025-06-01 08:12:10
576.00,4,2025-06-01 08:12:12
448.00,4,2025-06-01 08:12:13
224.00,1,2025-06-01 08:12:15
2272.00,1,2025-06-01 08:12:16
1488.00,1,2025-06-01 08:12:17
320.00,1,2025-06-01 08:12:18
1344.00,1,2025-06-01 08:12:20
1504.00,4,2025-06-01 08:12:23
1216.00,5,2025-06-01 08:12:24
1024.00,3,2025-06-01 08:12:25
1792.00,4,2025-06-01 08:12:26
1728.00,2,2025-06-01 08:12:28
1696.00,3,2025-06-01 08:12:31
1472.00,5,2025-06-01 08:12:32
1952.00,1,2025-06-01 08:12:35
960.00,4,2025-06-01 08:12:36
1792.00,5,2025-06-01 08:12:38
1312.00,3,2025-06-01 08:12:39
928.00,5,2025-06-01 08:12:47
1408.00,5,2025-06-01 08:12:53
1152.00,2,2025-06-01 08:12:54
1424.00,4,2025-06-01 08:12:55
256.00,3,2025-06-01 08:12:56
1088.00,4,2025-06-01 08:12:57
1632.00,5,2025-06-01 08:12:58
1632.00,4,2025-06-01 08:12:59
1248.00,3,2025-06-01 08:13:00
1952.00,2,2025-06-01 08:13:04
576.00,2,2025-06-01 08:13:05
1120.00,4,2025-06-01 08:13:06
256.00,3,2025-06-01 08:13:07
224.00,1,2025-06-01 08:13:09
1792.00,5,2025-06-01 08:13:15
2048.00,3,2025-06-01 08:13:16
928.00,4,2025-06-01 08:13:17
1792.00,5,2025-06-01 08:13:19
1088.00,4,2025-06-01 08:13:22
640.00,3,2025-06-01 08:13:25
1504.00,5,2025-06-01 08:13:28
576.00,2,2025-06-01 08:13:29
752.00,5,2025-06-01 08:13:31
1248.00,4,2025-06-01 08:13:33
640.00,1,2025-06-01 08:13:34
1872.00,1,2025-06-01 08:13:36
768.00,5,2025-06-01 08:13:38
1088.00,3,2025-06-01 08:13:40
1168.00,4,2025-06-01 08:13:41
896.00,5,2025-06-01 08:13:43
320.00,4,2025-06-01 08:13:44
2016.00,3,2025-06-01 08:13:48
832.00,4,2025-06-01 08:13:49
1440.00,2,2025-06-01 08:13:57
256.00,3,2025-06-01 08:14:03
576.00,1,2025-06-01 08:14:06
1728.00,3,2025-06-01 08:14:08
2000.00,1,2025-06-01 08:14:10
1776.00,3,2025-06-01 08:14:11
1312.00,3,2025-06-01 08:14:12
1824.00,2,2025-06-01 08:14:14
800.00,5,2025-06-01 08:14:15
704.00,4,2025-06-01 08:14:16
800.00,5,2025-06-01 08:14:17
1536.00,1,2025-06-01 08:14:20
640.00,3,2025-06-01 08:14:22
1472.00,4,2025-06-01 08:14:24
304.00,5,2025-06-01 08:14:25
1520.00,2,2025-06-01 08:14:26
1536.00,2,2025-06-01 08:14:27
992.00,4,2025-06-01 08:14:28
832.00,4,2025-06-01 08:14:30
992.00,4,2025-06-01 08:14:32
512.00,3,2025-06-01 08:14:33
800.00,4,2025-06-01 08:14:34
192.00,1,2025-06-01 08:14:36
896.00,2,2025-06-01 08:14:38
1648.00,5,2025-06-01 08:14:40
512.00,2,2025-06-01 08:14:43
1088.00,1,2025-06-01 08:14:44
896.00,3,2025-06-01 08:14:46
736.00,3,2025-06-01 08:14:55
768.00,4,2025-06-01 08:14:56
192.00,4,2025-06-01 08:14:58
912.00,4,2025-06-01 08:15:00
1536.00,3,2025-06-01 08:15:02
384.00,2,2025-06-01 08:15:09
768.00,5,2025-06-01 08:15:11
1264.00,4,2025-06-01 08:15:17
1152.00,4,2025-06-01 08:15:18
1456.00,2,2025-06-01 08:15:20
640.00,1,2025-06-01 08:15:21
960.00,3,2025-06-01 08:15:22
1792.00,4,2025-06-01 08:15:25
896.00,1,2025-06-01 08:15:26
1536.00,3,2025-06-01 08:15:27
1728.00,2,2025-06-01 08:15:28
960.00,3,2025-06-01 08:15:29
2048.00,3,2025-06-01 08:15:33
384.00,5,2025-06-01 08:15:38
480.00,5,2025-06-01 08:15:39
1568.00,1,2025-06-01 08:15:40
1792.00,4,2025-06-01 08:15:42
1952.00,5,2025-06-01 08:15:46
512.00,2,2025-06-01 08:15:47
1856.00,3,2025-06-01 08:15:50
2144.00,2,2025-06-01 08:15:51
1936.00,1,2025-06-01 08:15:56
896.00,4,2025-06-01 08:15:57
768.00,2,2025-06-01 08:15:58
768.00,2,2025-06-01 08:16:02
384.00,4,2025-06-01 08:16:03
768.00,1,2025-06-01 08:16:05
1632.00,3,2025-06-01 08:16:08
576.00,5,2025-06-01 08:16:10
288.00,2,2025-06-01 08:16:11
864.00,2,2025-06-01 08:16:14
1472.00,1,2025-06-01 08:16:20
864.00,2,2025-06-01 08:16:21
256.00,5,2025-06-01 08:16:22
640.00,4,2025-06-01 08:16:23
1776.00,5,2025-06-01 08:16:24
1472.00,5,2025-06-01 08:16:28
1120.00,1,2025-06-01 08:16:30
1664.00,4,2025-06-01 08:16:31
2640.00,1,2025-06-01 08:16:34
688.00,3,2025-06-01 08:16:36
384.00,1,2025-06-01 08:16:38
640.00,5,2025-06-01 08:16:41
1936.00,1,2025-06-01 08:16:43
768.00,4,2025-06-01 08:16:44
1152.00,2,2025-06-01 08:16:48
864.00,3,2025-06-01 08:16:49
1568.00,3,2025-06-01 08:16:50
1344.00,1,2025-06-01 08:16:51
256.00,3,2025-06-01 08:16:52
1280.00,5,2025-06-01 08:16:53
672.00,5,2025-06-01 08:16:54
320.00,1,2025-06-01 08:16:57
1456.00,1,2025-06-01 08:16:58
576.00,2,2025-06-01 08:16:59
816.00,2,2025-06-01 08:17:02
1504.00,2,2025-06-01 08:17:03
1136.00,3,2025-06-01 08:17:04
1984.00,4,2025-06-01 08:17:05
1504.00,1,2025-06-01 08:17:06
768.00,3,2025-06-01 08:17:10
1088.00,5,2025-06-01 08:17:15
320.00,1,2025-06-01 08:17:17
1280.00,4,2025-06-01 08:17:20
1792.00,2,2025-06-01 08:17:21
256.00,2,2025-06-01 08:17:24
256.00,1,2025-06-01 08:17:25
1440.00,4,2025-06-01 08:17:26
1664.00,2,2025-06-01 08:17:29
384.00,4,2025-06-01 08:17:31
1632.00,5,2025-06-01 08:17:36
320.00,2,2025-06-01 08:17:37
1760.00,5,2025-06-01 08:17:39
864.00,4,2025-06-01 08:17:40
1184.00,4,2025-06-01 08:17:43
448.00,5,2025-06-01 08:17:44
1024.00,1,2025-06-01 08:17:45
768.00,4,2025-06-01 08:17:46
1248.00,3,2025-06-01 08:17:47
1440.00,4,2025-06-01 08:17:48
1632.00,2,2025-06-01 08:17:49
2048.00,3,2025-06-01 08:17:57
1088.00,4,2025-06-01 08:17:58
2400.00,5,2025-06-01 08:17:59
864.00,3,2025-06-01 08:18:02
1440.00,2,2025-06-01 08:18:03
864.00,4,2025-06-01 08:18:04
1280.00,4,2025-06-01 08:18:05
608.00,4,2025-06-01 08:18:06
576.00,5,2025-06-01 08:18:10
1312.00,3,2025-06-01 08:18:11
928.00,4,2025-06-01 08:18:12
1056.00,4,2025-06-01 08:18:16
448.00,2,2025-06-01 08:18:19
768.00,5,2025-06-01 08:18:21
1216.00,1,2025-06-01 08:18:23
960.00,5,2025-06-01 08:18:29
864.00,3,2025-06-01 08:18:31
304.00,3,2025-06-01 08:18:39
1600.00,2,2025-06-01 08:18:40
608.00,3,2025-06-01 08:18:41
1152.00,2,2025-06-01 08:18:42
992.00,1,2025-06-01 08:18:44
576.00,3,2025-06-01 08:18:45
1376.00,5,2025-06-01 08:18:47
384.00,4,2025-06-01 08:18:52
864.00,2,2025-06-01 08:18:54
1824.00,2,2025-06-01 08:18:55
1104.00,5,2025-06-01 08:18:56
912.00,1,2025-06-01 08:18:57
944.00,3,2025-06-01 08:19:00
768.00,5,2025-06-01 08:19:04
1088.00,4,2025-06-01 08:19:06
1728.00,4,2025-06-01 08:19:10
192.00,5,2025-06-01 08:19:13
864.00,3,2025-06-01 08:19:14
1312.00,1,2025-06-01 08:19:15
288.00,1,2025-06-01 08:19:18
832.00,3,2025-06-01 08:19:20
1520.00,4,2025-06-01 08:19:21
320.00,3,2025-06-01 08:19:25
1520.00,1,2025-06-01 08:19:26
768.00,3,2025-06-01 08:19:27
672.00,3,2025-06-01 08:19:31
1392.00,4,2025-06-01 08:19:36
1344.00,2,2025-06-01 08:19:38
1376.00,2,2025-06-01 08:19:40
1792.00,1,2025-06-01 08:19:43
1760.00,2,2025-06-01 08:19:47
448.00,5,2025-06-01 08:19:50
880.00,2,2025-06-01 08:19:51
448.00,2,2025-06-01 08:19:54
1568.00,2,2025-06-01 08:20:01
960.00,4,2025-06-01 08:20:03
864.00,1,2025-06-01 08:20:05
576.00,1,2025-06-01 08:20:06
1728.00,2,2025-06-01 08:20:07
1216.00,4,2025-06-01 08:20:10
1776.00,3,2025-06-01 08:20:11
960.00,1,2025-06-01 08:20:12
832.00,3,2025-06-01 08:20:13
896.00,4,2025-06-01 08:20:15
672.00,4,2025-06-01 08:20:17
880.00,2,2025-06-01 08:20:19
912.00,1,2025-06-01 08:20:24
880.00,5,2025-06-01 08:20:25
512.00,5,2025-06-01 08:20:26
2048.00,4,2025-06-01 08:20:31
1168.00,4,2025-06-01 08:20:32
544.00,5,2025-06-01 08:20:34
1728.00,3,2025-06-01 08:20:35
192.00,5,2025-06-01 08:20:36
864.00,3,2025-06-01 08:20:38
864.00,4,2025-06-01 08:20:39
1744.00,3,2025-06-01 08:20:40
1824.00,1,2025-06-01 08:20:45
576.00,3,2025-06-01 08:20:47
1136.00,1,2025-06-01 08:20:48
1536.00,3,2025-06-01 08:20:49
1168.00,2,2025-06-01 08:20:50
1632.00,4,2025-06-01 08:20:52
1632.00,2,2025-06-01 08:20:56
864.00,3,2025-06-01 08:20:59
2384.00,4,2025-06-01 08:21:00
576.00,2,2025-06-01 08:21:02
768.00,4,2025-06-01 08:21:03
320.00,3,2025-06-01 08:21:05
1920.00,5,2025-06-01 08:21:08
288.00,4,2025-06-01 08:21:09
1088.00,5,2025-06-01 08:21:10
1536.00,5,2025-06-01 08:21:12
512.00,2,2025-06-01 08:21:13
1584.00,5,2025-06-01 08:21:18
1488.00,2,2025-06-01 08:21:20
992.00,4,2025-06-01 08:21:21
512.00,1,2025-06-01 08:21:22
864.00,5,2025-06-01 08:21:23
960.00,4,2025-06-01 08:21:24
512.00,5,2025-06-01 08:21:25
768.00,1,2025-06-01 08:21:26
1216.00,3,2025-06-01 08:21:27
1376.00,1,2025-06-01 08:21:28
2112.00,5,2025-06-01 08:21:34
1216.00,2,2025-06-01 08:21:35
1120.00,4,2025-06-01 08:21:36
2080.00,3,2025-06-01 08:21:40
1312.00,1,2025-06-01 08:21:47
608.00,4,2025-06-01 08:21:49
1280.00,3,2025-06-01 08:21:50
1120.00,1,2025-06-01 08:21:51
1200.00,5,2025-06-01 08:21:54
192.00,5,2025-06-01 08:21:55
1280.00,2,2025-06-01 08:21:56
912.00,2,2025-06-01 08:21:57
1344.00,2,2025-06-01 08:21:59
928.00,5,2025-06-01 08:22:00
512.00,3,2025-06-01 08:22:02
768.00,3,2025-06-01 08:22:08
896.00,1,2025-06-01 08:22:09
1184.00,2,2025-06-01 08:22:12
832.00,4,2025-06-01 08:22:13
1792.00,1,2025-06-01 08:22:15
832.00,4,2025-06-01 08:22:17
1920.00,1,2025-06-01 08:22:18
832.00,1,2025-06-01 08:22:19
1104.00,5,2025-06-01 08:22:22
1024.00,5,2025-06-01 08:22:24
1184.00,2,2025-06-01 08:22:25
800.00,5,2025-06-01 08:22:27
576.00,1,2025-06-01 08:22:30
1088.00,3,2025-06-01 08:22:36
1376.00,5,2025-06-01 08:22:39
1872.00,5,2025-06-01 08:22:41
512.00,1,2025-06-01 08:22:42
864.00,4,2025-06-01 08:22:45
1312.00,1,2025-06-01 08:22:46
1024.00,3,2025-06-01 08:22:48
576.00,3,2025-06-01 08:22:51
1424.00,4,2025-06-01 08:22:53
1536.00,5,2025-06-01 08:22:55
576.00,2,2025-06-01 08:22:56
1088.00,3,2025-06-01 08:22:58
224.00,3,2025-06-01 08:23:03
288.00,4,2025-06-01 08:23:05
896.00,1,2025-06-01 08:23:08
704.00,3,2025-06-01 08:23:09
1824.00,4,2025-06-01 08:23:10
576.00,5,2025-06-01 08:23:17
880.00,1,2025-06-01 08:23:21
2064.00,3,2025-06-01 08:23:23
2144.00,4,2025-06-01 08:23:24
304.00,1,2025-06-01 08:23:25
1280.00,4,2025-06-01 08:23:27
1120.00,3,2025-06-01 08:23:30
1744.00,4,2025-06-01 08:23:31
1088.00,5,2025-06-01 08:23:34
768.00,5,2025-06-01 08:23:35
304.00,1,2025-06-01 08:23:36
2160.00,4,2025-06-01 08:23:37
448.00,5,2025-06-01 08:23:38
1056.00,4,2025-06-01 08:23:41
864.00,5,2025-06-01 08:23:45
624.00,5,2025-06-01 08:23:47
768.00,1,2025-06-01 08:23:54
832.00,5,2025-06-01 08:23:55
768.00,1,2025-06-01 08:23:57
384.00,2,2025-06-01 08:23:58
768.00,3,2025-06-01 08:23:59
1824.00,4,2025-06-01 08:24:02
1216.00,5,2025-06-01 08:24:08
608.00,4,2025-06-01 08:24:09
960.00,4,2025-06-01 08:24:14
1632.00,4,2025-06-01 08:24:15
1088.00,5,2025-06-01 08:24:19
768.00,4,2025-06-01 08:24:21
512.00,3,2025-06-01 08:24:22
1152.00,3,2025-06-01 08:24:23
2048.00,5,2025-06-01 08:24:26
320.00,5,2025-06-01 08:24:29
1792.00,5,2025-06-01 08:24:30
224.00,1,2025-06-01 08:24:31
1504.00,5,2025-06-01 08:24:32
640.00,5,2025-06-01 08:24:34
768.00,3,2025-06-01 08:24:35
1088.00,2,2025-06-01 08:24:40
1760.00,4,2025-06-01 08:24:42
256.00,2,2025-06-01 08:24:46
1152.00,3,2025-06-01 08:24:48
1408.00,2,2025-06-01 08:24:50
576.00,2,2025-06-01 08:24:51
928.00,2,2025-06-01 08:24:53
640.00,5,2025-06-01 08:24:57
912.00,3,2025-06-01 08:25:02
576.00,3,2025-06-01 08:25:03
832.00,3,2025-06-01 08:25:04
1696.00,1,2025-06-01 08:25:05
1024.00,3,2025-06-01 08:25:07
2000.00,2,2025-06-01 08:25:09
192.00,4,2025-06-01 08:25:10
1632.00,3,2025-06-01 08:25:11
1888.00,1,2025-06-01 08:25:17
192.00,2,2025-06-01 08:25:18
1152.00,3,2025-06-01 08:25:24
896.00,3,2025-06-01 08:25:29
1728.00,3,2025-06-01 08:25:30
576.00,2,2025-06-01 08:25:34
1088.00,2,2025-06-01 08:25:35
960.00,4,2025-06-01 08:25:36
1152.00,2,2025-06-01 08:25:38
528.00,5,2025-06-01 08:25:40
560.00,1,2025-06-01 08:25:42
320.00,2,2025-06-01 08:25:43
1344.00,4,2025-06-01 08:25:44
192.00,1,2025-06-01 08:25:46
832.00,3,2025-06-01 08:25:47
192.00,3,2025-06-01 08:25:48
2096.00,1,2025-06-01 08:25:49
896.00,2,2025-06-01 08:25:51
1712.00,1,2025-06-01 08:25:54
992.00,2,2025-06-01 08:25:55
1088.00,4,2025-06-01 08:25:56
768.00,1,2025-06-01 08:25:57
896.00,3,2025-06-01 08:25:59
1312.00,1,2025-06-01 08:26:01
224.00,2,2025-06-01 08:26:03
832.00,4,2025-06-01 08:26:07
640.00,3,2025-06-01 08:26:08
1424.00,2,2025-06-01 08:26:10
2736.00,4,2025-06-01 08:26:11
1440.00,3,2025-06-01 08:26:15
576.00,3,2025-06-01 08:26:19
1648.00,4,2025-06-01 08:26:22
1280.00,4,2025-06-01 08:26:23
2496.00,4,2025-06-01 08:26:24
1168.00,3,2025-06-01 08:26:25
1168.00,5,2025-06-01 08:26:27
960.00,2,2025-06-01 08:26:34
1664.00,2,2025-06-01 08:26:35
1680.00,4,2025-06-01 08:26:37
384.00,4,2025-06-01 08:26:38
960.00,4,2025-06-01 08:26:40
1024.00,3,2025-06-01 08:26:42
832.00,2,2025-06-01 08:26:43
192.00,2,2025-06-01 08:26:45
224.00,1,2025-06-01 08:26:48
736.00,2,2025-06-01 08:26:49
1824.00,1,2025-06-01 08:26:51
1104.00,3,2025-06-01 08:26:52
224.00,5,2025-06-01 08:26:53
1408.00,1,2025-06-01 08:26:54
800.00,1,2025-06-01 08:26:55
1440.00,5,2025-06-01 08:26:59
576.00,1,2025-06-01 08:27:00
544.00,3,2025-06-01 08:27:05
480.00,1,2025-06-01 08:27:06
640.00,3,2025-06-01 08:27:07
1312.00,3,2025-06-01 08:27:08
1376.00,3,2025-06-01 08:27:10
1696.00,5,2025-06-01 08:27:12
1312.00,2,2025-06-01 08:27:13
1728.00,3,2025-06-01 08:27:18
832.00,2,2025-06-01 08:27:19
1312.00,1,2025-06-01 08:27:20
1088.00,3,2025-06-01 08:27:23
1792.00,5,2025-06-01 08:27:24
640.00,5,2025-06-01 08:27:25
1712.00,3,2025-06-01 08:27:29
1440.00,4,2025-06-01 08:27:33
512.00,2,2025-06-01 08:27:35
912.00,3,2025-06-01 08:27:37
1024.00,2,2025-06-01 08:27:40
1728.00,5,2025-06-01 08:27:43
1856.00,2,2025-06-01 08:27:44
1728.00,2,2025-06-01 08:27:46
192.00,1,2025-06-01 08:27:51
224.00,3,2025-06-01 08:27:55
1472.00,3,2025-06-01 08:27:58
960.00,5,2025-06-01 08:28:00
1440.00,5,2025-06-01 08:28:02
1184.00,2,2025-06-01 08:28:04
864.00,4,2025-06-01 08:28:05
896.00,1,2025-06-01 08:28:06
192.00,2,2025-06-01 08:28:08
992.00,1,2025-06-01 08:28:09
288.00,5,2025-06-01 08:28:10
224.00,1,2025-06-01 08:28:11
800.00,2,2025-06-01 08:28:13
880.00,5,2025-06-01 08:28:15
448.00,3,2025-06-01 08:28:19
1168.00,1,2025-06-01 08:28:21
672.00,5,2025-06-01 08:28:24
1152.00,5,2025-06-01 08:28:27
1216.00,3,2025-06-01 08:28:28
960.00,1,2025-06-01 08:28:30
768.00,1,2025-06-01 08:28:33
1440.00,5,2025-06-01 08:28:34
736.00,5,2025-06-01 08:28:39
192.00,1,2025-06-01 08:28:42
672.00,5,2025-06-01 08:28:44
864.00,3,2025-06-01 08:28:47
912.00,4,2025-06-01 08:28:48
576.00,3,2025-06-01 08:28:49
1248.00,5,2025-06-01 08:28:50
1264.00,4,2025-06-01 08:28:52
2096.00,4,2025-06-01 08:28:54
992.00,5,2025-06-01 08:28:55
1296.00,5,2025-06-01 08:28:59
2176.00,2,2025-06-01 08:29:03
1440.00,3,2025-06-01 08:29:04
448.00,1,2025-06-01 08:29:05
672.00,5,2025-06-01 08:29:07
1824.00,4,2025-06-01 08:29:09
224.00,4,2025-06-01 08:29:12
1632.00,1,2025-06-01 08:29:13
864.00,4,2025-06-01 08:29:17
1536.00,5,2025-06-01 08:29:18
768.00,5,2025-06-01 08:29:20
288.00,3,2025-06-01 08:29:23
288.00,2,2025-06-01 08:29:24
2400.00,1,2025-06-01 08:29:25
1536.00,4,2025-06-01 08:29:26
576.00,1,2025-06-01 08:29:27
576.00,1,2025-06-01 08:29:28
1216.00,2,2025-06-01 08:29:29
224.00,5,2025-06-01 08:29:34
1728.00,3,2025-06-01 08:29:35
1776.00,2,2025-06-01 08:29:36
224.00,2,2025-06-01 08:29:42
576.00,2,2025-06-01 08:29:43
576.00,4,2025-06-01 08:29:44
1248.00,5,2025-06-01 08:29:47
608.00,5,2025-06-01 08:29:49
384.00,3,2025-06-01 08:29:50
512.00,3,2025-06-01 08:29:54
256.00,5,2025-06-01 08:29:57
864.00,1,2025-06-01 08:29:59
768.00,2,2025-06-01 08:30:00
1408.00,3,2025-06-01 08:30:01
512.00,4,2025-06-01 08:30:06
1344.00,3,2025-06-01 08:30:08
1280.00,3,2025-06-01 08:30:09
320.00,5,2025-06-01 08:30:11
960.00,2,2025-06-01 08:30:12
1120.00,5,2025-06-01 08:30:13
2336.00,5,2025-06-01 08:30:15
576.00,3,2025-06-01 08:30:16
960.00,1,2025-06-01 08:30:17
1072.00,5,2025-06-01 08:30:19
2080.00,5,2025-06-01 08:30:21
1184.00,2,2025-06-01 08:30:25
1456.00,3,2025-06-01 08:30:26
1792.00,5,2025-06-01 08:30:31
1376.00,2,2025-06-01 08:30:37
880.00,1,2025-06-01 08:30:38
1680.00,3,2025-06-01 08:30:39
1440.00,2,2025-06-01 08:30:44
2144.00,5,2025-06-01 08:30:46
304.00,4,2025-06-01 08:30:49
512.00,5,2025-06-01 08:30:50
576.00,2,2025-06-01 08:30:51
704.00,1,2025-06-01 08:30:52
1312.00,1,2025-06-01 08:30:53
576.00,5,2025-06-01 08:30:57
1344.00,2,2025-06-01 08:30:58
1312.00,4,2025-06-01 08:31:00
1488.00,1,2025-06-01 08:31:01
864.00,5,2025-06-01 08:31:03
1248.00,5,2025-06-01 08:31:04
960.00,4,2025-06-01 08:31:08
816.00,2,2025-06-01 08:31:11
1824.00,2,2025-06-01 08:31:12
1792.00,1,2025-06-01 08:31:14
960.00,4,2025-06-01 08:31:15
1712.00,4,2025-06-01 08:31:17
2208.00,1,2025-06-01 08:31:20
448.00,2,2025-06-01 08:31:21
512.00,5,2025-06-01 08:31:22
640.00,2,2025-06-01 08:31:25
928.00,4,2025-06-01 08:31:26
576.00,4,2025-06-01 08:31:27
288.00,1,2025-06-01 08:31:29
848.00,5,2025-06-01 08:31:32
1408.00,3,2025-06-01 08:31:36
1168.00,3,2025-06-01 08:31:38
576.00,5,2025-06-01 08:31:39
1520.00,1,2025-06-01 08:31:42
512.00,4,2025-06-01 08:31:44
288.00,2,2025-06-01 08:31:46
1872.00,4,2025-06-01 08:31:48
1216.00,4,2025-06-01 08:31:50
1344.00,3,2025-06-01 08:31:51
1072.00,1,2025-06-01 08:31:54
864.00,5,2025-06-01 08:31:55
576.00,4,2025-06-01 08:31:58
480.00,4,2025-06-01 08:31:59
832.00,3,2025-06-01 08:32:00
1024.00,5,2025-06-01 08:32:01
1376.00,1,2025-06-01 08:32:02
2128.00,4,2025-06-01 08:32:03
576.00,3,2025-06-01 08:32:04
1728.00,4,2025-06-01 08:32:07
1024.00,1,2025-06-01 08:32:09
288.00,3,2025-06-01 08:32:14
1760.00,3,2025-06-01 08:32:15
1280.00,4,2025-06-01 08:32:17
1088.00,3,2025-06-01 08:32:22
1200.00,3,2025-06-01 08:32:23
2352.00,2,2025-06-01 08:32:24
1440.00,3,2025-06-01 08:32:26
768.00,5,2025-06-01 08:32:27
864.00,2,2025-06-01 08:32:29
1376.00,1,2025-06-01 08:32:36
1088.00,5,2025-06-01 08:32:41
976.00,5,2025-06-01 08:32:43
256.00,3,2025-06-01 08:32:45
192.00,3,2025-06-01 08:32:47
192.00,2,2025-06-01 08:32:49
288.00,1,2025-06-01 08:32:52
1120.00,1,2025-06-01 08:32:54
1856.00,2,2025-06-01 08:32:58
1776.00,2,2025-06-01 08:32:59
576.00,1,2025-06-01 08:33:00
608.00,3,2025-06-01 08:33:03
640.00,3,2025-06-01 08:33:04
960.00,4,2025-06-01 08:33:05
288.00,1,2025-06-01 08:33:10
384.00,3,2025-06-01 08:33:11
1696.00,3,2025-06-01 08:33:12
1856.00,2,2025-06-01 08:33:16
1088.00,4,2025-06-01 08:33:18
1088.00,4,2025-06-01 08:33:19
576.00,5,2025-06-01 08:33:20
896.00,5,2025-06-01 08:33:22
304.00,4,2025-06-01 08:33:24
1632.00,4,2025-06-01 08:33:31
2096.00,5,2025-06-01 08:33:32
608.00,2,2025-06-01 08:33:35
256.00,1,2025-06-01 08:33:41
224.00,1,2025-06-01 08:33:42
1408.00,1,2025-06-01 08:33:44
832.00,5,2025-06-01 08:33:45
1472.00,4,2025-06-01 08:33:47
1600.00,5,2025-06-01 08:33:49
608.00,3,2025-06-01 08:33:52
1888.00,4,2025-06-01 08:33:53
640.00,4,2025-06-01 08:33:57
256.00,3,2025-06-01 08:33:59
1216.00,3,2025-06-01 08:34:00
1456.00,4,2025-06-01 08:34:01
288.00,4,2025-06-01 08:34:08
928.00,2,2025-06-01 08:34:09
1680.00,4,2025-06-01 08:34:13
1152.00,5,2025-06-01 08:34:16
288.00,5,2025-06-01 08:34:17
576.00,2,2025-06-01 08:34:19
512.00,3,2025-06-01 08:34:22
864.00,2,2025-06-01 08:34:23
1776.00,2,2025-06-01 08:34:24
1392.00,4,2025-06-01 08:34:26
768.00,2,2025-06-01 08:34:30
576.00,4,2025-06-01 08:34:34
912.00,4,2025-06-01 08:34:37
1344.00,5,2025-06-01 08:34:39
960.00,5,2025-06-01 08:34:40
768.00,2,2025-06-01 08:34:46
1216.00,3,2025-06-01 08:34:48
1840.00,3,2025-06-01 08:34:49
832.00,2,2025-06-01 08:34:50
1216.00,4,2025-06-01 08:34:53
1376.00,2,2025-06-01 08:35:00
1216.00,3,2025-06-01 08:35:01
1168.00,1,2025-06-01 08:35:02
1536.00,5,2025-06-01 08:35:04
288.00,5,2025-06-01 08:35:05
2288.00,2,2025-06-01 08:35:12
304.00,4,2025-06-01 08:35:13
480.00,4,2025-06-01 08:35:14
288.00,5,2025-06-01 08:35:16
1440.00,4,2025-06-01 08:35:19
1760.00,4,2025-06-01 08:35:21
608.00,5,2025-06-01 08:35:22
960.00,5,2025-06-01 08:35:24
512.00,4,2025-06-01 08:35:25
672.00,1,2025-06-01 08:35:30
896.00,5,2025-06-01 08:35:33
1952.00,4,2025-06-01 08:35:34
1600.00,2,2025-06-01 08:35:38
960.00,1,2025-06-01 08:35:39
672.00,1,2025-06-01 08:35:40
288.00,3,2025-06-01 08:35:41
1408.00,2,2025-06-01 08:35:42
768.00,2,2025-06-01 08:35:43
1248.00,3,2025-06-01 08:35:45
800.00,5,2025-06-01 08:35:46
1056.00,3,2025-06-01 08:35:47
896.00,1,2025-06-01 08:35:50
1056.00,1,2025-06-01 08:35:53
1488.00,2,2025-06-01 08:35:54
512.00,5,2025-06-01 08:35:58
2400.00,2,2025-06-01 08:36:00
1440.00,5,2025-06-01 08:36:01
1248.00,2,2025-06-01 08:36:02
864.00,1,2025-06-01 08:36:04
1088.00,4,2025-06-01 08:36:07
1568.00,4,2025-06-01 08:36:08
1488.00,1,2025-06-01 08:36:12
2112.00,5,2025-06-01 08:36:15
1920.00,4,2025-06-01 08:36:16
1152.00,5,2025-06-01 08:36:18
864.00,4,2025-06-01 08:36:21
672.00,2,2025-06-01 08:36:23
2144.00,3,2025-06-01 08:36:27
1184.00,4,2025-06-01 08:36:30
320.00,2,2025-06-01 08:36:35
960.00,5,2025-06-01 08:36:37
1184.00,3,2025-06-01 08:36:38
2272.00,1,2025-06-01 08:36:40
672.00,2,2025-06-01 08:36:44
2080.00,2,2025-06-01 08:36:45
224.00,3,2025-06-01 08:36:48
512.00,3,2025-06-01 08:36:52
2048.00,2,2025-06-01 08:36:53
1312.00,1,2025-06-01 08:36:55
304.00,1,2025-06-01 08:36:56
2176.00,3,2025-06-01 08:36:57
576.00,4,2025-06-01 08:36:58
928.00,1,2025-06-01 08:36:59
1280.00,5,2025-06-01 08:37:02
192.00,2,2025-06-01 08:37:03
1856.00,5,2025-06-01 08:37:07
1504.00,1,2025-06-01 08:37:08
640.00,5,2025-06-01 08:37:09
1072.00,2,2025-06-01 08:37:12
1152.00,2,2025-06-01 08:37:13
896.00,4,2025-06-01 08:37:16
1120.00,2,2025-06-01 08:37:19
576.00,2,2025-06-01 08:37:20
1264.00,1,2025-06-01 08:37:22
736.00,1,2025-06-01 08:37:23
1456.00,3,2025-06-01 08:37:26
2096.00,1,2025-06-01 08:37:27
640.00,1,2025-06-01 08:37:31
864.00,2,2025-06-01 08:37:34
1792.00,1,2025-06-01 08:37:36
512.00,5,2025-06-01 08:37:38
688.00,4,2025-06-01 08:37:39
1344.00,4,2025-06-01 08:37:41
864.00,2,2025-06-01 08:37:43
768.00,5,2025-06-01 08:37:45
1024.00,3,2025-06-01 08:37:48
608.00,1,2025-06-01 08:37:49
1280.00,2,2025-06-01 08:37:50
256.00,1,2025-06-01 08:37:51
1344.00,2,2025-06-01 08:37:53
512.00,5,2025-06-01 08:37:54
1904.00,1,2025-06-01 08:37:56
2080.00,1,2025-06-01 08:37:57
1680.00,2,2025-06-01 08:38:00
1536.00,4,2025-06-01 08:38:01
1152.00,5,2025-06-01 08:38:03
864.00,1,2025-06-01 08:38:08
1040.00,1,2025-06-01 08:38:18
576.00,5,2025-06-01 08:38:22
256.00,1,2025-06-01 08:38:24
1056.00,5,2025-06-01 08:38:28
1664.00,1,2025-06-01 08:38:31
192.00,1,2025-06-01 08:38:32
768.00,3,2025-06-01 08:38:33
2784.00,3,2025-06-01 08:38:34
832.00,3,2025-06-01 08:38:36
864.00,3,2025-06-01 08:38:37
2464.00,1,2025-06-01 08:38:40
288.00,1,2025-06-01 08:38:43
608.00,5,2025-06-01 08:38:54
960.00,2,2025-06-01 08:38:55
1760.00,5,2025-06-01 08:38:58
1536.00,1,2025-06-01 08:38:59
2128.00,3,2025-06-01 08:39:03
2000.00,4,2025-06-01 08:39:05
640.00,1,2025-06-01 08:39:06
288.00,1,2025-06-01 08:39:07
1088.00,2,2025-06-01 08:39:08
1728.00,5,2025-06-01 08:39:11
1664.00,4,2025-06-01 08:39:14
768.00,2,2025-06-01 08:39:15
1328.00,3,2025-06-01 08:39:17
512.00,5,2025-06-01 08:39:18
1984.00,1,2025-06-01 08:39:19
224.00,3,2025-06-01 08:39:20
800.00,5,2025-06-01 08:39:23
288.00,4,2025-06-01 08:39:24
960.00,5,2025-06-01 08:39:25
1056.00,4,2025-06-01 08:39:26
960.00,3,2025-06-01 08:39:29
1568.00,2,2025-06-01 08:39:30
608.00,4,2025-06-01 08:39:33
320.00,1,2025-06-01 08:39:35
752.00,1,2025-06-01 08:39:36
544.00,3,2025-06-01 08:39:42
192.00,5,2025-06-01 08:39:45
1680.00,4,2025-06-01 08:39:47
1344.00,4,2025-06-01 08:39:51
448.00,5,2025-06-01 08:39:52
864.00,5,2025-06-01 08:39:59
1760.00,4,2025-06-01 08:40:00
320.00,2,2025-06-01 08:40:02
224.00,4,2025-06-01 08:40:03
1184.00,1,2025-06-01 08:40:08
2080.00,3,2025-06-01 08:40:09
192.00,2,2025-06-01 08:40:10
1376.00,1,2025-06-01 08:40:15
768.00,5,2025-06-01 08:40:18
1024.00,4,2025-06-01 08:40:19
1248.00,1,2025-06-01 08:40:21
1344.00,3,2025-06-01 08:40:22
512.00,5,2025-06-01 08:40:24
912.00,2,2025-06-01 08:40:30
1504.00,1,2025-06-01 08:40:31
576.00,1,2025-06-01 08:40:34
224.00,2,2025-06-01 08:40:36
1056.00,2,2025-06-01 08:40:37
384.00,4,2025-06-01 08:40:39
1744.00,4,2025-06-01 08:40:41
1440.00,2,2025-06-01 08:40:45
256.00,1,2025-06-01 08:40:46
1200.00,2,2025-06-01 08:40:47
608.00,1,2025-06-01 08:40:49
1168.00,1,2025-06-01 08:40:55
960.00,1,2025-06-01 08:40:56
384.00,4,2025-06-01 08:40:58
320.00,4,2025-06-01 08:41:03
960.00,5,2025-06-01 08:41:04
1152.00,4,2025-06-01 08:41:06
576.00,2,2025-06-01 08:41:07
1312.00,4,2025-06-01 08:41:11
2016.00,5,2025-06-01 08:41:12
1344.00,3,2025-06-01 08:41:13
640.00,1,2025-06-01 08:41:14
2240.00,5,2025-06-01 08:41:16
1440.00,1,2025-06-01 08:41:17
512.00,1,2025-06-01 08:41:19
672.00,4,2025-06-01 08:41:20
512.00,2,2025-06-01 08:41:22
768.00,4,2025-06-01 08:41:23
1760.00,5,2025-06-01 08:41:24
1936.00,3,2025-06-01 08:41:28
640.00,1,2025-06-01 08:41:29
544.00,4,2025-06-01 08:41:30
1120.00,1,2025-06-01 08:41:31
912.00,1,2025-06-01 08:41:35
800.00,5,2025-06-01 08:41:36
800.00,1,2025-06-01 08:41:40
1488.00,4,2025-06-01 08:41:43
1152.00,4,2025-06-01 08:41:46
672.00,4,2025-06-01 08:41:49
1472.00,3,2025-06-01 08:41:50
768.00,2,2025-06-01 08:41:52
448.00,5,2025-06-01 08:41:54
688.00,2,2025-06-01 08:42:05
1152.00,5,2025-06-01 08:42:07
2208.00,3,2025-06-01 08:42:12
992.00,1,2025-06-01 08:42:16
800.00,2,2025-06-01 08:42:18
384.00,5,2025-06-01 08:42:20
1728.00,2,2025-06-01 08:42:26
1248.00,4,2025-06-01 08:42:27
1216.00,1,2025-06-01 08:42:28
512.00,4,2025-06-01 08:42:29
912.00,1,2025-06-01 08:42:31
1568.00,2,2025-06-01 08:42:32
1536.00,2,2025-06-01 08:42:33
1568.00,4,2025-06-01 08:42:37
832.00,3,2025-06-01 08:42:41
576.00,3,2025-06-01 08:42:42
1888.00,4,2025-06-01 08:42:45
736.00,3,2025-06-01 08:42:46
2080.00,5,2025-06-01 08:42:48
224.00,2,2025-06-01 08:42:50
864.00,1,2025-06-01 08:42:52
1600.00,4,2025-06-01 08:42:53
512.00,2,2025-06-01 08:42:54
1824.00,4,2025-06-01 08:42:55
1728.00,2,2025-06-01 08:42:56
928.00,1,2025-06-01 08:42:58
2496.00,5,2025-06-01 08:43:02
320.00,5,2025-06-01 08:43:03
736.00,2,2025-06-01 08:43:06
1024.00,4,2025-06-01 08:43:07
1600.00,3,2025-06-01 08:43:10
832.00,1,2025-06-01 08:43:14
672.00,3,2025-06-01 08:43:15
384.00,5,2025-06-01 08:43:16
960.00,5,2025-06-01 08:43:17
912.00,5,2025-06-01 08:43:22
1120.00,4,2025-06-01 08:43:24
2272.00,5,2025-06-01 08:43:26
1536.00,3,2025-06-01 08:43:29
704.00,3,2025-06-01 08:43:30
1520.00,5,2025-06-01 08:43:33
1344.00,1,2025-06-01 08:43:34
1120.00,4,2025-06-01 08:43:42
1184.00,1,2025-06-01 08:43:46
224.00,1,2025-06-01 08:43:47
1504.00,3,2025-06-01 08:43:49
512.00,2,2025-06-01 08:43:51
576.00,4,2025-06-01 08:43:52
1536.00,3,2025-06-01 08:43:54
2160.00,3,2025-06-01 08:43:56
256.00,5,2025-06-01 08:43:57
576.00,3,2025-06-01 08:43:58
1504.00,1,2025-06-01 08:43:59
1568.00,1,2025-06-01 08:44:01
192.00,2,2025-06-01 08:44:02
832.00,5,2025-06-01 08:44:04
928.00,1,2025-06-01 08:44:06
1728.00,5,2025-06-01 08:44:08
768.00,1,2025-06-01 08:44:10
928.00,3,2025-06-01 08:44:12
1168.00,5,2025-06-01 08:44:13
384.00,3,2025-06-01 08:44:16
576.00,1,2025-06-01 08:44:18
896.00,4,2025-06-01 08:44:25
960.00,1,2025-06-01 08:44:27
592.00,1,2025-06-01 08:44:29
2144.00,2,2025-06-01 08:44:30
192.00,1,2025-06-01 08:44:32
832.00,1,2025-06-01 08:44:34
576.00,2,2025-06-01 08:44:35
768.00,3,2025-06-01 08:44:37
288.00,5,2025-06-01 08:44:45
864.00,5,2025-06-01 08:44:47
256.00,4,2025-06-01 08:44:48
912.00,3,2025-06-01 08:44:50
2336.00,2,2025-06-01 08:44:53
512.00,5,2025-06-01 08:44:56
1280.00,3,2025-06-01 08:44:57
1120.00,3,2025-06-01 08:45:05
2288.00,1,2025-06-01 08:45:06
1024.00,4,2025-06-01 08:45:08
960.00,4,2025-06-01 08:45:10
864.00,5,2025-06-01 08:45:11
768.00,4,2025-06-01 08:45:12
1440.00,4,2025-06-01 08:45:13
256.00,3,2025-06-01 08:45:14
1184.00,4,2025-06-01 08:45:16
864.00,1,2025-06-01 08:45:17
2208.00,5,2025-06-01 08:45:18
1408.00,1,2025-06-01 08:45:22
1152.00,5,2025-06-01 08:45:26
2016.00,4,2025-06-01 08:45:31
608.00,5,2025-06-01 08:45:33
960.00,2,2025-06-01 08:45:34
2128.00,4,2025-06-01 08:45:36
640.00,1,2025-06-01 08:45:41
1472.00,2,2025-06-01 08:45:44
1120.00,1,2025-06-01 08:45:48
512.00,2,2025-06-01 08:45:50
1184.00,3,2025-06-01 08:45:52
1872.00,2,2025-06-01 08:45:55
1024.00,4,2025-06-01 08:45:56
512.00,1,2025-06-01 08:45:58
1472.00,1,2025-06-01 08:46:00
1376.00,2,2025-06-01 08:46:01
1168.00,2,2025-06-01 08:46:03
1616.00,5,2025-06-01 08:46:05
512.00,4,2025-06-01 08:46:10
864.00,3,2025-06-01 08:46:12
1168.00,3,2025-06-01 08:46:13
960.00,2,2025-06-01 08:46:15
1824.00,2,2025-06-01 08:46:16
2736.00,4,2025-06-01 08:46:17
2048.00,1,2025-06-01 08:46:18
1952.00,5,2025-06-01 08:46:19
768.00,5,2025-06-01 08:46:21
1248.00,4,2025-06-01 08:46:25
816.00,1,2025-06-01 08:46:26
1600.00,1,2025-06-01 08:46:27
2144.00,1,2025-06-01 08:46:28
224.00,2,2025-06-01 08:46:30
1344.00,1,2025-06-01 08:46:33
1328.00,1,2025-06-01 08:46:35
2016.00,2,2025-06-01 08:46:38
1152.00,1,2025-06-01 08:46:41
960.00,2,2025-06-01 08:46:42
256.00,5,2025-06-01 08:46:43
384.00,5,2025-06-01 08:46:44
192.00,3,2025-06-01 08:46:45
1680.00,1,2025-06-01 08:46:51
1856.00,5,2025-06-01 08:46:53
768.00,4,2025-06-01 08:46:54
672.00,2,2025-06-01 08:46:55
960.00,4,2025-06-01 08:46:59
960.00,5,2025-06-01 08:47:00
832.00,1,2025-06-01 08:47:01
672.00,3,2025-06-01 08:47:04
1664.00,1,2025-06-01 08:47:05
896.00,1,2025-06-01 08:47:09
1840.00,4,2025-06-01 08:47:10
864.00,2,2025-06-01 08:47:11
512.00,4,2025-06-01 08:47:12
864.00,4,2025-06-01 08:47:13
688.00,3,2025-06-01 08:47:14
1920.00,4,2025-06-01 08:47:17
512.00,4,2025-06-01 08:47:18
1760.00,1,2025-06-01 08:47:19
672.00,2,2025-06-01 08:47:20
2544.00,5,2025-06-01 08:47:21
192.00,2,2025-06-01 08:47:30
1776.00,1,2025-06-01 08:47:32
288.00,1,2025-06-01 08:47:34
608.00,4,2025-06-01 08:47:36
1728.00,1,2025-06-01 08:47:42
1024.00,3,2025-06-01 08:47:44
512.00,3,2025-06-01 08:47:45
1904.00,1,2025-06-01 08:47:46
512.00,1,2025-06-01 08:47:50
960.00,3,2025-06-01 08:47:51
288.00,5,2025-06-01 08:47:52
960.00,3,2025-06-01 08:47:55
2112.00,3,2025-06-01 08:47:56
1248.00,5,2025-06-01 08:47:58
768.00,1,2025-06-01 08:48:00
384.00,5,2025-06-01 08:48:01
2000.00,3,2025-06-01 08:48:02
1200.00,4,2025-06-01 08:48:03
1664.00,3,2025-06-01 08:48:06
1056.00,4,2025-06-01 08:48:09
1248.00,4,2025-06-01 08:48:10
256.00,2,2025-06-01 08:48:12
1488.00,5,2025-06-01 08:48:13
912.00,5,2025-06-01 08:48:14
1840.00,4,2025-06-01 08:48:15
672.00,1,2025-06-01 08:48:16
512.00,2,2025-06-01 08:48:17
928.00,1,2025-06-01 08:48:20
1952.00,3,2025-06-01 08:48:22
1408.00,2,2025-06-01 08:48:25
1024.00,2,2025-06-01 08:48:28
672.00,3,2025-06-01 08:48:29
1248.00,2,2025-06-01 08:48:30
448.00,2,2025-06-01 08:48:32
1824.00,4,2025-06-01 08:48:36
1728.00,2,2025-06-01 08:48:38
896.00,4,2025-06-01 08:48:41
1824.00,4,2025-06-01 08:48:43
256.00,3,2025-06-01 08:48:45
1632.00,5,2025-06-01 08:48:46
2336.00,3,2025-06-01 08:48:48
1920.00,3,2025-06-01 08:48:49
512.00,3,2025-06-01 08:48:51
1216.00,2,2025-06-01 08:48:55
1728.00,5,2025-06-01 08:48:59
1088.00,5,2025-06-01 08:49:03
1248.00,4,2025-06-01 08:49:05
384.00,5,2025-06-01 08:49:07
1424.00,2,2025-06-01 08:49:09
2048.00,1,2025-06-01 08:49:10
1056.00,2,2025-06-01 08:49:19
576.00,5,2025-06-01 08:49:23
1536.00,4,2025-06-01 08:49:24
512.00,2,2025-06-01 08:49:25
880.00,5,2025-06-01 08:49:27
224.00,1,2025-06-01 08:49:31
1744.00,3,2025-06-01 08:49:32
1968.00,5,2025-06-01 08:49:35
992.00,1,2025-06-01 08:49:37
1344.00,2,2025-06-01 08:49:41
1088.00,2,2025-06-01 08:49:42
672.00,5,2025-06-01 08:49:44
592.00,3,2025-06-01 08:49:50
1824.00,5,2025-06-01 08:49:51
896.00,3,2025-06-01 08:49:56
1440.00,2,2025-06-01 08:50:02
1920.00,2,2025-06-01 08:50:04
864.00,3,2025-06-01 08:50:05
992.00,3,2025-06-01 08:50:06
1920.00,1,2025-06-01 08:50:10
512.00,2,2025-06-01 08:50:11
1120.00,1,2025-06-01 08:50:14
1536.00,2,2025-06-01 08:50:17
1520.00,2,2025-06-01 08:50:22
912.00,5,2025-06-01 08:50:24
768.00,2,2025-06-01 08:50:26
576.00,5,2025-06-01 08:50:32
736.00,1,2025-06-01 08:50:33
1504.00,5,2025-06-01 08:50:36
768.00,3,2025-06-01 08:50:37
1856.00,4,2025-06-01 08:50:40
672.00,2,2025-06-01 08:50:44
864.00,3,2025-06-01 08:50:45
2048.00,3,2025-06-01 08:50:48
304.00,4,2025-06-01 08:50:50
320.00,5,2025-06-01 08:50:52
2048.00,5,2025-06-01 08:50:55
832.00,3,2025-06-01 08:50:57
896.00,3,2025-06-01 08:51:00
912.00,2,2025-06-01 08:51:08
1216.00,3,2025-06-01 08:51:10
1728.00,5,2025-06-01 08:51:13
1632.00,2,2025-06-01 08:51:14
768.00,3,2025-06-01 08:51:15
288.00,1,2025-06-01 08:51:20
1024.00,5,2025-06-01 08:51:22
832.00,3,2025-06-01 08:51:23
1536.00,2,2025-06-01 08:51:24
1312.00,2,2025-06-01 08:51:25
304.00,5,2025-06-01 08:51:26
992.00,1,2025-06-01 08:51:27
768.00,5,2025-06-01 08:51:28
912.00,3,2025-06-01 08:51:29
864.00,2,2025-06-01 08:51:30
1504.00,2,2025-06-01 08:51:35
1728.00,3,2025-06-01 08:51:37
864.00,3,2025-06-01 08:51:41
864.00,1,2025-06-01 08:51:42
1344.00,3,2025-06-01 08:51:43
1056.00,2,2025-06-01 08:51:44
1856.00,1,2025-06-01 08:51:46
480.00,4,2025-06-01 08:51:52
912.00,2,2025-06-01 08:51:53
832.00,1,2025-06-01 08:51:56
1120.00,4,2025-06-01 08:52:01
512.00,5,2025-06-01 08:52:09
832.00,1,2025-06-01 08:52:10
864.00,5,2025-06-01 08:52:11
800.00,5,2025-06-01 08:52:13
2032.00,1,2025-06-01 08:52:14
1744.00,1,2025-06-01 08:52:15
768.00,1,2025-06-01 08:52:16
1280.00,3,2025-06-01 08:52:17
256.00,2,2025-06-01 08:52:22
1824.00,4,2025-06-01 08:52:23
1216.00,5,2025-06-01 08:52:24
192.00,3,2025-06-01 08:52:25
832.00,4,2025-06-01 08:52:27
192.00,3,2025-06-01 08:52:29
960.00,1,2025-06-01 08:52:30
704.00,2,2025-06-01 08:52:33
992.00,4,2025-06-01 08:52:34
1488.00,2,2025-06-01 08:52:35
2032.00,4,2025-06-01 08:52:38
960.00,2,2025-06-01 08:52:39
1472.00,3,2025-06-01 08:52:42
1696.00,2,2025-06-01 08:52:44
800.00,1,2025-06-01 08:52:45
1120.00,4,2025-06-01 08:52:46
1168.00,3,2025-06-01 08:52:52
2352.00,1,2025-06-01 08:52:57
1296.00,2,2025-06-01 08:53:00
320.00,5,2025-06-01 08:53:02
1424.00,1,2025-06-01 08:53:03
2448.00,3,2025-06-01 08:53:10
960.00,5,2025-06-01 08:53:17
1744.00,3,2025-06-01 08:53:21
384.00,3,2025-06-01 08:53:22
1888.00,4,2025-06-01 08:53:27
2544.00,2,2025-06-01 08:53:28
672.00,3,2025-06-01 08:53:31
608.00,3,2025-06-01 08:53:33
320.00,4,2025-06-01 08:53:39
1792.00,3,2025-06-01 08:53:40
1152.00,2,2025-06-01 08:53:41
1440.00,3,2025-06-01 08:53:42
1360.00,1,2025-06-01 08:53:43
224.00,2,2025-06-01 08:53:45
2112.00,5,2025-06-01 08:53:47
576.00,1,2025-06-01 08:53:51
1664.00,5,2025-06-01 08:53:54
1376.00,2,2025-06-01 08:53:56
224.00,3,2025-06-01 08:53:58
1376.00,3,2025-06-01 08:53:59
864.00,4,2025-06-01 08:54:01
912.00,1,2025-06-01 08:54:02
1248.00,5,2025-06-01 08:54:05
288.00,4,2025-06-01 08:54:07
320.00,2,2025-06-01 08:54:08
704.00,5,2025-06-01 08:54:13
672.00,5,2025-06-01 08:54:14
1056.00,2,2025-06-01 08:54:16
1984.00,3,2025-06-01 08:54:17
1520.00,5,2025-06-01 08:54:19
1488.00,4,2025-06-01 08:54:23
448.00,1,2025-06-01 08:54:24
672.00,5,2025-06-01 08:54:25
1824.00,2,2025-06-01 08:54:26
768.00,3,2025-06-01 08:54:27
1920.00,2,2025-06-01 08:54:32
1024.00,4,2025-06-01 08:54:35
256.00,1,2025-06-01 08:54:38
1088.00,4,2025-06-01 08:54:41
864.00,5,2025-06-01 08:54:42
960.00,3,2025-06-01 08:54:45
512.00,4,2025-06-01 08:54:49
1152.00,4,2025-06-01 08:54:52
512.00,5,2025-06-01 08:54:55
768.00,1,2025-06-01 08:54:57
1408.00,1,2025-06-01 08:55:01
288.00,1,2025-06-01 08:55:03
320.00,1,2025-06-01 08:55:07
608.00,1,2025-06-01 08:55:11
512.00,1,2025-06-01 08:55:12
1280.00,1,2025-06-01 08:55:15
608.00,1,2025-06-01 08:55:16
256.00,3,2025-06-01 08:55:18
1024.00,4,2025-06-01 08:55:19
2144.00,2,2025-06-01 08:55:20
384.00,5,2025-06-01 08:55:26
1792.00,1,2025-06-01 08:55:28
1728.00,1,2025-06-01 08:55:31
1872.00,4,2025-06-01 08:55:32
1536.00,1,2025-06-01 08:55:33
1216.00,5,2025-06-01 08:55:34
384.00,5,2025-06-01 08:55:35
2112.00,1,2025-06-01 08:55:37
944.00,2,2025-06-01 08:55:40
768.00,3,2025-06-01 08:55:43
1120.00,5,2025-06-01 08:55:44
1024.00,2,2025-06-01 08:55:46
608.00,3,2025-06-01 08:55:47
976.00,2,2025-06-01 08:55:54
640.00,4,2025-06-01 08:55:56
1312.00,5,2025-06-01 08:55:58
864.00,2,2025-06-01 08:56:03
1760.00,2,2025-06-01 08:56:05
1920.00,3,2025-06-01 08:56:06
2448.00,1,2025-06-01 08:56:07
1152.00,3,2025-06-01 08:56:10
864.00,4,2025-06-01 08:56:11
1280.00,4,2025-06-01 08:56:12
448.00,1,2025-06-01 08:56:13
912.00,3,2025-06-01 08:56:14
1600.00,3,2025-06-01 08:56:15
512.00,3,2025-06-01 08:56:16
2272.00,2,2025-06-01 08:56:18
1344.00,3,2025-06-01 08:56:20
864.00,3,2025-06-01 08:56:22
576.00,2,2025-06-01 08:56:23
576.00,1,2025-06-01 08:56:25
1696.00,4,2025-06-01 08:56:27
960.00,5,2025-06-01 08:56:30
2304.00,5,2025-06-01 08:56:31
224.00,3,2025-06-01 08:56:33
640.00,2,2025-06-01 08:56:34
608.00,5,2025-06-01 08:56:37
1312.00,3,2025-06-01 08:56:38
2080.00,5,2025-06-01 08:56:44
672.00,5,2025-06-01 08:56:45
512.00,5,2025-06-01 08:56:46
1728.00,1,2025-06-01 08:56:49
576.00,4,2025-06-01 08:56:50
1856.00,5,2025-06-01 08:56:54
1408.00,3,2025-06-01 08:56:55
1440.00,2,2025-06-01 08:57:01
1280.00,4,2025-06-01 08:57:02
512.00,3,2025-06-01 08:57:06
1264.00,4,2025-06-01 08:57:07
992.00,5,2025-06-01 08:57:09
1120.00,4,2025-06-01 08:57:10
288.00,4,2025-06-01 08:57:11
224.00,1,2025-06-01 08:57:14
1632.00,4,2025-06-01 08:57:16
1056.00,3,2025-06-01 08:57:19
1184.00,4,2025-06-01 08:57:20
976.00,1,2025-06-01 08:57:22
1088.00,4,2025-06-01 08:57:23
672.00,4,2025-06-01 08:57:24
1216.00,5,2025-06-01 08:57:26
1664.00,2,2025-06-01 08:57:28
192.00,1,2025-06-01 08:57:31
1376.00,3,2025-06-01 08:57:34
1824.00,4,2025-06-01 08:57:35
1488.00,1,2025-06-01 08:57:36
1184.00,3,2025-06-01 08:57:37
512.00,4,2025-06-01 08:57:38
288.00,1,2025-06-01 08:57:41
768.00,4,2025-06-01 08:57:42
864.00,5,2025-06-01 08:57:44
1152.00,2,2025-06-01 08:57:45
512.00,2,2025-06-01 08:57:47
512.00,4,2025-06-01 08:57:48
1088.00,5,2025-06-01 08:57:50
864.00,3,2025-06-01 08:57:54
2256.00,1,2025-06-01 08:57:57
2512.00,5,2025-06-01 08:58:00
1440.00,1,2025-06-01 08:58:02
480.00,5,2025-06-01 08:58:03
768.00,5,2025-06-01 08:58:06
384.00,1,2025-06-01 08:58:12
1424.00,5,2025-06-01 08:58:16
1984.00,3,2025-06-01 08:58:17
768.00,2,2025-06-01 08:58:18
480.00,3,2025-06-01 08:58:20
1584.00,4,2025-06-01 08:58:23
1856.00,5,2025-06-01 08:58:24
1488.00,4,2025-06-01 08:58:28
1776.00,1,2025-06-01 08:58:31
672.00,4,2025-06-01 08:58:32
640.00,4,2025-06-01 08:58:34
1024.00,4,2025-06-01 08:58:36
1824.00,1,2025-06-01 08:58:37
864.00,5,2025-06-01 08:58:38
256.00,4,2025-06-01 08:58:44
576.00,3,2025-06-01 08:58:45
1216.00,4,2025-06-01 08:58:46
1280.00,2,2025-06-01 08:58:47
704.00,4,2025-06-01 08:58:48
1920.00,5,2025-06-01 08:58:49
1984.00,3,2025-06-01 08:58:51
576.00,1,2025-06-01 08:58:54
768.00,4,2025-06-01 08:58:56
1344.00,2,2025-06-01 08:58:57
288.00,3,2025-06-01 08:59:03
512.00,2,2025-06-01 08:59:08
640.00,1,2025-06-01 08:59:09
1376.00,4,2025-06-01 08:59:10
1728.00,1,2025-06-01 08:59:12
512.00,3,2025-06-01 08:59:14
320.00,4,2025-06-01 08:59:15
640.00,1,2025-06-01 08:59:23
2048.00,5,2025-06-01 08:59:25
1184.00,1,2025-06-01 08:59:28
768.00,1,2025-06-01 08:59:30
1472.00,3,2025-06-01 08:59:32
2112.00,4,2025-06-01 08:59:33
768.00,5,2025-06-01 08:59:35
1072.00,2,2025-06-01 08:59:36
288.00,2,2025-06-01 08:59:39
1536.00,1,2025-06-01 08:59:40
1088.00,2,2025-06-01 08:59:41
960.00,4,2025-06-01 08:59:43
1504.00,2,2025-06-01 08:59:44
1728.00,1,2025-06-01 08:59:46
1824.00,2,2025-06-01 08:59:47
912.00,5,2025-06-01 08:59:49
1824.00,5,2025-06-01 08:59:54
768.00,1,2025-06-01 08:59:57
256.00,2,2025-06-01 08:59:58
608.00,5,2025-06-01 09:00:00
576.00,1,2025-06-01 09:00:05
960.00,3,2025-06-01 09:00:10
256.00,1,2025-06-01 09:00:11
1632.00,1,2025-06-01 09:00:12
1696.00,3,2025-06-01 09:00:14
2112.00,4,2025-06-01 09:00:17
768.00,4,2025-06-01 09:00:21
1216.00,2,2025-06-01 09:00:25
1728.00,5,2025-06-01 09:00:29
512.00,1,2025-06-01 09:00:34
1056.00,5,2025-06-01 09:00:46
1792.00,3,2025-06-01 09:00:48
1680.00,4,2025-06-01 09:00:49
1200.00,2,2025-06-01 09:00:51
768.00,2,2025-06-01 09:00:58
800.00,3,2025-06-01 09:01:01
1216.00,4,2025-06-01 09:01:06
256.00,1,2025-06-01 09:01:07
1376.00,3,2025-06-01 09:01:11
640.00,4,2025-06-01 09:01:13
1536.00,4,2025-06-01 09:01:14
1024.00,2,2025-06-01 09:01:15
1824.00,5,2025-06-01 09:01:30
224.00,2,2025-06-01 09:01:34
960.00,5,2025-06-01 09:01:38
1472.00,1,2025-06-01 09:01:47
832.00,2,2025-06-01 09:01:53
864.00,2,2025-06-01 09:01:55
1312.00,3,2025-06-01 09:01:59
768.00,2,2025-06-01 09:02:01
1216.00,3,2025-06-01 09:02:04
640.00,5,2025-06-01 09:02:07
832.00,1,2025-06-01 09:02:09
1680.00,4,2025-06-01 09:02:14
640.00,2,2025-06-01 09:02:15
1184.00,4,2025-06-01 09:02:17
1232.00,1,2025-06-01 09:02:18
1664.00,4,2025-06-01 09:02:19
288.00,2,2025-06-01 09:02:26
512.00,4,2025-06-01 09:02:28
576.00,3,2025-06-01 09:02:31
320.00,3,2025-06-01 09:02:35
2224.00,5,2025-06-01 09:02:46
672.00,3,2025-06-01 09:02:47
1168.00,2,2025-06-01 09:02:49
1472.00,2,2025-06-01 09:02:52
1616.00,2,2025-06-01 09:03:00
768.00,5,2025-06-01 09:03:03
288.00,4,2025-06-01 09:03:05
256.00,3,2025-06-01 09:03:07
288.00,2,2025-06-01 09:03:12
1248.00,4,2025-06-01 09:03:15
1216.00,2,2025-06-01 09:03:18
864.00,5,2025-06-01 09:03:21
576.00,3,2025-06-01 09:03:23
640.00,5,2025-06-01 09:03:24
288.00,1,2025-06-01 09:03:25
1056.00,1,2025-06-01 09:03:29
1280.00,4,2025-06-01 09:03:30
1056.00,1,2025-06-01 09:03:37
1376.00,3,2025-06-01 09:03:39
1504.00,2,2025-06-01 09:03:41
1216.00,2,2025-06-01 09:03:50
496.00,5,2025-06-01 09:04:03
1728.00,2,2025-06-01 09:04:16
768.00,5,2025-06-01 09:04:17
1472.00,5,2025-06-01 09:04:21
224.00,3,2025-06-01 09:04:30
608.00,4,2025-06-01 09:04:32
1216.00,3,2025-06-01 09:04:34
928.00,4,2025-06-01 09:04:39
576.00,4,2025-06-01 09:04:40
960.00,5,2025-06-01 09:04:43
1280.00,5,2025-06-01 09:04:47
624.00,5,2025-06-01 09:04:48
1792.00,3,2025-06-01 09:04:51
1120.00,4,2025-06-01 09:04:56
1280.00,1,2025-06-01 09:04:59
1504.00,5,2025-06-01 09:05:00
1344.00,1,2025-06-01 09:05:07
1120.00,1,2025-06-01 09:05:09
1824.00,2,2025-06-01 09:05:14
480.00,4,2025-06-01 09:05:16
256.00,5,2025-06-01 09:05:22
1264.00,3,2025-06-01 09:05:23
1728.00,1,2025-06-01 09:05:25
576.00,2,2025-06-01 09:05:27
1216.00,1,2025-06-01 09:05:34
592.00,4,2025-06-01 09:05:36
1152.00,2,2025-06-01 09:05:45
1312.00,3,2025-06-01 09:05:55
576.00,4,2025-06-01 09:06:03
1184.00,5,2025-06-01 09:06:07
384.00,3,2025-06-01 09:06:08
1456.00,1,2025-06-01 09:06:09
1984.00,4,2025-06-01 09:06:16
832.00,2,2025-06-01 09:06:21
304.00,4,2025-06-01 09:06:32
704.00,3,2025-06-01 09:06:37
1744.00,4,2025-06-01 09:06:39
704.00,2,2025-06-01 09:06:51
672.00,1,2025-06-01 09:06:53
768.00,4,2025-06-01 09:07:02
1024.00,4,2025-06-01 09:07:12
2160.00,4,2025-06-01 09:07:17
576.00,1,2025-06-01 09:07:19
736.00,2,2025-06-01 09:07:21
912.00,1,2025-06-01 09:07:29
1536.00,4,2025-06-01 09:07:40
1536.00,4,2025-06-01 09:07:42
192.00,3,2025-06-01 09:07:44
2304.00,2,2025-06-01 09:07:46
288.00,2,2025-06-01 09:07:48
1280.00,4,2025-06-01 09:07:56
288.00,1,2025-06-01 09:07:59
1312.00,5,2025-06-01 09:08:06
1152.00,3,2025-06-01 09:08:09
1696.00,2,2025-06-01 09:08:11
1568.00,5,2025-06-01 09:08:14
1760.00,3,2025-06-01 09:08:15
1520.00,1,2025-06-01 09:08:19
1264.00,3,2025-06-01 09:08:27
1776.00,4,2025-06-01 09:08:28
1184.00,5,2025-06-01 09:08:30
768.00,4,2025-06-01 09:08:33
576.00,1,2025-06-01 09:08:38
1424.00,3,2025-06-01 09:08:41
832.00,2,2025-06-01 09:08:46
512.00,4,2025-06-01 09:08:49
1584.00,1,2025-06-01 09:08:51
1216.00,5,2025-06-01 09:08:55
576.00,5,2025-06-01 09:08:56
2272.00,5,2025-06-01 09:08:58
768.00,5,2025-06-01 09:08:59
1280.00,2,2025-06-01 09:09:02
1504.00,1,2025-06-01 09:09:09
1440.00,4,2025-06-01 09:09:14
1408.00,1,2025-06-01 09:09:18
816.00,1,2025-06-01 09:09:19
800.00,1,2025-06-01 09:09:20
768.00,2,2025-06-01 09:09:23
1456.00,4,2025-06-01 09:09:37
1248.00,2,2025-06-01 09:09:47
800.00,5,2025-06-01 09:09:50
1216.00,2,2025-06-01 09:09:51
640.00,1,2025-06-01 09:09:54
800.00,1,2025-06-01 09:10:01
512.00,2,2025-06-01 09:10:05
192.00,4,2025-06-01 09:10:07
256.00,5,2025-06-01 09:10:08
2048.00,3,2025-06-01 09:10:10
864.00,4,2025-06-01 09:10:11
640.00,3,2025-06-01 09:10:13
768.00,5,2025-06-01 09:10:17
192.00,4,2025-06-01 09:10:20
1024.00,4,2025-06-01 09:10:21
768.00,5,2025-06-01 09:10:24
624.00,2,2025-06-01 09:10:25
1024.00,3,2025-06-01 09:10:28
512.00,4,2025-06-01 09:10:30
1024.00,3,2025-06-01 09:10:31
288.00,3,2025-06-01 09:10:32
288.00,2,2025-06-01 09:10:39
1600.00,4,2025-06-01 09:10:40
1824.00,1,2025-06-01 09:10:41
304.00,5,2025-06-01 09:10:46
768.00,1,2025-06-01 09:10:47
960.00,4,2025-06-01 09:10:52
512.00,2,2025-06-01 09:10:55
2160.00,4,2025-06-01 09:10:59
864.00,3,2025-06-01 09:11:00
1824.00,3,2025-06-01 09:11:12
1248.00,5,2025-06-01 09:11:18
1376.00,1,2025-06-01 09:11:19
1472.00,3,2025-06-01 09:11:33
912.00,3,2025-06-01 09:11:41
1056.00,3,2025-06-01 09:11:47
1488.00,1,2025-06-01 09:11:52
256.00,1,2025-06-01 09:11:58
1184.00,4,2025-06-01 09:12:13
512.00,1,2025-06-01 09:12:19
912.00,2,2025-06-01 09:12:24
512.00,2,2025-06-01 09:12:34
640.00,1,2025-06-01 09:12:36
1552.00,5,2025-06-01 09:12:37
1408.00,1,2025-06-01 09:12:43
1024.00,5,2025-06-01 09:12:47
1264.00,5,2025-06-01 09:12:52
768.00,4,2025-06-01 09:12:53
1168.00,2,2025-06-01 09:12:54
960.00,3,2025-06-01 09:13:04
576.00,3,2025-06-01 09:13:06
304.00,5,2025-06-01 09:13:13
1920.00,1,2025-06-01 09:13:16
1296.00,2,2025-06-01 09:13:22
448.00,5,2025-06-01 09:13:37
576.00,1,2025-06-01 09:13:40
1600.00,4,2025-06-01 09:13:45
608.00,5,2025-06-01 09:13:46
256.00,5,2025-06-01 09:13:50
576.00,3,2025-06-01 09:13:51
1184.00,5,2025-06-01 09:13:53
320.00,5,2025-06-01 09:13:54
2272.00,3,2025-06-01 09:13:55
768.00,5,2025-06-01 09:14:00
1312.00,2,2025-06-01 09:14:03
256.00,1,2025-06-01 09:14:11
976.00,2,2025-06-01 09:14:12
1344.00,5,2025-06-01 09:14:16
1344.00,3,2025-06-01 09:14:26
1632.00,1,2025-06-01 09:14:29
1056.00,4,2025-06-01 09:14:38
1120.00,1,2025-06-01 09:14:40
960.00,3,2025-06-01 09:14:41
224.00,1,2025-06-01 09:14:46
1184.00,2,2025-06-01 09:14:51
1216.00,4,2025-06-01 09:14:57
256.00,1,2025-06-01 09:14:58
1440.00,1,2025-06-01 09:15:00
1808.00,2,2025-06-01 09:15:10
2112.00,4,2025-06-01 09:15:12
672.00,3,2025-06-01 09:15:17
768.00,1,2025-06-01 09:15:20
1760.00,4,2025-06-01 09:15:22
1472.00,5,2025-06-01 09:15:24
2448.00,1,2025-06-01 09:15:26
1424.00,5,2025-06-01 09:15:27
256.00,2,2025-06-01 09:15:33
1248.00,5,2025-06-01 09:15:36
480.00,4,2025-06-01 09:15:38
288.00,5,2025-06-01 09:15:44
304.00,4,2025-06-01 09:15:46
1632.00,2,2025-06-01 09:15:48
1472.00,2,2025-06-01 09:15:49
576.00,2,2025-06-01 09:16:05
2880.00,4,2025-06-01 09:16:09
320.00,5,2025-06-01 09:16:10
1952.00,3,2025-06-01 09:16:11
448.00,3,2025-06-01 09:16:19
1888.00,3,2025-06-01 09:16:22
1120.00,1,2025-06-01 09:16:23
704.00,5,2025-06-01 09:16:24
384.00,5,2025-06-01 09:16:25
1888.00,4,2025-06-01 09:16:31
384.00,4,2025-06-01 09:16:36
608.00,2,2025-06-01 09:16:40
1984.00,2,2025-06-01 09:16:41
576.00,5,2025-06-01 09:16:47
480.00,4,2025-06-01 09:16:48
192.00,3,2025-06-01 09:16:49
912.00,4,2025-06-01 09:16:57
1472.00,2,2025-06-01 09:17:00
1536.00,2,2025-06-01 09:17:03
1984.00,2,2025-06-01 09:17:04
1632.00,5,2025-06-01 09:17:05
864.00,4,2025-06-01 09:17:11
448.00,1,2025-06-01 09:17:16
1312.00,4,2025-06-01 09:17:17
1376.00,5,2025-06-01 09:17:19
704.00,1,2025-06-01 09:17:22
304.00,4,2025-06-01 09:17:28
288.00,2,2025-06-01 09:17:30
1184.00,4,2025-06-01 09:17:32
672.00,1,2025-06-01 09:17:34
320.00,4,2025-06-01 09:17:35
256.00,5,2025-06-01 09:17:43
448.00,3,2025-06-01 09:17:44
448.00,1,2025-06-01 09:17:49
1760.00,3,2025-06-01 09:17:53
448.00,5,2025-06-01 09:17:55
912.00,4,2025-06-01 09:18:00
1472.00,3,2025-06-01 09:18:02
1120.00,2,2025-06-01 09:18:03
2208.00,2,2025-06-01 09:18:06
1568.00,2,2025-06-01 09:18:07
608.00,2,2025-06-01 09:18:10
1792.00,3,2025-06-01 09:18:16
1536.00,1,2025-06-01 09:18:21
1248.00,3,2025-06-01 09:18:26
2016.00,3,2025-06-01 09:18:30
1664.00,2,2025-06-01 09:18:38
768.00,2,2025-06-01 09:18:42
512.00,5,2025-06-01 09:18:44
1760.00,2,2025-06-01 09:18:45
1888.00,3,2025-06-01 09:18:54
1216.00,3,2025-06-01 09:18:58
1056.00,5,2025-06-01 09:19:02
256.00,3,2025-06-01 09:19:04
1568.00,1,2025-06-01 09:19:06
1472.00,4,2025-06-01 09:19:07
256.00,1,2025-06-01 09:19:12
2288.00,4,2025-06-01 09:19:14
1088.00,3,2025-06-01 09:19:15
1296.00,1,2025-06-01 09:19:21
1152.00,4,2025-06-01 09:19:28
560.00,2,2025-06-01 09:19:30
224.00,1,2025-06-01 09:19:36
880.00,2,2025-06-01 09:19:37
1472.00,4,2025-06-01 09:19:40
1024.00,3,2025-06-01 09:19:42
496.00,3,2025-06-01 09:19:46
192.00,5,2025-06-01 09:19:47
1472.00,2,2025-06-01 09:19:56
1600.00,4,2025-06-01 09:19:59
1248.00,2,2025-06-01 09:20:01
864.00,2,2025-06-01 09:20:06
1536.00,2,2025-06-01 09:20:07
832.00,4,2025-06-01 09:20:23
1120.00,5,2025-06-01 09:20:27
704.00,4,2025-06-01 09:20:33
1664.00,5,2025-06-01 09:20:34
576.00,1,2025-06-01 09:20:35
512.00,5,2025-06-01 09:20:37
2112.00,4,2025-06-01 09:20:39
1184.00,2,2025-06-01 09:20:42
672.00,4,2025-06-01 09:20:46
1984.00,2,2025-06-01 09:20:50
1760.00,2,2025-06-01 09:20:58
896.00,5,2025-06-01 09:20:59
864.00,2,2025-06-01 09:21:02
608.00,1,2025-06-01 09:21:09
960.00,5,2025-06-01 09:21:10
304.00,2,2025-06-01 09:21:12
512.00,5,2025-06-01 09:21:24
864.00,1,2025-06-01 09:21:26
1824.00,5,2025-06-01 09:21:27
960.00,1,2025-06-01 09:21:29
768.00,3,2025-06-01 09:21:31
832.00,2,2025-06-01 09:21:33
320.00,1,2025-06-01 09:21:39
1088.00,3,2025-06-01 09:21:47
1872.00,1,2025-06-01 09:21:49
1472.00,4,2025-06-01 09:21:51
960.00,4,2025-06-01 09:21:55
2288.00,3,2025-06-01 09:22:07
448.00,4,2025-06-01 09:22:08
1440.00,1,2025-06-01 09:22:10
1184.00,3,2025-06-01 09:22:12
1424.00,4,2025-06-01 09:22:16
224.00,2,2025-06-01 09:22:17
672.00,2,2025-06-01 09:22:22
1728.00,1,2025-06-01 09:22:23
832.00,4,2025-06-01 09:22:27
960.00,4,2025-06-01 09:22:37
1024.00,1,2025-06-01 09:22:40
1056.00,1,2025-06-01 09:22:41
1264.00,3,2025-06-01 09:22:46
1120.00,3,2025-06-01 09:22:48
2544.00,2,2025-06-01 09:22:54
1376.00,1,2025-06-01 09:23:00
1440.00,5,2025-06-01 09:23:02
1472.00,5,2025-06-01 09:23:03
928.00,1,2025-06-01 09:23:05
864.00,5,2025-06-01 09:23:09
576.00,1,2025-06-01 09:23:13
1888.00,5,2025-06-01 09:23:15
768.00,1,2025-06-01 09:23:17
800.00,4,2025-06-01 09:23:24
544.00,3,2025-06-01 09:23:39
816.00,4,2025-06-01 09:23:40
608.00,4,2025-06-01 09:23:44
1120.00,2,2025-06-01 09:23:45
1120.00,2,2025-06-01 09:23:48
1088.00,3,2025-06-01 09:23:50
1408.00,2,2025-06-01 09:23:53
1152.00,3,2025-06-01 09:23:57
1248.00,5,2025-06-01 09:23:58
1184.00,3,2025-06-01 09:24:04
1792.00,2,2025-06-01 09:24:10
544.00,4,2025-06-01 09:24:17
864.00,3,2025-06-01 09:24:26
1504.00,5,2025-06-01 09:24:29
1328.00,5,2025-06-01 09:24:32
864.00,3,2025-06-01 09:24:33
1760.00,2,2025-06-01 09:24:37
896.00,5,2025-06-01 09:24:39
1616.00,2,2025-06-01 09:24:41
288.00,1,2025-06-01 09:25:03
1024.00,5,2025-06-01 09:25:06
2080.00,1,2025-06-01 09:25:10
640.00,5,2025-06-01 09:25:12
1744.00,5,2025-06-01 09:25:15
320.00,2,2025-06-01 09:25:16
992.00,2,2025-06-01 09:25:20
288.00,5,2025-06-01 09:25:26
1568.00,1,2025-06-01 09:25:29
512.00,1,2025-06-01 09:25:35
2096.00,3,2025-06-01 09:25:45
448.00,1,2025-06-01 09:25:48
1216.00,4,2025-06-01 09:25:51
864.00,3,2025-06-01 09:26:00
576.00,3,2025-06-01 09:26:11
576.00,3,2025-06-01 09:26:14
528.00,3,2025-06-01 09:26:26
320.00,3,2025-06-01 09:26:31
864.00,1,2025-06-01 09:26:34
576.00,4,2025-06-01 09:26:42
1184.00,4,2025-06-01 09:26:45
576.00,5,2025-06-01 09:26:47
1472.00,5,2025-06-01 09:26:52
1552.00,1,2025-06-01 09:26:55
224.00,1,2025-06-01 09:27:07
1472.00,3,2025-06-01 09:27:17
192.00,1,2025-06-01 09:27:20
1632.00,2,2025-06-01 09:27:23
1472.00,4,2025-06-01 09:27:24
864.00,5,2025-06-01 09:27:32
1088.00,5,2025-06-01 09:27:36
512.00,4,2025-06-01 09:27:40
1120.00,4,2025-06-01 09:27:48
800.00,5,2025-06-01 09:27:51
576.00,1,2025-06-01 09:27:54
1904.00,3,2025-06-01 09:27:57
1344.00,2,2025-06-01 09:28:07
512.00,1,2025-06-01 09:28:14
256.00,4,2025-06-01 09:28:22
832.00,3,2025-06-01 09:28:27
736.00,1,2025-06-01 09:28:28
832.00,3,2025-06-01 09:28:29
1920.00,1,2025-06-01 09:28:31
2112.00,5,2025-06-01 09:28:33
1280.00,4,2025-06-01 09:28:34
768.00,4,2025-06-01 09:28:37
672.00,1,2025-06-01 09:28:39
912.00,3,2025-06-01 09:28:43
256.00,3,2025-06-01 09:28:44
800.00,1,2025-06-01 09:28:46
1536.00,5,2025-06-01 09:28:47
576.00,3,2025-06-01 09:28:53
1168.00,2,2025-06-01 09:28:54
592.00,1,2025-06-01 09:28:55
768.00,2,2025-06-01 09:28:56
1152.00,3,2025-06-01 09:28:59
1440.00,3,2025-06-01 09:29:00
1760.00,3,2025-06-01 09:29:02
304.00,3,2025-06-01 09:29:07
528.00,4,2025-06-01 09:29:11
960.00,5,2025-06-01 09:29:17
1776.00,2,2025-06-01 09:29:23
1632.00,2,2025-06-01 09:29:24
896.00,5,2025-06-01 09:29:28
576.00,2,2025-06-01 09:29:34
320.00,1,2025-06-01 09:29:37
1504.00,3,2025-06-01 09:29:52
864.00,5,2025-06-01 09:29:58
1920.00,5,2025-06-01 09:30:02
1888.00,4,2025-06-01 09:30:06
1312.00,1,2025-06-01 09:30:07
768.00,5,2025-06-01 09:30:13
736.00,3,2025-06-01 09:30:16
864.00,2,2025-06-01 09:30:18
1792.00,2,2025-06-01 09:30:23
576.00,5,2025-06-01 09:30:27
864.00,1,2025-06-01 09:30:38
384.00,3,2025-06-01 09:30:39
912.00,3,2025-06-01 09:30:42
1184.00,5,2025-06-01 09:30:46
928.00,2,2025-06-01 09:30:47
832.00,3,2025-06-01 09:30:50
832.00,4,2025-06-01 09:30:51
512.00,4,2025-06-01 09:30:59
1280.00,5,2025-06-01 09:31:01
608.00,3,2025-06-01 09:31:02
912.00,1,2025-06-01 09:31:03
320.00,2,2025-06-01 09:31:06
256.00,2,2025-06-01 09:31:17
1440.00,2,2025-06-01 09:31:27
832.00,3,2025-06-01 09:31:31
224.00,3,2025-06-01 09:31:33
768.00,2,2025-06-01 09:31:36
1472.00,3,2025-06-01 09:31:38
1264.00,2,2025-06-01 09:31:40
1216.00,3,2025-06-01 09:31:43
864.00,3,2025-06-01 09:31:49
960.00,5,2025-06-01 09:31:55
480.00,4,2025-06-01 09:31:59
1056.00,1,2025-06-01 09:32:03
768.00,1,2025-06-01 09:32:08
1776.00,4,2025-06-01 09:32:13
864.00,1,2025-06-01 09:32:16
1104.00,3,2025-06-01 09:32:33
512.00,4,2025-06-01 09:32:38
576.00,2,2025-06-01 09:32:45
896.00,3,2025-06-01 09:32:50
704.00,5,2025-06-01 09:32:51
1024.00,4,2025-06-01 09:32:52
320.00,3,2025-06-01 09:32:53
768.00,3,2025-06-01 09:33:00
2400.00,2,2025-06-01 09:33:01
1184.00,5,2025-06-01 09:33:04
608.00,1,2025-06-01 09:33:10
864.00,1,2025-06-01 09:33:19
1952.00,2,2025-06-01 09:33:20
1168.00,3,2025-06-01 09:33:21
880.00,4,2025-06-01 09:33:27
288.00,1,2025-06-01 09:33:34
1136.00,4,2025-06-01 09:33:35
1312.00,2,2025-06-01 09:33:36
1152.00,5,2025-06-01 09:33:41
928.00,3,2025-06-01 09:33:49
1728.00,5,2025-06-01 09:33:52
1184.00,5,2025-06-01 09:33:54
2224.00,2,2025-06-01 09:34:00
1312.00,2,2025-06-01 09:34:05
608.00,3,2025-06-01 09:34:06
384.00,1,2025-06-01 09:34:14
1152.00,5,2025-06-01 09:34:18
640.00,4,2025-06-01 09:34:21
768.00,5,2025-06-01 09:34:29
1568.00,3,2025-06-01 09:34:30
1760.00,1,2025-06-01 09:34:32
576.00,4,2025-06-01 09:34:36
768.00,5,2025-06-01 09:34:39
1152.00,1,2025-06-01 09:34:40
992.00,4,2025-06-01 09:34:41
2000.00,1,2025-06-01 09:34:42
960.00,5,2025-06-01 09:34:43
1024.00,1,2025-06-01 09:34:46
1936.00,5,2025-06-01 09:34:48
704.00,4,2025-06-01 09:34:50
1376.00,4,2025-06-01 09:34:52
752.00,5,2025-06-01 09:34:53
1408.00,5,2025-06-01 09:34:54
1120.00,4,2025-06-01 09:34:58
1472.00,1,2025-06-01 09:35:04
992.00,3,2025-06-01 09:35:08
576.00,1,2025-06-01 09:35:10
1632.00,3,2025-06-01 09:35:14
2544.00,1,2025-06-01 09:35:15
1728.00,2,2025-06-01 09:35:32
192.00,5,2025-06-01 09:35:34
544.00,4,2025-06-01 09:35:36
1504.00,2,2025-06-01 09:35:37
864.00,3,2025-06-01 09:35:43
1920.00,3,2025-06-01 09:35:44
864.00,4,2025-06-01 09:35:45
256.00,5,2025-06-01 09:35:46
1456.00,1,2025-06-01 09:35:49
512.00,5,2025-06-01 09:35:50
1312.00,2,2025-06-01 09:35:51
576.00,5,2025-06-01 09:35:52
1600.00,1,2025-06-01 09:35:54
2016.00,4,2025-06-01 09:35:58
2032.00,3,2025-06-01 09:35:59
1536.00,4,2025-06-01 09:36:00
1360.00,3,2025-06-01 09:36:02
704.00,4,2025-06-01 09:36:07
672.00,3,2025-06-01 09:36:14
768.00,3,2025-06-01 09:36:16
912.00,4,2025-06-01 09:36:26
2160.00,3,2025-06-01 09:36:33
1024.00,3,2025-06-01 09:36:35
704.00,5,2025-06-01 09:36:43
1216.00,4,2025-06-01 09:36:53
224.00,3,2025-06-01 09:36:59
2176.00,1,2025-06-01 09:37:01
608.00,2,2025-06-01 09:37:02
1472.00,3,2025-06-01 09:37:04
2256.00,3,2025-06-01 09:37:06
608.00,1,2025-06-01 09:37:07
912.00,4,2025-06-01 09:37:11
448.00,2,2025-06-01 09:37:13
1344.00,2,2025-06-01 09:37:16
2176.00,4,2025-06-01 09:37:17
1632.00,5,2025-06-01 09:37:21
1472.00,5,2025-06-01 09:37:22
1440.00,1,2025-06-01 09:37:35
1088.00,3,2025-06-01 09:37:37
1792.00,5,2025-06-01 09:37:42
288.00,2,2025-06-01 09:37:43
992.00,4,2025-06-01 09:37:47
320.00,5,2025-06-01 09:37:48
304.00,3,2025-06-01 09:37:50
1216.00,5,2025-06-01 09:37:53
912.00,5,2025-06-01 09:37:54
944.00,3,2025-06-01 09:37:58
640.00,2,2025-06-01 09:37:59
1728.00,1,2025-06-01 09:38:03
768.00,5,2025-06-01 09:38:05
320.00,1,2025-06-01 09:38:08
1632.00,1,2025-06-01 09:38:12
992.00,3,2025-06-01 09:38:24
576.00,5,2025-06-01 09:38:29
576.00,1,2025-06-01 09:38:31
1824.00,4,2025-06-01 09:38:35
1216.00,1,2025-06-01 09:38:42
832.00,1,2025-06-01 09:38:43
576.00,2,2025-06-01 09:38:44
896.00,1,2025-06-01 09:38:45
288.00,2,2025-06-01 09:38:49
544.00,2,2025-06-01 09:38:50
1536.00,3,2025-06-01 09:38:54
576.00,5,2025-06-01 09:38:56
1936.00,1,2025-06-01 09:39:01
1216.00,2,2025-06-01 09:39:02
1120.00,4,2025-06-01 09:39:05
608.00,1,2025-06-01 09:39:08
320.00,3,2025-06-01 09:39:19
672.00,1,2025-06-01 09:39:22
1632.00,3,2025-06-01 09:39:25
1472.00,1,2025-06-01 09:39:32
224.00,4,2025-06-01 09:39:33
2064.00,2,2025-06-01 09:39:52
768.00,1,2025-06-01 09:40:02
608.00,3,2025-06-01 09:40:11
1472.00,4,2025-06-01 09:40:16
576.00,3,2025-06-01 09:40:17
1088.00,3,2025-06-01 09:40:18
608.00,4,2025-06-01 09:40:20
640.00,4,2025-06-01 09:40:22
1120.00,2,2025-06-01 09:40:25
992.00,1,2025-06-01 09:40:33
640.00,5,2025-06-01 09:40:35
256.00,5,2025-06-01 09:40:40
896.00,1,2025-06-01 09:40:48
736.00,1,2025-06-01 09:40:50
2208.00,5,2025-06-01 09:40:51
1152.00,1,2025-06-01 09:40:53
1408.00,2,2025-06-01 09:40:55
304.00,1,2025-06-01 09:41:02
800.00,5,2025-06-01 09:41:03
320.00,4,2025-06-01 09:41:04
1760.00,2,2025-06-01 09:41:16
800.00,4,2025-06-01 09:41:22
1984.00,5,2025-06-01 09:41:24
2288.00,5,2025-06-01 09:41:28
960.00,1,2025-06-01 09:41:31
256.00,3,2025-06-01 09:41:32
960.00,1,2025-06-01 09:41:33
1584.00,1,2025-06-01 09:41:39
1504.00,1,2025-06-01 09:41:40
736.00,2,2025-06-01 09:41:43
1168.00,4,2025-06-01 09:41:45
1888.00,1,2025-06-01 09:41:53
992.00,4,2025-06-01 09:41:55
1520.00,2,2025-06-01 09:42:01
1088.00,1,2025-06-01 09:42:19
1152.00,5,2025-06-01 09:42:20
1632.00,1,2025-06-01 09:42:23
1920.00,4,2025-06-01 09:42:24
1376.00,5,2025-06-01 09:42:27
256.00,4,2025-06-01 09:42:28
1216.00,2,2025-06-01 09:42:36
640.00,1,2025-06-01 09:42:37
2240.00,2,2025-06-01 09:42:47
1152.00,2,2025-06-01 09:42:48
1088.00,1,2025-06-01 09:42:50
192.00,2,2025-06-01 09:42:53
912.00,1,2025-06-01 09:43:02
1504.00,2,2025-06-01 09:43:09
1728.00,5,2025-06-01 09:43:11
864.00,2,2025-06-01 09:43:12
1632.00,1,2025-06-01 09:43:16
912.00,2,2025-06-01 09:43:21
768.00,4,2025-06-01 09:43:22
1408.00,2,2025-06-01 09:43:24
288.00,4,2025-06-01 09:43:37
576.00,1,2025-06-01 09:43:43
1376.00,4,2025-06-01 09:43:54
192.00,2,2025-06-01 09:43:55
1872.00,3,2025-06-01 09:44:02
304.00,3,2025-06-01 09:44:04
960.00,3,2025-06-01 09:44:05
256.00,2,2025-06-01 09:44:06
1440.00,3,2025-06-01 09:44:08
1216.00,4,2025-06-01 09:44:12
1232.00,4,2025-06-01 09:44:14
576.00,5,2025-06-01 09:44:19
512.00,5,2025-06-01 09:44:20
320.00,1,2025-06-01 09:44:23
1344.00,4,2025-06-01 09:44:30
960.00,1,2025-06-01 09:44:31
224.00,3,2025-06-01 09:44:38
1344.00,2,2025-06-01 09:44:42
1424.00,4,2025-06-01 09:44:44
608.00,5,2025-06-01 09:44:45
1632.00,5,2025-06-01 09:44:50
800.00,3,2025-06-01 09:44:55
1248.00,3,2025-06-01 09:44:57
928.00,4,2025-06-01 09:44:59
512.00,5,2025-06-01 09:45:00
1120.00,5,2025-06-01 09:45:08
672.00,5,2025-06-01 09:45:10
1136.00,1,2025-06-01 09:45:12
1888.00,3,2025-06-01 09:45:16
320.00,4,2025-06-01 09:45:17
1152.00,5,2025-06-01 09:45:19
544.00,2,2025-06-01 09:45:27
1264.00,5,2025-06-01 09:45:32
928.00,3,2025-06-01 09:45:40
2112.00,4,2025-06-01 09:45:41
1248.00,2,2025-06-01 09:45:42
496.00,5,2025-06-01 09:45:43
192.00,4,2025-06-01 09:45:45
1472.00,1,2025-06-01 09:45:46
1600.00,2,2025-06-01 09:45:49
1696.00,2,2025-06-01 09:45:51
864.00,2,2025-06-01 09:46:02
1456.00,3,2025-06-01 09:46:03
1280.00,1,2025-06-01 09:46:09
1712.00,2,2025-06-01 09:46:11
1088.00,1,2025-06-01 09:46:17
448.00,3,2025-06-01 09:46:20
1792.00,3,2025-06-01 09:46:21
864.00,4,2025-06-01 09:46:22
1376.00,5,2025-06-01 09:46:24
1088.00,3,2025-06-01 09:46:26
576.00,4,2025-06-01 09:46:28
1280.00,1,2025-06-01 09:46:35
1056.00,4,2025-06-01 09:46:40
1824.00,5,2025-06-01 09:46:49
832.00,4,2025-06-01 09:46:51
768.00,4,2025-06-01 09:47:00
1920.00,3,2025-06-01 09:47:05
1520.00,4,2025-06-01 09:47:08
576.00,2,2025-06-01 09:47:09
1728.00,1,2025-06-01 09:47:20
576.00,4,2025-06-01 09:47:33
256.00,1,2025-06-01 09:47:35
736.00,1,2025-06-01 09:47:44
1760.00,1,2025-06-01 09:47:45
544.00,1,2025-06-01 09:47:47
1248.00,5,2025-06-01 09:47:48
1568.00,1,2025-06-01 09:47:49
1744.00,3,2025-06-01 09:47:51
1552.00,4,2025-06-01 09:47:52
1504.00,1,2025-06-01 09:47:57
1344.00,1,2025-06-01 09:47:58
768.00,5,2025-06-01 09:48:11
1920.00,3,2025-06-01 09:48:23
864.00,5,2025-06-01 09:48:25
384.00,4,2025-06-01 09:48:26
1888.00,5,2025-06-01 09:48:28
2016.00,1,2025-06-01 09:48:31
736.00,5,2025-06-01 09:48:34
304.00,4,2025-06-01 09:48:43
512.00,3,2025-06-01 09:49:02
2384.00,1,2025-06-01 09:49:05
512.00,2,2025-06-01 09:49:15
224.00,1,2025-06-01 09:49:18
896.00,1,2025-06-01 09:49:19
608.00,1,2025-06-01 09:49:25
1232.00,4,2025-06-01 09:49:30
1504.00,4,2025-06-01 09:49:33
1088.00,3,2025-06-01 09:49:36
1280.00,5,2025-06-01 09:49:40
1824.00,5,2025-06-01 09:49:42
1280.00,1,2025-06-01 09:49:47
896.00,4,2025-06-01 09:49:52
1696.00,5,2025-06-01 09:50:02
672.00,3,2025-06-01 09:50:03
960.00,4,2025-06-01 09:50:06
800.00,5,2025-06-01 09:50:10
1088.00,5,2025-06-01 09:50:15
304.00,3,2025-06-01 09:50:16
320.00,4,2025-06-01 09:50:17
1168.00,1,2025-06-01 09:50:18
512.00,4,2025-06-01 09:50:20
224.00,5,2025-06-01 09:50:21
1152.00,2,2025-06-01 09:50:37
512.00,1,2025-06-01 09:50:40
320.00,3,2025-06-01 09:50:41
960.00,5,2025-06-01 09:50:44
1760.00,4,2025-06-01 09:50:49
192.00,3,2025-06-01 09:50:55
928.00,1,2025-06-01 09:50:57
928.00,5,2025-06-01 09:51:01
576.00,3,2025-06-01 09:51:03
1840.00,2,2025-06-01 09:51:05
1504.00,2,2025-06-01 09:51:09
672.00,1,2025-06-01 09:51:11
768.00,2,2025-06-01 09:51:12
288.00,5,2025-06-01 09:51:15
960.00,3,2025-06-01 09:51:24
768.00,3,2025-06-01 09:51:28
928.00,2,2025-06-01 09:51:30
1344.00,5,2025-06-01 09:51:36
224.00,2,2025-06-01 09:51:37
1216.00,2,2025-06-01 09:51:40
1344.00,4,2025-06-01 09:51:42
640.00,4,2025-06-01 09:51:44
256.00,5,2025-06-01 09:51:52
528.00,4,2025-06-01 09:51:56
864.00,1,2025-06-01 09:51:58
1600.00,5,2025-06-01 09:51:59
960.00,5,2025-06-01 09:52:04
384.00,1,2025-06-01 09:52:06
960.00,4,2025-06-01 09:52:10
384.00,2,2025-06-01 09:52:20
192.00,2,2025-06-01 09:52:22
192.00,1,2025-06-01 09:52:23
768.00,5,2025-06-01 09:52:33
1472.00,4,2025-06-01 09:52:35
384.00,1,2025-06-01 09:52:36
1344.00,4,2025-06-01 09:52:39
576.00,5,2025-06-01 09:52:40
1568.00,2,2025-06-01 09:52:42
1440.00,1,2025-06-01 09:52:43
1312.00,2,2025-06-01 09:52:45
192.00,3,2025-06-01 09:52:47
576.00,5,2025-06-01 09:52:50
576.00,4,2025-06-01 09:52:54
1376.00,4,2025-06-01 09:52:55
1088.00,5,2025-06-01 09:52:57
1536.00,1,2025-06-01 09:52:59
960.00,4,2025-06-01 09:53:03
1920.00,2,2025-06-01 09:53:06
864.00,4,2025-06-01 09:53:12
912.00,1,2025-06-01 09:53:15
512.00,3,2025-06-01 09:53:16
2496.00,2,2025-06-01 09:53:17
864.00,1,2025-06-01 09:53:19
800.00,4,2025-06-01 09:53:26
1664.00,4,2025-06-01 09:53:27
192.00,3,2025-06-01 09:53:28
256.00,1,2025-06-01 09:53:31
1984.00,2,2025-06-01 09:53:34
1120.00,3,2025-06-01 09:53:35
1536.00,1,2025-06-01 09:53:36
672.00,5,2025-06-01 09:53:37
768.00,2,2025-06-01 09:53:41
1632.00,1,2025-06-01 09:53:42
864.00,2,2025-06-01 09:53:47
512.00,1,2025-06-01 09:53:48
1632.00,3,2025-06-01 09:53:57
1472.00,4,2025-06-01 09:54:04
1488.00,2,2025-06-01 09:54:14
1120.00,1,2025-06-01 09:54:18
288.00,3,2025-06-01 09:54:25
256.00,1,2025-06-01 09:54:28
864.00,5,2025-06-01 09:54:36
912.00,2,2025-06-01 09:54:40
1232.00,5,2025-06-01 09:54:41
576.00,1,2025-06-01 09:54:42
512.00,1,2025-06-01 09:54:43
576.00,2,2025-06-01 09:54:44
864.00,4,2025-06-01 09:54:45
1488.00,3,2025-06-01 09:54:46
1600.00,5,2025-06-01 09:54:47
256.00,4,2025-06-01 09:54:49
864.00,1,2025-06-01 09:54:51
640.00,5,2025-06-01 09:54:52
1344.00,1,2025-06-01 09:54:56
1312.00,1,2025-06-01 09:54:57
1632.00,3,2025-06-01 09:54:58
1440.00,3,2025-06-01 09:54:59
288.00,5,2025-06-01 09:55:02
912.00,1,2025-06-01 09:55:05
1152.00,3,2025-06-01 09:55:12
1344.00,4,2025-06-01 09:55:13
1984.00,5,2025-06-01 09:55:16
1504.00,2,2025-06-01 09:55:18
608.00,2,2025-06-01 09:55:22
1280.00,2,2025-06-01 09:55:26
288.00,5,2025-06-01 09:55:29
912.00,4,2025-06-01 09:55:33
1856.00,2,2025-06-01 09:55:38
288.00,1,2025-06-01 09:55:41
576.00,5,2025-06-01 09:55:42
1280.00,5,2025-06-01 09:55:43
768.00,2,2025-06-01 09:55:49
912.00,2,2025-06-01 09:55:50
576.00,2,2025-06-01 09:55:53
608.00,4,2025-06-01 09:55:59
192.00,5,2025-06-01 09:56:00
2016.00,5,2025-06-01 09:56:05
768.00,4,2025-06-01 09:56:09
480.00,4,2025-06-01 09:56:11
672.00,1,2025-06-01 09:56:18
512.00,5,2025-06-01 09:56:19
800.00,1,2025-06-01 09:56:26
1296.00,1,2025-06-01 09:56:27
672.00,2,2025-06-01 09:56:34
192.00,2,2025-06-01 09:56:36
1984.00,2,2025-06-01 09:56:51
832.00,2,2025-06-01 09:56:53
1472.00,5,2025-06-01 09:56:55
1776.00,2,2025-06-01 09:57:01
256.00,1,2025-06-01 09:57:11
384.00,3,2025-06-01 09:57:25
192.00,1,2025-06-01 09:57:26
672.00,3,2025-06-01 09:57:28
512.00,4,2025-06-01 09:57:31
1472.00,4,2025-06-01 09:57:32
1568.00,1,2025-06-01 09:57:33
1024.00,2,2025-06-01 09:57:34
816.00,5,2025-06-01 09:57:39
1024.00,2,2025-06-01 09:57:49
2496.00,5,2025-06-01 09:57:54
1056.00,3,2025-06-01 09:57:55
448.00,3,2025-06-01 09:58:00
1344.00,1,2025-06-01 09:58:01
1856.00,5,2025-06-01 09:58:05
1344.00,1,2025-06-01 09:58:06
256.00,3,2025-06-01 09:58:07
896.00,5,2025-06-01 09:58:10
448.00,3,2025-06-01 09:58:11
1312.00,2,2025-06-01 09:58:13
576.00,2,2025-06-01 09:58:14
1152.00,1,2025-06-01 09:58:16
288.00,1,2025-06-01 09:58:17
1024.00,1,2025-06-01 09:58:22
576.00,4,2025-06-01 09:58:30
256.00,5,2025-06-01 09:58:37
1760.00,2,2025-06-01 09:58:44
1056.00,2,2025-06-01 09:58:53
1152.00,1,2025-06-01 09:58:54
2192.00,1,2025-06-01 09:58:59
768.00,2,2025-06-01 09:59:02
1680.00,5,2025-06-01 09:59:04
1680.00,2,2025-06-01 09:59:17
1056.00,1,2025-06-01 09:59:25
1840.00,1,2025-06-01 09:59:26
1424.00,3,2025-06-01 09:59:36
960.00,2,2025-06-01 09:59:39
256.00,1,2025-06-01 09:59:41
304.00,3,2025-06-01 09:59:46
448.00,2,2025-06-01 09:59:57
1440.00,3,2025-06-01 10:00:10
864.00,4,2025-06-01 10:00:26
288.00,2,2025-06-01 10:00:30
1952.00,4,2025-06-01 10:00:35
2496.00,2,2025-06-01 10:00:46
544.00,1,2025-06-01 10:00:47
320.00,4,2025-06-01 10:00:49
1280.00,1,2025-06-01 10:00:54
1440.00,2,2025-06-01 10:01:03
864.00,5,2025-06-01 10:01:10
1920.00,4,2025-06-01 10:01:22
1184.00,3,2025-06-01 10:01:41
576.00,4,2025-06-01 10:01:43
640.00,2,2025-06-01 10:01:46
1376.00,4,2025-06-01 10:01:47
1152.00,1,2025-06-01 10:02:04
256.00,1,2025-06-01 10:02:11
960.00,3,2025-06-01 10:02:23
768.00,5,2025-06-01 10:02:37
1472.00,3,2025-06-01 10:02:40
1696.00,4,2025-06-01 10:03:04
2128.00,3,2025-06-01 10:03:07
1088.00,2,2025-06-01 10:03:08
320.00,1,2025-06-01 10:03:18
2240.00,5,2025-06-01 10:03:31
192.00,4,2025-06-01 10:03:34
576.00,4,2025-06-01 10:03:55
256.00,4,2025-06-01 10:04:09
960.00,3,2025-06-01 10:04:16
2304.00,3,2025-06-01 10:04:43
1088.00,4,2025-06-01 10:04:47
864.00,3,2025-06-01 10:05:09
512.00,3,2025-06-01 10:05:29
1136.00,5,2025-06-01 10:05:30
512.00,3,2025-06-01 10:05:32
1088.00,5,2025-06-01 10:05:37
576.00,3,2025-06-01 10:05:50
1184.00,3,2025-06-01 10:05:56
448.00,4,2025-06-01 10:05:58
192.00,2,2025-06-01 10:06:07
384.00,3,2025-06-01 10:06:12
1824.00,4,2025-06-01 10:06:18
384.00,3,2025-06-01 10:06:24
1088.00,5,2025-06-01 10:06:25
1296.00,4,2025-06-01 10:06:28
1280.00,2,2025-06-01 10:06:29
1216.00,4,2025-06-01 10:06:32
2144.00,2,2025-06-01 10:06:58
1312.00,4,2025-06-01 10:07:03
608.00,4,2025-06-01 10:07:06
864.00,1,2025-06-01 10:07:08
1952.00,3,2025-06-01 10:07:17
768.00,5,2025-06-01 10:07:33
512.00,2,2025-06-01 10:07:41
2032.00,1,2025-06-01 10:07:46
1920.00,5,2025-06-01 10:07:49
1408.00,3,2025-06-01 10:07:54
864.00,1,2025-06-01 10:08:00
1664.00,4,2025-06-01 10:08:08
288.00,4,2025-06-01 10:08:11
640.00,3,2025-06-01 10:08:16
1280.00,2,2025-06-01 10:08:21
1440.00,4,2025-06-01 10:08:27
1728.00,1,2025-06-01 10:08:33
1440.00,2,2025-06-01 10:08:42
304.00,1,2025-06-01 10:08:46
256.00,4,2025-06-01 10:09:00
768.00,4,2025-06-01 10:09:01
512.00,4,2025-06-01 10:09:05
768.00,2,2025-06-01 10:09:20
1440.00,1,2025-06-01 10:09:53
224.00,1,2025-06-01 10:09:54
576.00,5,2025-06-01 10:10:09
320.00,4,2025-06-01 10:10:23
1344.00,4,2025-06-01 10:10:26
1056.00,5,2025-06-01 10:10:58
320.00,1,2025-06-01 10:10:59
768.00,1,2025-06-01 10:11:00
1216.00,4,2025-06-01 10:11:01
2192.00,5,2025-06-01 10:11:16
608.00,2,2025-06-01 10:11:17
1392.00,4,2025-06-01 10:11:38
768.00,2,2025-06-01 10:11:51
864.00,2,2025-06-01 10:12:00
576.00,1,2025-06-01 10:12:04
2112.00,1,2025-06-01 10:12:05
1472.00,3,2025-06-01 10:12:10
1216.00,3,2025-06-01 10:12:15
896.00,5,2025-06-01 10:12:22
1120.00,1,2025-06-01 10:12:26
1776.00,2,2025-06-01 10:12:29
512.00,1,2025-06-01 10:12:30
1248.00,4,2025-06-01 10:12:39
1728.00,5,2025-06-01 10:12:44
832.00,5,2025-06-01 10:12:58
896.00,2,2025-06-01 10:13:18
1664.00,2,2025-06-01 10:13:24
320.00,1,2025-06-01 10:13:28
1792.00,5,2025-06-01 10:13:39
544.00,1,2025-06-01 10:13:42
1568.00,5,2025-06-01 10:13:43
864.00,3,2025-06-01 10:14:21
288.00,4,2025-06-01 10:14:45
1600.00,2,2025-06-01 10:14:48
1776.00,3,2025-06-01 10:15:01
576.00,5,2025-06-01 10:15:07
2080.00,2,2025-06-01 10:15:25
576.00,5,2025-06-01 10:15:33
288.00,3,2025-06-01 10:15:41
1328.00,5,2025-06-01 10:15:58
768.00,4,2025-06-01 10:16:00
1408.00,3,2025-06-01 10:16:01
560.00,4,2025-06-01 10:16:10
912.00,4,2025-06-01 10:16:12
1824.00,3,2025-06-01 10:16:14
1248.00,3,2025-06-01 10:16:19
576.00,4,2025-06-01 10:16:26
2448.00,3,2025-06-01 10:16:29
384.00,3,2025-06-01 10:16:36
1584.00,4,2025-06-01 10:16:37
1440.00,4,2025-06-01 10:16:43
1744.00,3,2025-06-01 10:16:44
448.00,3,2025-06-01 10:16:48
2496.00,2,2025-06-01 10:16:49
736.00,4,2025-06-01 10:16:54
1824.00,4,2025-06-01 10:17:00
1728.00,4,2025-06-01 10:17:02
864.00,2,2025-06-01 10:17:08
1200.00,4,2025-06-01 10:17:17
1104.00,4,2025-06-01 10:17:19
1088.00,5,2025-06-01 10:17:26
912.00,4,2025-06-01 10:17:34
608.00,2,2025-06-01 10:17:39
2080.00,2,2025-06-01 10:17:46
1184.00,1,2025-06-01 10:17:49
512.00,4,2025-06-01 10:17:57
768.00,1,2025-06-01 10:18:08
1088.00,2,2025-06-01 10:18:10
1344.00,2,2025-06-01 10:18:13
912.00,5,2025-06-01 10:18:16
1472.00,2,2025-06-01 10:18:21
1152.00,1,2025-06-01 10:18:35
1248.00,3,2025-06-01 10:18:37
576.00,4,2025-06-01 10:18:43
1216.00,1,2025-06-01 10:18:44
1024.00,3,2025-06-01 10:18:49
768.00,2,2025-06-01 10:18:56
1408.00,2,2025-06-01 10:19:04
800.00,4,2025-06-01 10:19:05
1056.00,1,2025-06-01 10:19:15
912.00,3,2025-06-01 10:19:16
1888.00,1,2025-06-01 10:19:29
1120.00,4,2025-06-01 10:19:30
576.00,5,2025-06-01 10:19:36
752.00,2,2025-06-01 10:19:37
1248.00,1,2025-06-01 10:19:39
1152.00,1,2025-06-01 10:19:42
704.00,5,2025-06-01 10:19:43
320.00,3,2025-06-01 10:19:48
864.00,4,2025-06-01 10:19:49
1088.00,4,2025-06-01 10:19:53
768.00,5,2025-06-01 10:19:54
896.00,4,2025-06-01 10:19:58
288.00,5,2025-06-01 10:20:00
1488.00,2,2025-06-01 10:20:02
576.00,2,2025-06-01 10:20:15
1632.00,4,2025-06-01 10:20:19
1632.00,2,2025-06-01 10:20:25
1312.00,5,2025-06-01 10:20:29
912.00,4,2025-06-01 10:20:35
1168.00,1,2025-06-01 10:20:38
896.00,5,2025-06-01 10:20:41
448.00,2,2025-06-01 10:20:45
608.00,4,2025-06-01 10:20:48
1728.00,2,2025-06-01 10:20:50
288.00,2,2025-06-01 10:20:57
2336.00,4,2025-06-01 10:20:58
1344.00,4,2025-06-01 10:21:03
448.00,4,2025-06-01 10:21:31
2736.00,3,2025-06-01 10:21:33
1568.00,4,2025-06-01 10:21:38
1488.00,3,2025-06-01 10:21:40
896.00,4,2025-06-01 10:21:59
448.00,5,2025-06-01 10:22:10
1216.00,4,2025-06-01 10:22:18
1856.00,5,2025-06-01 10:22:44
2144.00,1,2025-06-01 10:23:06
288.00,5,2025-06-01 10:23:34
576.00,5,2025-06-01 10:23:35
288.00,3,2025-06-01 10:23:36
928.00,3,2025-06-01 10:23:47
576.00,5,2025-06-01 10:24:02
1584.00,4,2025-06-01 10:24:10
576.00,3,2025-06-01 10:24:28
256.00,1,2025-06-01 10:24:30
864.00,4,2025-06-01 10:24:31
288.00,4,2025-06-01 10:24:37
224.00,1,2025-06-01 10:25:07
1440.00,1,2025-06-01 10:25:15
1600.00,5,2025-06-01 10:25:20
640.00,3,2025-06-01 10:25:23
560.00,2,2025-06-01 10:25:27
768.00,5,2025-06-01 10:25:31
192.00,5,2025-06-01 10:25:39
288.00,2,2025-06-01 10:25:41
832.00,4,2025-06-01 10:26:03
2048.00,4,2025-06-01 10:26:14
544.00,4,2025-06-01 10:26:37
768.00,5,2025-06-01 10:26:47
448.00,1,2025-06-01 10:26:50
1888.00,4,2025-06-01 10:26:54
800.00,1,2025-06-01 10:27:09
960.00,3,2025-06-01 10:27:31
736.00,1,2025-06-01 10:27:41
1536.00,2,2025-06-01 10:27:47
1024.00,2,2025-06-01 10:27:51
2400.00,2,2025-06-01 10:27:53
880.00,3,2025-06-01 10:28:00
976.00,2,2025-06-01 10:28:08
576.00,5,2025-06-01 10:28:12
928.00,4,2025-06-01 10:28:16
1696.00,3,2025-06-01 10:28:22
576.00,5,2025-06-01 10:28:27
1664.00,3,2025-06-01 10:29:03
256.00,1,2025-06-01 10:29:09
512.00,5,2025-06-01 10:29:48
768.00,4,2025-06-01 10:29:50
1152.00,4,2025-06-01 10:30:17
1152.00,4,2025-06-01 10:30:29
288.00,2,2025-06-01 10:30:32
1056.00,1,2025-06-01 10:30:33
1632.00,4,2025-06-01 10:30:34
1440.00,2,2025-06-01 10:31:03
1248.00,4,2025-06-01 10:31:18
1808.00,2,2025-06-01 10:31:39
1376.00,2,2025-06-01 10:31:44
1488.00,2,2025-06-01 10:32:00
256.00,5,2025-06-01 10:32:03
1344.00,3,2025-06-01 10:32:05
480.00,2,2025-06-01 10:32:18
512.00,5,2025-06-01 10:32:24
1024.00,1,2025-06-01 10:32:26
1440.00,2,2025-06-01 10:32:52
752.00,3,2025-06-01 10:32:58
1120.00,4,2025-06-01 10:33:15
320.00,3,2025-06-01 10:33:29
2096.00,1,2025-06-01 10:33:31
768.00,2,2025-06-01 10:33:33
256.00,4,2025-06-01 10:33:38
256.00,1,2025-06-01 10:33:51
784.00,3,2025-06-01 10:34:24
768.00,3,2025-06-01 10:34:31
1840.00,3,2025-06-01 10:34:37
832.00,4,2025-06-01 10:34:48
1648.00,5,2025-06-01 10:34:57
608.00,1,2025-06-01 10:34:59
1184.00,3,2025-06-01 10:35:11
864.00,1,2025-06-01 10:35:29
1056.00,1,2025-06-01 10:35:33
448.00,2,2025-06-01 10:35:49
1472.00,2,2025-06-01 10:35:56
640.00,4,2025-06-01 10:36:04
768.00,1,2025-06-01 10:36:39
1088.00,1,2025-06-01 10:36:48
384.00,1,2025-06-01 10:36:50
192.00,2,2025-06-01 10:36:51
576.00,2,2025-06-01 10:36:57
1216.00,3,2025-06-01 10:37:06
1616.00,1,2025-06-01 10:37:07
1504.00,4,2025-06-01 10:37:09
1872.00,5,2025-06-01 10:37:19
608.00,1,2025-06-01 10:37:28
224.00,3,2025-06-01 10:37:33
1024.00,4,2025-06-01 10:37:49
192.00,3,2025-06-01 10:38:06
1312.00,4,2025-06-01 10:38:10
384.00,4,2025-06-01 10:38:12
2112.00,3,2025-06-01 10:38:54
912.00,2,2025-06-01 10:38:55
864.00,3,2025-06-01 10:39:00
1440.00,4,2025-06-01 10:39:07
576.00,3,2025-06-01 10:39:30
1088.00,5,2025-06-01 10:39:59
1664.00,3,2025-06-01 10:40:01
1120.00,2,2025-06-01 10:40:03
768.00,2,2025-06-01 10:40:09
512.00,3,2025-06-01 10:40:15
288.00,2,2025-06-01 10:40:17
960.00,5,2025-06-01 10:40:20
864.00,3,2025-06-01 10:40:26
1120.00,4,2025-06-01 10:40:48
576.00,2,2025-06-01 10:40:57
2160.00,4,2025-06-01 10:41:23
960.00,3,2025-06-01 10:41:26
1600.00,5,2025-06-01 10:41:30
752.00,4,2025-06-01 10:41:37
1536.00,2,2025-06-01 10:41:45
832.00,2,2025-06-01 10:41:48
384.00,3,2025-06-01 10:42:23
688.00,3,2025-06-01 10:42:30
1248.00,5,2025-06-01 10:42:33
320.00,4,2025-06-01 10:42:44
1744.00,4,2025-06-01 10:43:19
1104.00,2,2025-06-01 10:43:20
864.00,3,2025-06-01 10:43:23
1248.00,2,2025-06-01 10:43:37
512.00,3,2025-06-01 10:43:40
1888.00,1,2025-06-01 10:43:59
672.00,1,2025-06-01 10:44:00
1680.00,1,2025-06-01 10:44:04
1440.00,2,2025-06-01 10:44:05
1120.00,4,2025-06-01 10:44:11
1536.00,2,2025-06-01 10:44:19
912.00,5,2025-06-01 10:44:20
1888.00,3,2025-06-01 10:44:28
512.00,1,2025-06-01 10:44:32
1600.00,1,2025-06-01 10:44:38
288.00,1,2025-06-01 10:44:40
640.00,4,2025-06-01 10:44:43
832.00,1,2025-06-01 10:45:01
1088.00,2,2025-06-01 10:45:02
2592.00,2,2025-06-01 10:45:03
1440.00,1,2025-06-01 10:45:09
1664.00,2,2025-06-01 10:45:10
1344.00,1,2025-06-01 10:45:28
1024.00,5,2025-06-01 10:45:29
1776.00,3,2025-06-01 10:45:31
1248.00,3,2025-06-01 10:45:43
768.00,1,2025-06-01 10:45:58
1280.00,4,2025-06-01 10:45:59
448.00,5,2025-06-01 10:46:01
1632.00,1,2025-06-01 10:46:02
1728.00,1,2025-06-01 10:46:04
544.00,5,2025-06-01 10:46:07
1824.00,5,2025-06-01 10:46:08
960.00,3,2025-06-01 10:46:10
704.00,2,2025-06-01 10:46:16
2176.00,1,2025-06-01 10:46:18
576.00,2,2025-06-01 10:46:19
192.00,1,2025-06-01 10:46:20
576.00,4,2025-06-01 10:46:22
1664.00,1,2025-06-01 10:46:36
960.00,2,2025-06-01 10:46:41
1280.00,5,2025-06-01 10:46:46
192.00,2,2025-06-01 10:46:47
1600.00,1,2025-06-01 10:46:48
224.00,5,2025-06-01 10:46:57
864.00,4,2025-06-01 10:47:00
1408.00,5,2025-06-01 10:47:10
1632.00,1,2025-06-01 10:47:21
528.00,1,2025-06-01 10:47:23
640.00,1,2025-06-01 10:47:31
480.00,4,2025-06-01 10:47:48
384.00,4,2025-06-01 10:47:58
768.00,4,2025-06-01 10:48:00
1312.00,1,2025-06-01 10:48:08
320.00,2,2025-06-01 10:48:14
768.00,2,2025-06-01 10:48:42
640.00,4,2025-06-01 10:48:45
320.00,1,2025-06-01 10:48:51
640.00,2,2025-06-01 10:49:05
576.00,1,2025-06-01 10:49:06
1088.00,2,2025-06-01 10:49:12
1152.00,4,2025-06-01 10:49:21
480.00,1,2025-06-01 10:49:34
1312.00,2,2025-06-01 10:49:36
576.00,4,2025-06-01 10:49:37
1952.00,1,2025-06-01 10:49:38
960.00,5,2025-06-01 10:49:44
1248.00,1,2025-06-01 10:50:11
480.00,1,2025-06-01 10:50:14
1024.00,5,2025-06-01 10:50:17
288.00,2,2025-06-01 10:50:20
1088.00,4,2025-06-01 10:50:25
1408.00,2,2025-06-01 10:50:27
560.00,5,2025-06-01 10:50:52
896.00,3,2025-06-01 10:51:11
1184.00,1,2025-06-01 10:51:18
1184.00,3,2025-06-01 10:51:19
1504.00,3,2025-06-01 10:51:23
768.00,4,2025-06-01 10:51:28
672.00,2,2025-06-01 10:51:39
512.00,2,2025-06-01 10:51:41
224.00,4,2025-06-01 10:52:10
1536.00,3,2025-06-01 10:52:32
1504.00,1,2025-06-01 10:52:39
864.00,5,2025-06-01 10:52:55
672.00,5,2025-06-01 10:53:01
1152.00,2,2025-06-01 10:53:03
304.00,3,2025-06-01 10:53:17
1024.00,3,2025-06-01 10:53:26
256.00,2,2025-06-01 10:53:30
1440.00,2,2025-06-01 10:53:35
1680.00,2,2025-06-01 10:53:36
1680.00,5,2025-06-01 10:53:37
1056.00,5,2025-06-01 10:53:46
864.00,3,2025-06-01 10:53:47
576.00,2,2025-06-01 10:53:50
2288.00,1,2025-06-01 10:54:03
640.00,3,2025-06-01 10:54:11
448.00,3,2025-06-01 10:54:14
1664.00,4,2025-06-01 10:54:20
1664.00,4,2025-06-01 10:54:36
2016.00,2,2025-06-01 10:54:41
864.00,3,2025-06-01 10:54:42
1184.00,5,2025-06-01 10:54:55
1760.00,3,2025-06-01 10:55:13
800.00,4,2025-06-01 10:55:30
1312.00,3,2025-06-01 10:55:51
768.00,1,2025-06-01 10:56:00
1088.00,4,2025-06-01 10:56:06
1184.00,5,2025-06-01 10:56:24
480.00,1,2025-06-01 10:56:27
1216.00,1,2025-06-01 10:56:29
1968.00,4,2025-06-01 10:56:31
880.00,3,2025-06-01 10:56:35
224.00,2,2025-06-01 10:56:41
1168.00,3,2025-06-01 10:56:48
1408.00,5,2025-06-01 10:56:58
1088.00,4,2025-06-01 10:56:59
864.00,4,2025-06-01 10:57:01
1168.00,2,2025-06-01 10:57:17
912.00,1,2025-06-01 10:57:18
640.00,4,2025-06-01 10:57:34
800.00,2,2025-06-01 10:57:36
896.00,2,2025-06-01 10:57:38
1632.00,2,2025-06-01 10:57:43
608.00,3,2025-06-01 10:57:53
192.00,5,2025-06-01 10:57:56
544.00,3,2025-06-01 10:58:18
896.00,4,2025-06-01 10:58:21
320.00,1,2025-06-01 10:58:52
960.00,3,2025-06-01 10:59:04
1760.00,5,2025-06-01 10:59:05
1216.00,1,2025-06-01 10:59:13
1408.00,5,2025-06-01 10:59:33
768.00,1,2025-06-01 10:59:55
1680.00,1,2025-06-01 11:00:05
1184.00,5,2025-06-01 11:00:35
832.00,3,2025-06-01 11:01:26
1680.00,5,2025-06-01 11:01:29
1216.00,3,2025-06-01 11:02:04
1312.00,2,2025-06-01 11:02:19
1088.00,5,2025-06-01 11:02:30
1584.00,4,2025-06-01 11:02:40
864.00,2,2025-06-01 11:03:48
1088.00,2,2025-06-01 11:04:05
1488.00,2,2025-06-01 11:04:19
384.00,5,2025-06-01 11:04:28
912.00,1,2025-06-01 11:04:31
736.00,1,2025-06-01 11:04:38
1056.00,1,2025-06-01 11:04:39
768.00,3,2025-06-01 11:04:40
1376.00,3,2025-06-01 11:04:47
1216.00,2,2025-06-01 11:04:50
1216.00,2,2025-06-01 11:04:53
1056.00,5,2025-06-01 11:05:13
1088.00,5,2025-06-01 11:05:33
1280.00,1,2025-06-01 11:05:55
1152.00,3,2025-06-01 11:06:12
2080.00,3,2025-06-01 11:06:56
1184.00,1,2025-06-01 11:07:06
1152.00,2,2025-06-01 11:07:10
1168.00,4,2025-06-01 11:07:32
1920.00,1,2025-06-01 11:07:36
1824.00,5,2025-06-01 11:08:07
912.00,3,2025-06-01 11:08:21
1536.00,4,2025-06-01 11:08:23
2096.00,4,2025-06-01 11:08:31
832.00,2,2025-06-01 11:08:40
1408.00,1,2025-06-01 11:10:35
1248.00,5,2025-06-01 11:10:37
512.00,5,2025-06-01 11:11:16
960.00,5,2025-06-01 11:12:25
960.00,5,2025-06-01 11:12:32
1216.00,2,2025-06-01 11:13:01
864.00,2,2025-06-01 11:13:28
1536.00,2,2025-06-01 11:13:35
1632.00,2,2025-06-01 11:13:53
304.00,2,2025-06-01 11:14:22
1680.00,3,2025-06-01 11:15:09
448.00,1,2025-06-01 11:15:19
1040.00,2,2025-06-01 11:15:20
896.00,4,2025-06-01 11:16:10
1984.00,5,2025-06-01 11:16:14
576.00,4,2025-06-01 11:16:20
288.00,2,2025-06-01 11:16:32
704.00,5,2025-06-01 11:16:34
960.00,2,2025-06-01 11:16:52
1280.00,2,2025-06-01 11:16:57
960.00,3,2025-06-01 11:17:06
960.00,3,2025-06-01 11:17:41
672.00,4,2025-06-01 11:17:53
576.00,2,2025-06-01 11:19:15
256.00,4,2025-06-01 11:19:31
992.00,5,2025-06-01 11:19:36
1760.00,1,2025-06-01 11:19:58
1568.00,2,2025-06-01 11:20:06
288.00,1,2025-06-01 11:20:26
1824.00,1,2025-06-01 11:20:30
576.00,1,2025-06-01 11:20:46
608.00,1,2025-06-01 11:21:05
320.00,1,2025-06-01 11:21:22
1280.00,2,2025-06-01 11:21:24
1312.00,5,2025-06-01 11:23:03
672.00,5,2025-06-01 11:23:17
1184.00,5,2025-06-01 11:23:18
256.00,1,2025-06-01 11:23:29
864.00,1,2025-06-01 11:23:38
1056.00,5,2025-06-01 11:23:40
384.00,4,2025-06-01 11:24:02
1088.00,5,2025-06-01 11:24:03
672.00,3,2025-06-01 11:24:22
256.00,1,2025-06-01 11:24:41
1088.00,4,2025-06-01 11:25:01
1744.00,3,2025-06-01 11:25:02
2048.00,3,2025-06-01 11:25:07
1632.00,1,2025-06-01 11:26:02
576.00,5,2025-06-01 11:26:36
896.00,3,2025-06-01 11:26:46
1184.00,2,2025-06-01 11:26:54
736.00,3,2025-06-01 11:27:00
1920.00,2,2025-06-01 11:27:21
608.00,4,2025-06-01 11:27:25
192.00,2,2025-06-01 11:27:37
2352.00,3,2025-06-01 11:28:27
1728.00,1,2025-06-01 11:29:29
1152.00,5,2025-06-01 11:30:05
1872.00,4,2025-06-01 11:30:06
1104.00,5,2025-06-01 11:30:29
576.00,3,2025-06-01 11:30:54
1440.00,3,2025-06-01 11:31:11
640.00,2,2025-06-01 11:31:55
512.00,2,2025-06-01 11:32:23
1344.00,1,2025-06-01 11:32:52
1712.00,3,2025-06-01 11:33:02
1872.00,1,2025-06-01 11:33:23
1520.00,5,2025-06-01 11:34:49
880.00,1,2025-06-01 11:35:03
1088.00,5,2025-06-01 11:35:21
960.00,3,2025-06-01 11:35:31
1184.00,1,2025-06-01 11:35:50
832.00,5,2025-06-01 11:35:51
864.00,4,2025-06-01 11:35:53
960.00,1,2025-06-01 11:36:08
768.00,3,2025-06-01 11:36:29
2064.00,4,2025-06-01 11:36:35
288.00,1,2025-06-01 11:36:39
288.00,1,2025-06-01 11:36:42
1744.00,5,2025-06-01 11:36:54
672.00,1,2025-06-01 11:36:56
1184.00,5,2025-06-01 11:37:19
1184.00,5,2025-06-01 11:37:30
1552.00,3,2025-06-01 11:37:36
864.00,3,2025-06-01 11:37:38
416.00,3,2025-06-01 11:37:47
512.00,2,2025-06-01 11:38:12
192.00,3,2025-06-01 11:38:32
640.00,2,2025-06-01 11:38:41
768.00,2,2025-06-01 11:39:02
2304.00,1,2025-06-01 11:39:09
768.00,4,2025-06-01 11:39:13
1248.00,1,2025-06-01 11:39:28
1344.00,3,2025-06-01 11:39:58
2128.00,5,2025-06-01 11:40:26
1648.00,5,2025-06-01 11:40:43
288.00,1,2025-06-01 11:40:46
1312.00,3,2025-06-01 11:40:51
448.00,3,2025-06-01 11:41:01
768.00,1,2025-06-01 11:41:05
896.00,4,2025-06-01 11:41:10
2128.00,1,2025-06-01 11:41:13
1024.00,4,2025-06-01 11:41:23
576.00,5,2025-06-01 11:41:26
2064.00,4,2025-06-01 11:41:32
256.00,4,2025-06-01 11:41:50
640.00,1,2025-06-01 11:42:04
304.00,1,2025-06-01 11:42:33
768.00,5,2025-06-01 11:42:35
1056.00,3,2025-06-01 11:43:02
1072.00,4,2025-06-01 11:43:57
2080.00,5,2025-06-01 11:44:08
1792.00,5,2025-06-01 11:44:15
992.00,4,2025-06-01 11:44:35
192.00,2,2025-06-01 11:44:41
1392.00,5,2025-06-01 11:45:09
1184.00,3,2025-06-01 11:45:10
1776.00,2,2025-06-01 11:45:15
768.00,5,2025-06-01 11:45:20
320.00,3,2025-06-01 11:45:23
1632.00,2,2025-06-01 11:45:26
2016.00,4,2025-06-01 11:45:40
864.00,2,2025-06-01 11:46:24
1824.00,3,2025-06-01 11:46:26
480.00,5,2025-06-01 11:46:48
1984.00,3,2025-06-01 11:47:01
1936.00,3,2025-06-01 11:47:15
1216.00,4,2025-06-01 11:47:22
1088.00,4,2025-06-01 11:47:53
1872.00,5,2025-06-01 11:48:08
1200.00,2,2025-06-01 11:48:36
512.00,4,2025-06-01 11:48:37
832.00,4,2025-06-01 11:48:43
544.00,1,2025-06-01 11:49:15
864.00,5,2025-06-01 11:49:20
736.00,2,2025-06-01 11:49:53
192.00,3,2025-06-01 11:50:02
192.00,3,2025-06-01 11:50:43
576.00,1,2025-06-01 11:51:07
1376.00,5,2025-06-01 11:51:31
1120.00,5,2025-06-01 11:51:36
288.00,4,2025-06-01 11:51:43
928.00,3,2025-06-01 11:52:05
896.00,4,2025-06-01 11:52:22
976.00,2,2025-06-01 11:52:24
1792.00,4,2025-06-01 11:52:27
1376.00,2,2025-06-01 11:53:08
960.00,1,2025-06-01 11:53:32
576.00,3,2025-06-01 11:53:35
1712.00,3,2025-06-01 11:53:39
1888.00,1,2025-06-01 11:53:58
928.00,3,2025-06-01 11:54:52
864.00,2,2025-06-01 11:55:21
960.00,3,2025-06-01 11:55:28
1680.00,3,2025-06-01 11:55:35
640.00,1,2025-06-01 11:55:40
1104.00,3,2025-06-01 11:55:45
928.00,2,2025-06-01 11:55:54
1440.00,5,2025-06-01 11:56:18
288.00,5,2025-06-01 11:56:45
1184.00,1,2025-06-01 11:57:31
2544.00,1,2025-06-01 11:57:53
1344.00,3,2025-06-01 11:59:38
1408.00,3,2025-06-01 11:59:52
1408.00,4,2025-06-01 12:00:40
864.00,2,2025-06-01 12:01:28
1344.00,3,2025-06-01 12:02:51
608.00,3,2025-06-01 12:03:03
1056.00,5,2025-06-01 12:04:58
2112.00,1,2025-06-01 12:05:01
1520.00,5,2025-06-01 12:05:04
2112.00,1,2025-06-01 12:05:35
768.00,4,2025-06-01 12:07:09
1520.00,3,2025-06-01 12:07:36
896.00,3,2025-06-01 12:08:22
1520.00,3,2025-06-01 12:12:32
288.00,2,2025-06-01 12:14:01
512.00,2,2025-06-01 12:14:10
2304.00,2,2025-06-01 12:15:41
576.00,5,2025-06-01 12:15:50
448.00,3,2025-06-01 12:16:14
992.00,2,2025-06-01 12:19:33
512.00,1,2025-06-01 12:20:23
960.00,2,2025-06-01 12:20:26
1824.00,2,2025-06-01 12:21:46
1920.00,3,2025-06-01 12:23:23
2464.00,3,2025-06-01 12:25:07
2496.00,5,2025-06-01 12:25:45
1504.00,3,2025-06-01 12:26:24
1136.00,5,2025-06-01 12:26:36
224.00,5,2025-06-01 12:27:35
1632.00,1,2025-06-01 12:28:39
512.00,5,2025-06-01 12:28:49
1888.00,3,2025-06-01 12:30:34
1984.00,1,2025-06-01 12:30:39
576.00,3,2025-06-01 12:31:10
768.00,1,2025-06-01 12:32:34
1424.00,1,2025-06-01 12:33:16
2112.00,1,2025-06-01 12:33:21
304.00,5,2025-06-01 12:34:23
2032.00,4,2025-06-01 12:34:30
960.00,3,2025-06-01 12:34:51
1808.00,3,2025-06-01 12:38:31
304.00,1,2025-06-01 12:38:47
448.00,5,2025-06-01 12:38:51
608.00,5,2025-06-01 12:40:49
1168.00,1,2025-06-01 12:41:03
1440.00,1,2025-06-01 12:41:58
304.00,5,2025-06-01 12:42:12
192.00,4,2025-06-01 12:43:01
384.00,3,2025-06-01 12:43:55
864.00,4,2025-06-01 12:44:26
576.00,3,2025-06-01 12:44:48
1248.00,2,2025-06-01 12:45:10
384.00,3,2025-06-01 12:45:45
928.00,5,2025-06-01 12:46:00
1168.00,4,2025-06-01 12:46:19
1088.00,5,2025-06-01 12:49:01
1408.00,4,2025-06-01 12:50:37
1216.00,4,2025-06-01 12:51:28
1248.00,1,2025-06-01 12:52:04
832.00,4,2025-06-01 12:52:20
320.00,3,2025-06-01 12:53:11
1824.00,1,2025-06-01 12:53:29
800.00,4,2025-06-01 12:54:09
512.00,3,2025-06-01 12:55:33
608.00,5,2025-06-01 12:57:05
1376.00,2,2025-06-01 12:59:14
1696.00,5,2025-06-01 12:59:29
1312.00,5,2025-06-01 12:59:45
768.00,3,2025-06-01 00:00:01
224.00,5,2025-06-01 00:00:03
1856.00,4,2025-06-01 00:00:09
576.00,4,2025-06-01 00:00:23
288.00,2,2025-06-01 00:00:25
624.00,3,2025-06-01 00:00:26
1984.00,5,2025-06-01 00:00:34
768.00,3,2025-06-01 00:00:55
1936.00,3,2025-06-01 00:01:05
624.00,5,2025-06-01 00:01:14
1280.00,3,2025-06-01 00:01:18
1568.00,1,2025-06-01 00:01:27
256.00,4,2025-06-01 00:01:28
1024.00,3,2025-06-01 00:01:31
1568.00,1,2025-06-01 00:01:34
1184.00,1,2025-06-01 00:01:36
608.00,2,2025-06-01 00:01:47
1344.00,1,2025-06-01 00:01:49
1440.00,1,2025-06-01 00:02:02
2512.00,4,2025-06-01 00:02:05
864.00,5,2025-06-01 00:02:18
768.00,5,2025-06-01 00:02:20
1536.00,3,2025-06-01 00:02:24
1536.00,1,2025-06-01 00:02:27
2064.00,5,2025-06-01 00:02:30
304.00,1,2025-06-01 00:02:31
2208.00,4,2025-06-01 00:02:41
1120.00,4,2025-06-01 00:02:51
1584.00,3,2025-06-01 00:02:53
544.00,2,2025-06-01 00:02:55
480.00,3,2025-06-01 00:03:31
512.00,3,2025-06-01 00:03:33
2352.00,4,2025-06-01 00:03:53
1744.00,1,2025-06-01 00:03:57
480.00,3,2025-06-01 00:03:59
640.00,1,2025-06-01 00:04:15
1472.00,5,2025-06-01 00:04:17
224.00,2,2025-06-01 00:04:18
832.00,2,2025-06-01 00:04:19
224.00,2,2025-06-01 00:04:24
544.00,1,2025-06-01 00:04:34
384.00,3,2025-06-01 00:04:39
1952.00,2,2025-06-01 00:04:47
1088.00,5,2025-06-01 00:04:49
2208.00,2,2025-06-01 00:05:12
576.00,1,2025-06-01 00:05:31
320.00,2,2025-06-01 00:05:35
1568.00,4,2025-06-01 00:05:51
1408.00,1,2025-06-01 00:05:57
192.00,5,2025-06-01 00:05:59
960.00,3,2025-06-01 00:06:13
1216.00,4,2025-06-01 00:06:14
192.00,1,2025-06-01 00:06:27
768.00,2,2025-06-01 00:06:30
448.00,5,2025-06-01 00:06:35
1488.00,3,2025-06-01 00:06:36
192.00,1,2025-06-01 00:06:38
1024.00,3,2025-06-01 00:06:46
960.00,2,2025-06-01 00:06:47
1392.00,4,2025-06-01 00:06:56
1456.00,3,2025-06-01 00:07:01
1984.00,2,2025-06-01 00:07:13
768.00,5,2025-06-01 00:07:15
1728.00,5,2025-06-01 00:07:18
2016.00,5,2025-06-01 00:07:36
1760.00,5,2025-06-01 00:07:40
1856.00,5,2025-06-01 00:07:51
1808.00,5,2025-06-01 00:07:54
1216.00,3,2025-06-01 00:07:57
768.00,1,2025-06-01 00:08:17
672.00,1,2025-06-01 00:08:18
1392.00,4,2025-06-01 00:08:24
320.00,4,2025-06-01 00:08:26
1920.00,5,2025-06-01 00:08:33
288.00,2,2025-06-01 00:08:41
1568.00,5,2025-06-01 00:08:43
1728.00,4,2025-06-01 00:08:47
1376.00,4,2025-06-01 00:08:49
1728.00,3,2025-06-01 00:09:00
960.00,3,2025-06-01 00:09:03
1696.00,3,2025-06-01 00:09:06
800.00,5,2025-06-01 00:09:21
1504.00,2,2025-06-01 00:09:29
1376.00,1,2025-06-01 00:09:31
576.00,4,2025-06-01 00:09:35
1200.00,3,2025-06-01 00:09:49
1920.00,1,2025-06-01 00:09:50
288.00,4,2025-06-01 00:10:19
608.00,1,2025-06-01 00:10:26
640.00,3,2025-06-01 00:10:33
1456.00,1,2025-06-01 00:10:36
224.00,3,2025-06-01 00:10:44
448.00,5,2025-06-01 00:10:55
1680.00,5,2025-06-01 00:11:00
1312.00,4,2025-06-01 00:11:04
896.00,2,2025-06-01 00:11:08
1584.00,4,2025-06-01 00:11:20
1568.00,3,2025-06-01 00:11:39
1216.00,4,2025-06-01 00:11:44
864.00,2,2025-06-01 00:11:45
288.00,3,2025-06-01 00:11:56
1024.00,1,2025-06-01 00:12:05
1056.00,4,2025-06-01 00:12:08
448.00,4,2025-06-01 00:12:28
1440.00,3,2025-06-01 00:12:41
576.00,4,2025-06-01 00:12:42
512.00,3,2025-06-01 00:12:53
1344.00,3,2025-06-01 00:13:17
320.00,2,2025-06-01 00:13:27
512.00,3,2025-06-01 00:13:55
288.00,2,2025-06-01 00:13:57
672.00,1,2025-06-01 00:14:27
384.00,5,2025-06-01 00:14:29
1120.00,1,2025-06-01 00:14:32
512.00,1,2025-06-01 00:14:41
576.00,1,2025-06-01 00:14:48
1696.00,3,2025-06-01 00:14:56
608.00,1,2025-06-01 00:14:59
768.00,5,2025-06-01 00:15:09
512.00,4,2025-06-01 00:15:22
864.00,4,2025-06-01 00:15:25
592.00,4,2025-06-01 00:15:27
320.00,5,2025-06-01 00:15:33
320.00,5,2025-06-01 00:15:36
2384.00,4,2025-06-01 00:15:54
864.00,5,2025-06-01 00:15:59
1440.00,5,2025-06-01 00:16:01
912.00,5,2025-06-01 00:16:12
864.00,4,2025-06-01 00:16:15
288.00,1,2025-06-01 00:16:28
576.00,5,2025-06-01 00:16:34
960.00,2,2025-06-01 00:16:37
1664.00,4,2025-06-01 00:16:55
864.00,1,2025-06-01 00:16:58
1856.00,3,2025-06-01 00:17:07
304.00,3,2025-06-01 00:17:13
1024.00,3,2025-06-01 00:17:17
1248.00,4,2025-06-01 00:17:36
1632.00,4,2025-06-01 00:17:45
2096.00,1,2025-06-01 00:17:51
496.00,1,2025-06-01 00:17:56
1248.00,3,2025-06-01 00:18:10
768.00,1,2025-06-01 00:18:25
1792.00,2,2025-06-01 00:18:27
864.00,1,2025-06-01 00:18:28
1184.00,3,2025-06-01 00:18:31
448.00,1,2025-06-01 00:18:36
576.00,3,2025-06-01 00:19:04
1984.00,5,2025-06-01 00:19:07
224.00,3,2025-06-01 00:19:17
1408.00,5,2025-06-01 00:19:19
384.00,1,2025-06-01 00:19:23
1824.00,2,2025-06-01 00:19:27
1024.00,4,2025-06-01 00:19:37
1120.00,5,2025-06-01 00:19:38
256.00,3,2025-06-01 00:19:41
896.00,1,2025-06-01 00:19:47
1824.00,2,2025-06-01 00:19:52
928.00,3,2025-06-01 00:19:53
288.00,2,2025-06-01 00:20:07
256.00,4,2025-06-01 00:20:55
944.00,3,2025-06-01 00:20:59
448.00,5,2025-06-01 00:21:03
1728.00,2,2025-06-01 00:21:20
192.00,3,2025-06-01 00:21:33
768.00,2,2025-06-01 00:21:36
2240.00,5,2025-06-01 00:21:52
768.00,2,2025-06-01 00:21:53
256.00,3,2025-06-01 00:21:55
832.00,5,2025-06-01 00:22:14
1472.00,5,2025-06-01 00:22:27
1248.00,2,2025-06-01 00:22:46
1104.00,5,2025-06-01 00:22:56
1136.00,1,2025-06-01 00:23:01
1184.00,1,2025-06-01 00:23:02
832.00,5,2025-06-01 00:23:06
1488.00,2,2025-06-01 00:23:14
1840.00,1,2025-06-01 00:23:25
1488.00,5,2025-06-01 00:23:26
1408.00,5,2025-06-01 00:23:41
1408.00,5,2025-06-01 00:23:54
768.00,2,2025-06-01 00:23:57
1824.00,2,2025-06-01 00:24:03
1024.00,4,2025-06-01 00:24:20
1072.00,3,2025-06-01 00:24:27
1088.00,3,2025-06-01 00:24:36
1664.00,3,2025-06-01 00:24:42
1504.00,4,2025-06-01 00:24:43
1808.00,2,2025-06-01 00:24:45
320.00,4,2025-06-01 00:24:50
768.00,5,2025-06-01 00:24:59
1600.00,1,2025-06-01 00:25:04
1392.00,5,2025-06-01 00:25:15
1376.00,5,2025-06-01 00:25:29
1024.00,4,2025-06-01 00:25:33
576.00,2,2025-06-01 00:25:42
576.00,1,2025-06-01 00:25:44
192.00,4,2025-06-01 00:25:53
1152.00,3,2025-06-01 00:25:58
976.00,2,2025-06-01 00:26:03
864.00,1,2025-06-01 00:26:05
672.00,5,2025-06-01 00:26:10
1504.00,4,2025-06-01 00:26:15
1072.00,1,2025-06-01 00:26:18
2368.00,2,2025-06-01 00:26:19
224.00,4,2025-06-01 00:26:20
576.00,5,2025-06-01 00:26:36
960.00,1,2025-06-01 00:26:51
512.00,5,2025-06-01 00:27:06
448.00,4,2025-06-01 00:27:19
1664.00,3,2025-06-01 00:27:31
736.00,4,2025-06-01 00:27:42
1152.00,3,2025-06-01 00:27:55
768.00,3,2025-06-01 00:27:57
912.00,1,2025-06-01 00:27:58
768.00,5,2025-06-01 00:28:02
1120.00,4,2025-06-01 00:28:23
576.00,2,2025-06-01 00:28:25
1216.00,3,2025-06-01 00:28:27
960.00,3,2025-06-01 00:28:36
1600.00,1,2025-06-01 00:28:42
1024.00,1,2025-06-01 00:28:59
1184.00,2,2025-06-01 00:29:04
1280.00,2,2025-06-01 00:29:06
896.00,2,2025-06-01 00:29:11
384.00,2,2025-06-01 00:29:15
512.00,2,2025-06-01 00:29:29
576.00,2,2025-06-01 00:29:38
2352.00,3,2025-06-01 00:29:39
1408.00,3,2025-06-01 00:29:50
1344.00,2,2025-06-01 00:29:55
1952.00,3,2025-06-01 00:30:02
224.00,5,2025-06-01 00:30:13
1056.00,2,2025-06-01 00:30:28
1920.00,2,2025-06-01 00:30:40
1552.00,5,2025-06-01 00:30:46
256.00,4,2025-06-01 00:31:10
544.00,3,2025-06-01 00:31:24
1440.00,1,2025-06-01 00:31:48
864.00,1,2025-06-01 00:31:49
288.00,5,2025-06-01 00:31:52
1216.00,3,2025-06-01 00:31:59
1056.00,3,2025-06-01 00:32:09
1536.00,5,2025-06-01 00:32:11
1696.00,5,2025-06-01 00:32:15
1568.00,5,2025-06-01 00:32:20
768.00,3,2025-06-01 00:32:23
1216.00,2,2025-06-01 00:32:26
384.00,1,2025-06-01 00:32:30
1504.00,4,2025-06-01 00:32:32
1024.00,1,2025-06-01 00:33:20
768.00,4,2025-06-01 00:33:24
608.00,4,2025-06-01 00:33:45
1152.00,3,2025-06-01 00:33:46
1312.00,3,2025-06-01 00:33:48
1056.00,2,2025-06-01 00:33:54
1056.00,5,2025-06-01 00:34:13
256.00,2,2025-06-01 00:34:16
2128.00,2,2025-06-01 00:34:18
736.00,3,2025-06-01 00:34:21
1536.00,1,2025-06-01 00:34:29
864.00,3,2025-06-01 00:34:36
1408.00,5,2025-06-01 00:34:39
320.00,3,2025-06-01 00:34:43
576.00,1,2025-06-01 00:34:44
1152.00,5,2025-06-01 00:34:53
304.00,3,2025-06-01 00:34:57
928.00,3,2025-06-01 00:35:04
832.00,5,2025-06-01 00:35:10
512.00,5,2025-06-01 00:35:29
864.00,2,2025-06-01 00:35:42
1296.00,4,2025-06-01 00:35:59
912.00,5,2025-06-01 00:36:03
304.00,5,2025-06-01 00:36:12
1600.00,1,2025-06-01 00:36:16
672.00,2,2025-06-01 00:36:18
1632.00,1,2025-06-01 00:36:28
1408.00,3,2025-06-01 00:36:44
1264.00,1,2025-06-01 00:36:57
1472.00,3,2025-06-01 00:37:06
2176.00,1,2025-06-01 00:37:11
1824.00,2,2025-06-01 00:37:14
864.00,1,2025-06-01 00:37:20
576.00,3,2025-06-01 00:37:37
192.00,4,2025-06-01 00:37:42
1440.00,2,2025-06-01 00:37:47
960.00,3,2025-06-01 00:38:16
1536.00,5,2025-06-01 00:38:32
768.00,5,2025-06-01 00:38:33
960.00,4,2025-06-01 00:38:48
1120.00,3,2025-06-01 00:38:54
1216.00,3,2025-06-01 00:38:57
672.00,2,2025-06-01 00:39:06
768.00,1,2025-06-01 00:39:19
224.00,4,2025-06-01 00:39:22
960.00,2,2025-06-01 00:39:24
672.00,2,2025-06-01 00:39:30
800.00,3,2025-06-01 00:39:41
864.00,5,2025-06-01 00:39:43
1184.00,3,2025-06-01 00:39:49
2336.00,5,2025-06-01 00:39:57
512.00,4,2025-06-01 00:40:16
864.00,5,2025-06-01 00:40:22
576.00,2,2025-06-01 00:40:35
1952.00,3,2025-06-01 00:40:38
576.00,3,2025-06-01 00:41:11
256.00,3,2025-06-01 00:41:12
512.00,5,2025-06-01 00:41:17
1472.00,1,2025-06-01 00:41:35
1472.00,5,2025-06-01 00:41:42
1184.00,5,2025-06-01 00:41:45
960.00,4,2025-06-01 00:41:46
896.00,1,2025-06-01 00:41:50
832.00,4,2025-06-01 00:42:40
1088.00,4,2025-06-01 00:42:46
1280.00,3,2025-06-01 00:42:48
192.00,1,2025-06-01 00:42:49
672.00,4,2025-06-01 00:42:53
2176.00,3,2025-06-01 00:42:55
256.00,1,2025-06-01 00:43:01
1088.00,3,2025-06-01 00:43:10
544.00,1,2025-06-01 00:43:23
1088.00,1,2025-06-01 00:43:41
448.00,4,2025-06-01 00:43:49
1280.00,2,2025-06-01 00:43:50
1312.00,4,2025-06-01 00:44:18
912.00,5,2025-06-01 00:44:21
672.00,4,2025-06-01 00:44:30
1920.00,1,2025-06-01 00:44:33
768.00,5,2025-06-01 00:44:37
912.00,2,2025-06-01 00:44:42
1120.00,1,2025-06-01 00:44:45
608.00,1,2025-06-01 00:44:52
2112.00,3,2025-06-01 00:44:53
1440.00,1,2025-06-01 00:45:15
1200.00,3,2025-06-01 00:45:21
912.00,2,2025-06-01 00:45:35
448.00,4,2025-06-01 00:45:47
1088.00,1,2025-06-01 00:46:01
384.00,3,2025-06-01 00:46:16
768.00,5,2025-06-01 00:46:20
1248.00,3,2025-06-01 00:46:26
960.00,2,2025-06-01 00:46:28
1648.00,5,2025-06-01 00:46:36
1536.00,5,2025-06-01 00:46:49
1248.00,4,2025-06-01 00:46:54
1088.00,4,2025-06-01 00:47:14
512.00,4,2025-06-01 00:47:15
1728.00,1,2025-06-01 00:47:20
576.00,2,2025-06-01 00:47:31
1824.00,4,2025-06-01 00:47:43
1088.00,1,2025-06-01 00:47:50
416.00,3,2025-06-01 00:47:54
1216.00,3,2025-06-01 00:47:58
912.00,3,2025-06-01 00:47:59
1488.00,4,2025-06-01 00:48:14
1520.00,5,2025-06-01 00:48:20
1536.00,2,2025-06-01 00:48:36
672.00,1,2025-06-01 00:48:38
224.00,1,2025-06-01 00:48:43
960.00,4,2025-06-01 00:48:47
1520.00,3,2025-06-01 00:48:55
2016.00,1,2025-06-01 00:48:58
2128.00,5,2025-06-01 00:49:00
512.00,3,2025-06-01 00:49:02
1424.00,3,2025-06-01 00:49:04
608.00,3,2025-06-01 00:49:14
1472.00,1,2025-06-01 00:49:16
1488.00,3,2025-06-01 00:49:19
800.00,5,2025-06-01 00:49:26
2080.00,1,2025-06-01 00:50:01
1024.00,4,2025-06-01 00:50:03
912.00,3,2025-06-01 00:50:20
1120.00,3,2025-06-01 00:50:59
304.00,4,2025-06-01 00:51:04
1184.00,1,2025-06-01 00:51:06
2544.00,3,2025-06-01 00:51:27
896.00,3,2025-06-01 00:51:29
1824.00,4,2025-06-01 00:51:30
1760.00,2,2025-06-01 00:51:34
304.00,2,2025-06-01 00:51:42
912.00,1,2025-06-01 00:51:50
1248.00,3,2025-06-01 00:51:57
1248.00,3,2025-06-01 00:51:58
960.00,1,2025-06-01 00:52:02
1680.00,3,2025-06-01 00:52:07
1728.00,5,2025-06-01 00:52:10
1920.00,4,2025-06-01 00:52:31
2016.00,5,2025-06-01 00:52:32
1344.00,4,2025-06-01 00:52:38
576.00,3,2025-06-01 00:52:40
2208.00,1,2025-06-01 00:52:53
1120.00,4,2025-06-01 00:53:14
192.00,5,2025-06-01 00:53:19
256.00,3,2025-06-01 00:53:22
864.00,1,2025-06-01 00:53:28
1600.00,1,2025-06-01 00:53:31
304.00,3,2025-06-01 00:53:33
576.00,1,2025-06-01 00:53:40
256.00,3,2025-06-01 00:53:47
864.00,3,2025-06-01 00:53:59
1280.00,5,2025-06-01 00:54:00
640.00,1,2025-06-01 00:54:28
672.00,4,2025-06-01 00:54:29
1824.00,4,2025-06-01 00:54:35
288.00,3,2025-06-01 00:54:42
1568.00,3,2025-06-01 00:54:45
864.00,4,2025-06-01 00:54:54
1152.00,3,2025-06-01 00:54:55
1696.00,5,2025-06-01 00:54:57
576.00,2,2025-06-01 00:55:08
320.00,3,2025-06-01 00:55:11
1056.00,1,2025-06-01 00:55:12
1552.00,3,2025-06-01 00:55:31
1552.00,1,2025-06-01 00:55:33
1120.00,4,2025-06-01 00:56:06
576.00,4,2025-06-01 00:56:09
672.00,3,2025-06-01 00:56:20
1216.00,2,2025-06-01 00:56:39
1472.00,1,2025-06-01 00:56:41
912.00,2,2025-06-01 00:56:50
672.00,4,2025-06-01 00:57:15
1088.00,4,2025-06-01 00:57:24
960.00,2,2025-06-01 00:57:36
1072.00,5,2025-06-01 00:57:46
1440.00,5,2025-06-01 00:57:47
576.00,1,2025-06-01 00:57:50
576.00,2,2025-06-01 00:58:09
1072.00,4,2025-06-01 00:58:22
768.00,3,2025-06-01 00:58:28
1152.00,4,2025-06-01 00:58:35
1632.00,4,2025-06-01 00:58:40
672.00,4,2025-06-01 00:58:50
736.00,1,2025-06-01 00:59:00
256.00,5,2025-06-01 00:59:02
1552.00,5,2025-06-01 00:59:21
1520.00,4,2025-06-01 00:59:33
912.00,3,2025-06-01 00:59:46
768.00,5,2025-06-01 00:59:47
1632.00,1,2025-06-01 01:00:00
1600.00,3,2025-06-01 01:00:02
1920.00,3,2025-06-01 01:00:13
1024.00,1,2025-06-01 01:00:15
960.00,5,2025-06-01 01:00:17
800.00,2,2025-06-01 01:00:19
768.00,2,2025-06-01 01:00:21
1184.00,3,2025-06-01 01:00:31
1536.00,5,2025-06-01 01:00:35
752.00,5,2025-06-01 01:00:39
768.00,5,2025-06-01 01:00:49
1472.00,5,2025-06-01 01:00:54
864.00,4,2025-06-01 01:00:55
896.00,1,2025-06-01 01:01:00
1344.00,4,2025-06-01 01:01:10
1040.00,4,2025-06-01 01:01:11
864.00,4,2025-06-01 01:01:13
576.00,2,2025-06-01 01:01:24
944.00,1,2025-06-01 01:01:36
976.00,3,2025-06-01 01:01:39
1344.00,3,2025-06-01 01:01:40
1152.00,2,2025-06-01 01:01:41
864.00,5,2025-06-01 01:01:42
1408.00,2,2025-06-01 01:01:50
384.00,3,2025-06-01 01:01:52
1024.00,2,2025-06-01 01:01:53
1024.00,2,2025-06-01 01:01:59
1776.00,5,2025-06-01 01:02:00
640.00,1,2025-06-01 01:02:02
928.00,4,2025-06-01 01:02:03
1504.00,5,2025-06-01 01:02:07
1664.00,3,2025-06-01 01:02:10
864.00,5,2025-06-01 01:02:18
864.00,1,2025-06-01 01:02:21
768.00,5,2025-06-01 01:02:22
1184.00,4,2025-06-01 01:02:25
1440.00,3,2025-06-01 01:02:27
1376.00,1,2025-06-01 01:02:31
1440.00,4,2025-06-01 01:02:32
1152.00,3,2025-06-01 01:02:34
320.00,3,2025-06-01 01:02:35
672.00,3,2025-06-01 01:02:36
1312.00,4,2025-06-01 01:02:38
448.00,1,2025-06-01 01:02:39
1216.00,5,2025-06-01 01:02:40
2192.00,4,2025-06-01 01:02:50
1376.00,4,2025-06-01 01:02:51
864.00,3,2025-06-01 01:02:55
848.00,1,2025-06-01 01:03:06
528.00,2,2025-06-01 01:03:13
704.00,2,2025-06-01 01:03:15
960.00,3,2025-06-01 01:03:21
672.00,1,2025-06-01 01:03:22
512.00,5,2025-06-01 01:03:24
928.00,3,2025-06-01 01:03:28
288.00,1,2025-06-01 01:03:29
1168.00,4,2025-06-01 01:03:32
512.00,1,2025-06-01 01:03:36
912.00,3,2025-06-01 01:03:39
832.00,2,2025-06-01 01:03:40
608.00,3,2025-06-01 01:03:43
1632.00,2,2025-06-01 01:03:46
1504.00,3,2025-06-01 01:03:50
1248.00,1,2025-06-01 01:03:51
1680.00,5,2025-06-01 01:03:56
1376.00,3,2025-06-01 01:04:01
512.00,2,2025-06-01 01:04:09
288.00,2,2025-06-01 01:04:16
608.00,5,2025-06-01 01:04:18
496.00,4,2025-06-01 01:04:20
512.00,4,2025-06-01 01:04:23
1376.00,3,2025-06-01 01:04:26
1360.00,1,2025-06-01 01:04:34
256.00,4,2025-06-01 01:04:40
288.00,1,2025-06-01 01:04:43
384.00,2,2025-06-01 01:04:44
1904.00,2,2025-06-01 01:04:53
1184.00,5,2025-06-01 01:04:56
1408.00,2,2025-06-01 01:05:03
256.00,4,2025-06-01 01:05:06
960.00,5,2025-06-01 01:05:12
1568.00,1,2025-06-01 01:05:18
768.00,3,2025-06-01 01:05:20
1728.00,3,2025-06-01 01:05:21
816.00,1,2025-06-01 01:05:23
768.00,2,2025-06-01 01:05:24
1280.00,1,2025-06-01 01:05:27
800.00,1,2025-06-01 01:05:28
576.00,5,2025-06-01 01:05:29
800.00,5,2025-06-01 01:05:35
1088.00,4,2025-06-01 01:05:45
864.00,1,2025-06-01 01:05:49
1312.00,4,2025-06-01 01:05:50
752.00,3,2025-06-01 01:05:51
992.00,2,2025-06-01 01:05:52
1632.00,2,2025-06-01 01:05:55
576.00,3,2025-06-01 01:05:59
224.00,3,2025-06-01 01:06:02
2048.00,4,2025-06-01 01:06:03
496.00,1,2025-06-01 01:06:05
960.00,2,2025-06-01 01:06:06
1728.00,1,2025-06-01 01:06:09
1536.00,2,2025-06-01 01:06:13
1728.00,2,2025-06-01 01:06:14
448.00,2,2025-06-01 01:06:20
1760.00,1,2025-06-01 01:06:22
2304.00,2,2025-06-01 01:06:29
608.00,1,2025-06-01 01:06:32
288.00,4,2025-06-01 01:06:34
512.00,4,2025-06-01 01:06:35
1504.00,5,2025-06-01 01:06:36
2000.00,5,2025-06-01 01:06:37
1344.00,4,2025-06-01 01:06:42
1168.00,5,2025-06-01 01:06:44
1728.00,2,2025-06-01 01:06:45
2304.00,2,2025-06-01 01:06:51
960.00,5,2025-06-01 01:06:55
608.00,1,2025-06-01 01:06:56
1408.00,1,2025-06-01 01:06:57
1632.00,5,2025-06-01 01:07:08
256.00,5,2025-06-01 01:07:15
304.00,1,2025-06-01 01:07:34
1808.00,1,2025-06-01 01:07:38
768.00,2,2025-06-01 01:07:39
1056.00,1,2025-06-01 01:07:42
1792.00,3,2025-06-01 01:07:44
576.00,4,2025-06-01 01:07:48
320.00,4,2025-06-01 01:07:52
1344.00,2,2025-06-01 01:07:55
2048.00,3,2025-06-01 01:07:59
576.00,5,2025-06-01 01:08:18
1568.00,2,2025-06-01 01:08:22
1440.00,4,2025-06-01 01:08:23
1856.00,2,2025-06-01 01:08:24
608.00,2,2025-06-01 01:08:30
1440.00,3,2025-06-01 01:08:31
1488.00,4,2025-06-01 01:08:32
288.00,4,2025-06-01 01:08:35
1152.00,3,2025-06-01 01:08:39
384.00,2,2025-06-01 01:08:41
1536.00,5,2025-06-01 01:08:42
1376.00,2,2025-06-01 01:08:44
576.00,3,2025-06-01 01:08:45
576.00,4,2025-06-01 01:08:49
1536.00,5,2025-06-01 01:08:52
1952.00,5,2025-06-01 01:08:55
1632.00,4,2025-06-01 01:09:08
304.00,5,2025-06-01 01:09:10
1248.00,3,2025-06-01 01:09:11
928.00,4,2025-06-01 01:09:14
640.00,4,2025-06-01 01:09:28
864.00,5,2025-06-01 01:09:29
864.00,2,2025-06-01 01:09:41
1184.00,3,2025-06-01 01:09:45
1216.00,3,2025-06-01 01:09:53
1376.00,4,2025-06-01 01:09:58
1584.00,4,2025-06-01 01:10:00
1600.00,5,2025-06-01 01:10:01
576.00,2,2025-06-01 01:10:05
1568.00,2,2025-06-01 01:10:10
1248.00,4,2025-06-01 01:10:11
384.00,2,2025-06-01 01:10:12
1360.00,3,2025-06-01 01:10:13
704.00,5,2025-06-01 01:10:20
608.00,3,2025-06-01 01:10:30
1696.00,2,2025-06-01 01:10:37
608.00,1,2025-06-01 01:10:42
1056.00,1,2025-06-01 01:10:44
928.00,1,2025-06-01 01:10:48
688.00,2,2025-06-01 01:10:49
2096.00,2,2025-06-01 01:10:50
1600.00,2,2025-06-01 01:10:55
1568.00,4,2025-06-01 01:10:56
288.00,5,2025-06-01 01:10:59
960.00,2,2025-06-01 01:11:04
672.00,5,2025-06-01 01:11:06
832.00,4,2025-06-01 01:11:07
2336.00,5,2025-06-01 01:11:11
2208.00,1,2025-06-01 01:11:18
256.00,5,2025-06-01 01:11:19
1120.00,3,2025-06-01 01:11:27
672.00,5,2025-06-01 01:11:31
1472.00,1,2025-06-01 01:11:32
768.00,1,2025-06-01 01:11:35
640.00,1,2025-06-01 01:11:40
288.00,3,2025-06-01 01:11:46
320.00,2,2025-06-01 01:11:50
768.00,2,2025-06-01 01:11:52
1536.00,5,2025-06-01 01:11:54
1152.00,3,2025-06-01 01:11:55
1152.00,3,2025-06-01 01:11:56
1152.00,2,2025-06-01 01:11:57
608.00,1,2025-06-01 01:12:02
864.00,1,2025-06-01 01:12:03
1184.00,5,2025-06-01 01:12:04
1488.00,3,2025-06-01 01:12:05
1488.00,5,2025-06-01 01:12:10
256.00,4,2025-06-01 01:12:32
608.00,2,2025-06-01 01:12:35
1536.00,5,2025-06-01 01:12:37
832.00,1,2025-06-01 01:12:38
1712.00,5,2025-06-01 01:12:43
1248.00,5,2025-06-01 01:12:46
1184.00,1,2025-06-01 01:12:51
1408.00,4,2025-06-01 01:12:52
1312.00,2,2025-06-01 01:12:53
864.00,5,2025-06-01 01:12:54
512.00,1,2025-06-01 01:13:02
1584.00,2,2025-06-01 01:13:03
1776.00,2,2025-06-01 01:13:14
2192.00,1,2025-06-01 01:13:20
496.00,2,2025-06-01 01:13:26
1504.00,1,2025-06-01 01:13:28
1504.00,2,2025-06-01 01:13:33
1152.00,4,2025-06-01 01:13:37
1824.00,5,2025-06-01 01:13:38
912.00,1,2025-06-01 01:13:41
960.00,2,2025-06-01 01:13:42
1312.00,4,2025-06-01 01:14:00
1440.00,1,2025-06-01 01:14:03
1120.00,4,2025-06-01 01:14:06
1472.00,5,2025-06-01 01:14:09
1312.00,5,2025-06-01 01:14:13
1216.00,4,2025-06-01 01:14:17
1920.00,5,2025-06-01 01:14:18
512.00,2,2025-06-01 01:14:26
2016.00,3,2025-06-01 01:14:34
1568.00,5,2025-06-01 01:14:37
912.00,2,2025-06-01 01:14:39
384.00,5,2025-06-01 01:14:40
864.00,1,2025-06-01 01:14:41
1120.00,2,2025-06-01 01:14:45
288.00,3,2025-06-01 01:14:48
2208.00,5,2025-06-01 01:15:01
1184.00,5,2025-06-01 01:15:02
1312.00,2,2025-06-01 01:15:06
896.00,3,2025-06-01 01:15:10
1072.00,2,2025-06-01 01:15:14
992.00,4,2025-06-01 01:15:17
864.00,5,2025-06-01 01:15:22
1840.00,3,2025-06-01 01:15:25
960.00,3,2025-06-01 01:15:28
1680.00,3,2025-06-01 01:15:30
256.00,3,2025-06-01 01:15:32
288.00,5,2025-06-01 01:15:35
1264.00,2,2025-06-01 01:15:38
960.00,1,2025-06-01 01:15:47
608.00,2,2025-06-01 01:15:48
1216.00,2,2025-06-01 01:16:03
1792.00,1,2025-06-01 01:16:07
576.00,4,2025-06-01 01:16:10
1536.00,3,2025-06-01 01:16:11
576.00,5,2025-06-01 01:16:15
320.00,5,2025-06-01 01:16:16
576.00,1,2025-06-01 01:16:19
576.00,4,2025-06-01 01:16:20
320.00,3,2025-06-01 01:16:23
448.00,2,2025-06-01 01:16:24
1264.00,2,2025-06-01 01:16:34
1648.00,4,2025-06-01 01:16:35
1456.00,5,2025-06-01 01:16:43
1264.00,4,2025-06-01 01:16:44
864.00,4,2025-06-01 01:16:47
640.00,3,2025-06-01 01:16:50
1216.00,4,2025-06-01 01:16:51
848.00,2,2025-06-01 01:16:54
960.00,2,2025-06-01 01:17:02
224.00,4,2025-06-01 01:17:03
576.00,2,2025-06-01 01:17:14
448.00,4,2025-06-01 01:17:15
1616.00,5,2025-06-01 01:17:17
1792.00,1,2025-06-01 01:17:27
576.00,3,2025-06-01 01:17:30
1776.00,2,2025-06-01 01:17:32
1536.00,3,2025-06-01 01:17:42
1120.00,5,2025-06-01 01:17:43
608.00,4,2025-06-01 01:17:53
448.00,2,2025-06-01 01:17:56
320.00,3,2025-06-01 01:18:08
1952.00,5,2025-06-01 01:18:09
1120.00,2,2025-06-01 01:18:11
1696.00,1,2025-06-01 01:18:17
944.00,2,2025-06-01 01:18:23
768.00,4,2025-06-01 01:18:24
928.00,5,2025-06-01 01:18:26
1408.00,3,2025-06-01 01:18:36
992.00,3,2025-06-01 01:18:40
1792.00,1,2025-06-01 01:18:45
608.00,5,2025-06-01 01:18:47
304.00,4,2025-06-01 01:18:48
1440.00,3,2025-06-01 01:18:49
960.00,1,2025-06-01 01:18:56
1184.00,2,2025-06-01 01:19:01
288.00,2,2025-06-01 01:19:04
864.00,3,2025-06-01 01:19:05
1024.00,2,2025-06-01 01:19:07
1248.00,3,2025-06-01 01:19:08
448.00,1,2025-06-01 01:19:09
1520.00,4,2025-06-01 01:19:10
864.00,3,2025-06-01 01:19:16
1920.00,3,2025-06-01 01:19:18
1344.00,1,2025-06-01 01:19:19
1280.00,2,2025-06-01 01:19:20
1152.00,4,2025-06-01 01:19:21
512.00,2,2025-06-01 01:19:23
1600.00,1,2025-06-01 01:19:26
1456.00,2,2025-06-01 01:19:31
976.00,1,2025-06-01 01:19:32
1728.00,4,2025-06-01 01:19:36
640.00,1,2025-06-01 01:19:42
576.00,4,2025-06-01 01:19:45
1600.00,1,2025-06-01 01:19:49
1088.00,5,2025-06-01 01:19:51
512.00,2,2025-06-01 01:19:56
224.00,5,2025-06-01 01:20:01
320.00,4,2025-06-01 01:20:07
1760.00,4,2025-06-01 01:20:11
480.00,1,2025-06-01 01:20:17
960.00,4,2025-06-01 01:20:18
1088.00,5,2025-06-01 01:20:20
1408.00,2,2025-06-01 01:20:22
928.00,5,2025-06-01 01:20:28
768.00,5,2025-06-01 01:20:30
384.00,1,2025-06-01 01:20:37
800.00,5,2025-06-01 01:20:38
576.00,2,2025-06-01 01:20:42
896.00,3,2025-06-01 01:20:47
256.00,5,2025-06-01 01:20:49
912.00,1,2025-06-01 01:20:50
912.00,1,2025-06-01 01:20:51
1728.00,2,2025-06-01 01:20:53
576.00,2,2025-06-01 01:20:54
224.00,5,2025-06-01 01:20:58
512.00,5,2025-06-01 01:20:59
864.00,5,2025-06-01 01:21:02
1120.00,3,2025-06-01 01:21:05
768.00,3,2025-06-01 01:21:14
2272.00,4,2025-06-01 01:21:22
896.00,5,2025-06-01 01:21:35
1664.00,1,2025-06-01 01:21:36
512.00,2,2025-06-01 01:21:40
864.00,2,2025-06-01 01:21:42
1120.00,2,2025-06-01 01:21:45
864.00,4,2025-06-01 01:21:49
1216.00,3,2025-06-01 01:21:50
1216.00,3,2025-06-01 01:21:51
2128.00,4,2025-06-01 01:21:52
640.00,4,2025-06-01 01:21:53
1472.00,2,2025-06-01 01:21:57
1824.00,3,2025-06-01 01:22:08
480.00,4,2025-06-01 01:22:14
1184.00,2,2025-06-01 01:22:16
288.00,2,2025-06-01 01:22:22
1216.00,2,2025-06-01 01:22:38
512.00,5,2025-06-01 01:22:40
2400.00,2,2025-06-01 01:22:47
256.00,4,2025-06-01 01:22:51
304.00,4,2025-06-01 01:22:52
832.00,3,2025-06-01 01:23:01
2464.00,3,2025-06-01 01:23:07
768.00,3,2025-06-01 01:23:09
1152.00,1,2025-06-01 01:23:10
256.00,3,2025-06-01 01:23:11
768.00,3,2025-06-01 01:23:12
912.00,2,2025-06-01 01:23:13
800.00,4,2025-06-01 01:23:15
1488.00,2,2025-06-01 01:23:21
1888.00,5,2025-06-01 01:23:25
512.00,1,2025-06-01 01:23:30
768.00,5,2025-06-01 01:23:36
1088.00,3,2025-06-01 01:23:39
768.00,2,2025-06-01 01:23:41
1184.00,2,2025-06-01 01:23:42
960.00,3,2025-06-01 01:23:50
1648.00,3,2025-06-01 01:23:53
1840.00,3,2025-06-01 01:23:58
1568.00,4,2025-06-01 01:23:59
640.00,3,2025-06-01 01:24:08
1696.00,3,2025-06-01 01:24:12
800.00,5,2025-06-01 01:24:13
2032.00,2,2025-06-01 01:24:14
288.00,1,2025-06-01 01:24:16
1504.00,1,2025-06-01 01:24:18
1440.00,1,2025-06-01 01:24:27
1504.00,5,2025-06-01 01:24:31
1632.00,2,2025-06-01 01:24:39
1952.00,5,2025-06-01 01:24:42
288.00,4,2025-06-01 01:24:48
1344.00,3,2025-06-01 01:24:49
736.00,1,2025-06-01 01:24:53
1024.00,1,2025-06-01 01:24:54
640.00,1,2025-06-01 01:24:57
1792.00,2,2025-06-01 01:25:03
576.00,3,2025-06-01 01:25:09
1376.00,3,2025-06-01 01:25:12
576.00,4,2025-06-01 01:25:19
1504.00,4,2025-06-01 01:25:20
288.00,2,2025-06-01 01:25:21
912.00,5,2025-06-01 01:25:23
1344.00,1,2025-06-01 01:25:25
864.00,4,2025-06-01 01:25:26
1152.00,3,2025-06-01 01:25:29
1824.00,2,2025-06-01 01:25:37
1328.00,4,2025-06-01 01:25:39
2112.00,4,2025-06-01 01:25:43
256.00,3,2025-06-01 01:25:51
1440.00,3,2025-06-01 01:25:52
288.00,2,2025-06-01 01:25:53
256.00,2,2025-06-01 01:26:08
1392.00,5,2025-06-01 01:26:12
256.00,4,2025-06-01 01:26:13
1152.00,4,2025-06-01 01:26:17
576.00,1,2025-06-01 01:26:21
608.00,3,2025-06-01 01:26:22
1408.00,2,2025-06-01 01:26:23
768.00,5,2025-06-01 01:26:26
960.00,1,2025-06-01 01:26:32
2400.00,2,2025-06-01 01:26:33
640.00,5,2025-06-01 01:26:34
2000.00,4,2025-06-01 01:26:36
1824.00,2,2025-06-01 01:26:39
2016.00,1,2025-06-01 01:26:45
640.00,5,2025-06-01 01:26:58
960.00,5,2025-06-01 01:26:59
1824.00,1,2025-06-01 01:27:02
304.00,3,2025-06-01 01:27:07
1216.00,3,2025-06-01 01:27:09
800.00,5,2025-06-01 01:27:11
288.00,4,2025-06-01 01:27:14
768.00,4,2025-06-01 01:27:24
1120.00,2,2025-06-01 01:27:25
1648.00,5,2025-06-01 01:27:27
1696.00,4,2025-06-01 01:27:32
1600.00,2,2025-06-01 01:27:36
1024.00,4,2025-06-01 01:27:42
2368.00,4,2025-06-01 01:27:43
384.00,2,2025-06-01 01:27:49
1024.00,5,2025-06-01 01:27:51
912.00,1,2025-06-01 01:27:52
288.00,3,2025-06-01 01:27:54
768.00,3,2025-06-01 01:27:58
960.00,2,2025-06-01 01:28:04
896.00,1,2025-06-01 01:28:20
1248.00,5,2025-06-01 01:28:24
448.00,2,2025-06-01 01:28:26
960.00,4,2025-06-01 01:28:27
576.00,4,2025-06-01 01:28:29
768.00,2,2025-06-01 01:28:37
960.00,4,2025-06-01 01:28:38
1152.00,3,2025-06-01 01:28:41
640.00,2,2025-06-01 01:28:44
640.00,5,2025-06-01 01:28:51
1856.00,4,2025-06-01 01:29:05
1376.00,1,2025-06-01 01:29:16
304.00,4,2025-06-01 01:29:17
512.00,4,2025-06-01 01:29:19
224.00,5,2025-06-01 01:29:22
384.00,1,2025-06-01 01:29:32
1920.00,4,2025-06-01 01:29:37
288.00,3,2025-06-01 01:29:41
768.00,5,2025-06-01 01:29:57
1280.00,1,2025-06-01 01:29:58
1920.00,2,2025-06-01 01:30:13
384.00,1,2025-06-01 01:30:17
320.00,2,2025-06-01 01:30:24
1088.00,3,2025-06-01 01:30:29
1568.00,1,2025-06-01 01:30:33
2432.00,4,2025-06-01 01:30:34
864.00,3,2025-06-01 01:30:35
960.00,5,2025-06-01 01:30:36
1856.00,1,2025-06-01 01:30:38
2112.00,2,2025-06-01 01:30:40
976.00,5,2025-06-01 01:30:45
1536.00,2,2025-06-01 01:30:52
480.00,1,2025-06-01 01:30:54
1264.00,1,2025-06-01 01:31:03
816.00,4,2025-06-01 01:31:04
1824.00,3,2025-06-01 01:31:08
224.00,4,2025-06-01 01:31:10
304.00,4,2025-06-01 01:31:11
512.00,2,2025-06-01 01:31:14
1744.00,3,2025-06-01 01:31:16
864.00,1,2025-06-01 01:31:28
1472.00,1,2025-06-01 01:31:30
2080.00,1,2025-06-01 01:31:31
1728.00,1,2025-06-01 01:31:34
576.00,4,2025-06-01 01:31:38
2144.00,5,2025-06-01 01:31:40
1728.00,4,2025-06-01 01:31:42
1248.00,2,2025-06-01 01:31:48
1120.00,5,2025-06-01 01:31:49
256.00,2,2025-06-01 01:31:50
1504.00,2,2025-06-01 01:31:53
672.00,4,2025-06-01 01:32:00
1488.00,3,2025-06-01 01:32:05
512.00,2,2025-06-01 01:32:13
192.00,4,2025-06-01 01:32:18
1024.00,4,2025-06-01 01:32:21
288.00,4,2025-06-01 01:32:28
592.00,2,2025-06-01 01:32:30
1120.00,1,2025-06-01 01:32:32
320.00,1,2025-06-01 01:32:38
1600.00,2,2025-06-01 01:32:39
864.00,5,2025-06-01 01:32:41
384.00,3,2025-06-01 01:32:46
992.00,1,2025-06-01 01:32:49
1088.00,2,2025-06-01 01:32:51
1776.00,3,2025-06-01 01:32:56
992.00,5,2025-06-01 01:32:57
192.00,5,2025-06-01 01:32:59
1824.00,1,2025-06-01 01:33:11
912.00,3,2025-06-01 01:33:14
768.00,1,2025-06-01 01:33:25
640.00,2,2025-06-01 01:33:28
1088.00,3,2025-06-01 01:33:38
576.00,3,2025-06-01 01:33:44
1312.00,3,2025-06-01 01:33:48
1728.00,3,2025-06-01 01:33:52
1056.00,2,2025-06-01 01:33:57
192.00,2,2025-06-01 01:34:00
1600.00,1,2025-06-01 01:34:08
736.00,4,2025-06-01 01:34:13
288.00,2,2025-06-01 01:34:16
384.00,2,2025-06-01 01:34:17
832.00,2,2025-06-01 01:34:18
320.00,4,2025-06-01 01:34:23
1680.00,5,2025-06-01 01:34:24
1120.00,4,2025-06-01 01:34:28
288.00,5,2025-06-01 01:34:29
1632.00,1,2025-06-01 01:34:35
560.00,5,2025-06-01 01:34:44
256.00,2,2025-06-01 01:34:50
1552.00,5,2025-06-01 01:34:52
1408.00,2,2025-06-01 01:34:57
1568.00,4,2025-06-01 01:34:58
768.00,5,2025-06-01 01:35:00
928.00,2,2025-06-01 01:35:04
1808.00,3,2025-06-01 01:35:07
960.00,5,2025-06-01 01:35:13
1296.00,2,2025-06-01 01:35:16
2192.00,3,2025-06-01 01:35:26
1664.00,4,2025-06-01 01:35:27
1680.00,5,2025-06-01 01:35:35
544.00,3,2025-06-01 01:35:42
672.00,3,2025-06-01 01:35:54
1376.00,4,2025-06-01 01:36:00
1824.00,1,2025-06-01 01:36:01
1024.00,1,2025-06-01 01:36:07
1216.00,1,2025-06-01 01:36:10
512.00,3,2025-06-01 01:36:21
384.00,5,2025-06-01 01:36:24
864.00,1,2025-06-01 01:36:26
1024.00,1,2025-06-01 01:36:29
2592.00,2,2025-06-01 01:36:31
2112.00,5,2025-06-01 01:36:33
800.00,4,2025-06-01 01:36:37
1072.00,2,2025-06-01 01:36:39
1184.00,3,2025-06-01 01:36:47
1488.00,3,2025-06-01 01:36:48
864.00,4,2025-06-01 01:36:50
512.00,1,2025-06-01 01:36:54
1472.00,4,2025-06-01 01:37:01
1184.00,5,2025-06-01 01:37:03
608.00,5,2025-06-01 01:37:05
576.00,2,2025-06-01 01:37:06
256.00,1,2025-06-01 01:37:07
768.00,2,2025-06-01 01:37:19
1408.00,2,2025-06-01 01:37:21
1536.00,3,2025-06-01 01:37:22
896.00,4,2025-06-01 01:37:29
1648.00,2,2025-06-01 01:37:32
2112.00,5,2025-06-01 01:37:34
448.00,2,2025-06-01 01:37:37
288.00,4,2025-06-01 01:37:40
912.00,4,2025-06-01 01:37:50
576.00,2,2025-06-01 01:37:54
384.00,1,2025-06-01 01:38:01
1200.00,4,2025-06-01 01:38:02
912.00,2,2025-06-01 01:38:10
1680.00,5,2025-06-01 01:38:17
512.00,4,2025-06-01 01:38:33
1888.00,5,2025-06-01 01:38:34
1472.00,4,2025-06-01 01:38:37
528.00,3,2025-06-01 01:38:38
576.00,1,2025-06-01 01:38:51
1344.00,3,2025-06-01 01:38:54
864.00,4,2025-06-01 01:38:55
576.00,1,2025-06-01 01:38:59
304.00,4,2025-06-01 01:39:00
1248.00,2,2025-06-01 01:39:03
1632.00,2,2025-06-01 01:39:04
960.00,5,2025-06-01 01:39:10
1744.00,5,2025-06-01 01:39:12
1344.00,2,2025-06-01 01:39:16
256.00,5,2025-06-01 01:39:17
768.00,2,2025-06-01 01:39:21
1440.00,4,2025-06-01 01:39:23
448.00,2,2025-06-01 01:39:40
864.00,5,2025-06-01 01:39:44
1216.00,5,2025-06-01 01:39:48
1952.00,4,2025-06-01 01:39:55
1360.00,2,2025-06-01 01:39:56
1856.00,3,2025-06-01 01:39:59
912.00,4,2025-06-01 01:40:05
528.00,1,2025-06-01 01:40:19
448.00,1,2025-06-01 01:40:27
512.00,2,2025-06-01 01:40:31
1984.00,2,2025-06-01 01:40:45
192.00,1,2025-06-01 01:40:47
1984.00,2,2025-06-01 01:40:55
1472.00,1,2025-06-01 01:40:56
1344.00,1,2025-06-01 01:40:57
1488.00,3,2025-06-01 01:41:08
640.00,2,2025-06-01 01:41:12
1680.00,4,2025-06-01 01:41:13
960.00,3,2025-06-01 01:41:19
976.00,5,2025-06-01 01:41:26
1504.00,3,2025-06-01 01:41:38
288.00,4,2025-06-01 01:41:47
1632.00,5,2025-06-01 01:41:48
1408.00,1,2025-06-01 01:41:52
1680.00,4,2025-06-01 01:41:54
1200.00,2,2025-06-01 01:42:01
2096.00,3,2025-06-01 01:42:03
1632.00,1,2025-06-01 01:42:05
608.00,5,2025-06-01 01:42:06
1504.00,3,2025-06-01 01:42:10
2080.00,2,2025-06-01 01:42:11
1600.00,4,2025-06-01 01:42:16
1216.00,1,2025-06-01 01:42:17
448.00,4,2025-06-01 01:42:24
1152.00,2,2025-06-01 01:42:25
2112.00,5,2025-06-01 01:42:26
1952.00,4,2025-06-01 01:42:33
1408.00,4,2025-06-01 01:42:35
512.00,1,2025-06-01 01:42:45
1536.00,2,2025-06-01 01:42:46
1872.00,1,2025-06-01 01:42:52
992.00,4,2025-06-01 01:42:53
960.00,5,2025-06-01 01:42:55
576.00,1,2025-06-01 01:42:58
512.00,4,2025-06-01 01:43:18
1440.00,1,2025-06-01 01:43:23
1216.00,1,2025-06-01 01:43:24
960.00,4,2025-06-01 01:43:30
576.00,5,2025-06-01 01:43:31
1856.00,3,2025-06-01 01:43:40
1920.00,3,2025-06-01 01:43:41
320.00,5,2025-06-01 01:43:47
960.00,2,2025-06-01 01:44:04
1408.00,1,2025-06-01 01:44:09
512.00,4,2025-06-01 01:44:11
576.00,1,2025-06-01 01:44:13
1120.00,1,2025-06-01 01:44:15
1056.00,4,2025-06-01 01:44:17
2000.00,2,2025-06-01 01:44:20
1488.00,5,2025-06-01 01:44:27
1312.00,2,2025-06-01 01:44:28
1056.00,1,2025-06-01 01:44:30
896.00,1,2025-06-01 01:44:36
1472.00,3,2025-06-01 01:44:38
288.00,4,2025-06-01 01:44:41
512.00,2,2025-06-01 01:44:43
320.00,3,2025-06-01 01:44:48
2016.00,3,2025-06-01 01:44:53
640.00,3,2025-06-01 01:45:13
1248.00,2,2025-06-01 01:45:30
1792.00,2,2025-06-01 01:45:31
1488.00,5,2025-06-01 01:45:36
288.00,5,2025-06-01 01:45:38
1472.00,2,2025-06-01 01:45:44
768.00,5,2025-06-01 01:45:45
1056.00,5,2025-06-01 01:45:53
1504.00,4,2025-06-01 01:45:54
1152.00,5,2025-06-01 01:45:59
512.00,4,2025-06-01 01:46:09
1872.00,2,2025-06-01 01:46:14
1536.00,4,2025-06-01 01:46:19
1728.00,2,2025-06-01 01:46:23
1632.00,2,2025-06-01 01:46:28
1440.00,5,2025-06-01 01:46:34
2112.00,5,2025-06-01 01:46:42
768.00,1,2025-06-01 01:46:43
320.00,2,2025-06-01 01:46:45
304.00,4,2025-06-01 01:46:46
704.00,1,2025-06-01 01:46:53
2016.00,1,2025-06-01 01:47:00
1440.00,2,2025-06-01 01:47:01
608.00,3,2025-06-01 01:47:04
864.00,1,2025-06-01 01:47:14
2112.00,3,2025-06-01 01:47:17
192.00,2,2025-06-01 01:47:19
736.00,1,2025-06-01 01:47:22
1472.00,1,2025-06-01 01:47:36
1536.00,1,2025-06-01 01:47:43
576.00,3,2025-06-01 01:47:49
448.00,3,2025-06-01 01:47:55
960.00,1,2025-06-01 01:47:56
576.00,1,2025-06-01 01:47:59
768.00,1,2025-06-01 01:48:05
1088.00,3,2025-06-01 01:48:07
1760.00,5,2025-06-01 01:48:10
640.00,4,2025-06-01 01:48:12
1856.00,2,2025-06-01 01:48:24
2784.00,3,2025-06-01 01:48:25
256.00,2,2025-06-01 01:48:30
1216.00,3,2025-06-01 01:48:32
224.00,1,2025-06-01 01:48:34
496.00,1,2025-06-01 01:48:35
960.00,3,2025-06-01 01:48:38
1120.00,4,2025-06-01 01:48:47
1280.00,1,2025-06-01 01:48:54
1536.00,2,2025-06-01 01:48:56
1296.00,4,2025-06-01 01:49:00
1040.00,5,2025-06-01 01:49:01
768.00,1,2025-06-01 01:49:02
1024.00,5,2025-06-01 01:49:05
1056.00,1,2025-06-01 01:49:11
512.00,5,2025-06-01 01:49:12
576.00,5,2025-06-01 01:49:18
608.00,4,2025-06-01 01:49:21
512.00,1,2025-06-01 01:49:22
224.00,3,2025-06-01 01:49:25
512.00,3,2025-06-01 01:49:32
1920.00,3,2025-06-01 01:49:36
1376.00,3,2025-06-01 01:49:42
1984.00,4,2025-06-01 01:49:44
192.00,4,2025-06-01 01:49:48
2304.00,3,2025-06-01 01:49:52
640.00,3,2025-06-01 01:49:57
1312.00,1,2025-06-01 01:49:58
448.00,2,2025-06-01 01:50:01
960.00,3,2025-06-01 01:50:02
1504.00,1,2025-06-01 01:50:09
2112.00,5,2025-06-01 01:50:10
768.00,3,2025-06-01 01:50:14
304.00,3,2025-06-01 01:50:15
1488.00,5,2025-06-01 01:50:17
576.00,1,2025-06-01 01:50:31
752.00,2,2025-06-01 01:50:36
384.00,1,2025-06-01 01:50:38
2496.00,2,2025-06-01 01:50:41
2016.00,1,2025-06-01 01:50:45
864.00,4,2025-06-01 01:50:54
1552.00,4,2025-06-01 01:50:55
576.00,3,2025-06-01 01:50:57
1760.00,5,2025-06-01 01:51:07
448.00,1,2025-06-01 01:51:08
1376.00,3,2025-06-01 01:51:11
1664.00,1,2025-06-01 01:51:12
1376.00,3,2025-06-01 01:51:16
1920.00,4,2025-06-01 01:51:18
2016.00,2,2025-06-01 01:51:19
256.00,5,2025-06-01 01:51:22
864.00,5,2025-06-01 01:51:23
1472.00,1,2025-06-01 01:51:26
320.00,5,2025-06-01 01:51:27
1728.00,5,2025-06-01 01:51:38
1776.00,3,2025-06-01 01:51:39
912.00,1,2025-06-01 01:51:40
608.00,3,2025-06-01 01:51:41
768.00,5,2025-06-01 01:51:42
256.00,3,2025-06-01 01:51:43
912.00,3,2025-06-01 01:51:46
912.00,2,2025-06-01 01:51:47
912.00,3,2025-06-01 01:51:52
2496.00,2,2025-06-01 01:51:56
576.00,2,2025-06-01 01:51:57
1472.00,5,2025-06-01 01:52:00
960.00,4,2025-06-01 01:52:07
928.00,4,2025-06-01 01:52:12
1808.00,5,2025-06-01 01:52:15
576.00,2,2025-06-01 01:52:22
672.00,2,2025-06-01 01:52:34
960.00,1,2025-06-01 01:52:43
1024.00,4,2025-06-01 01:52:45
1088.00,3,2025-06-01 01:52:50
1408.00,1,2025-06-01 01:52:52
1376.00,4,2025-06-01 01:53:02
304.00,2,2025-06-01 01:53:08
320.00,1,2025-06-01 01:53:10
1920.00,2,2025-06-01 01:53:14
1552.00,1,2025-06-01 01:53:18
736.00,2,2025-06-01 01:53:20
576.00,1,2025-06-01 01:53:24
2080.00,1,2025-06-01 01:53:29
384.00,4,2025-06-01 01:53:35
1216.00,3,2025-06-01 01:53:38
1952.00,2,2025-06-01 01:53:42
1088.00,2,2025-06-01 01:53:43
2016.00,3,2025-06-01 01:53:44
1568.00,5,2025-06-01 01:53:48
304.00,3,2025-06-01 01:53:50
960.00,4,2025-06-01 01:53:53
480.00,4,2025-06-01 01:53:54
1408.00,3,2025-06-01 01:54:01
1088.00,4,2025-06-01 01:54:05
1232.00,5,2025-06-01 01:54:08
672.00,2,2025-06-01 01:54:11
1232.00,3,2025-06-01 01:54:16
1600.00,5,2025-06-01 01:54:20
1600.00,5,2025-06-01 01:54:24
224.00,1,2025-06-01 01:54:25
224.00,3,2025-06-01 01:54:28
544.00,2,2025-06-01 01:54:29
192.00,2,2025-06-01 01:54:30
928.00,1,2025-06-01 01:54:32
224.00,3,2025-06-01 01:54:35
2080.00,3,2025-06-01 01:54:36
768.00,5,2025-06-01 01:54:39
1520.00,5,2025-06-01 01:54:49
768.00,2,2025-06-01 01:54:52
1728.00,1,2025-06-01 01:54:53
1488.00,3,2025-06-01 01:54:56
640.00,3,2025-06-01 01:55:00
752.00,5,2025-06-01 01:55:05
768.00,2,2025-06-01 01:55:13
224.00,2,2025-06-01 01:55:17
576.00,4,2025-06-01 01:55:23
1024.00,5,2025-06-01 01:55:24
1840.00,4,2025-06-01 01:55:26
480.00,5,2025-06-01 01:55:31
960.00,5,2025-06-01 01:55:36
304.00,2,2025-06-01 01:55:41
1296.00,1,2025-06-01 01:55:47
1600.00,2,2025-06-01 01:55:50
304.00,5,2025-06-01 01:55:54
1952.00,2,2025-06-01 01:55:59
1568.00,4,2025-06-01 01:56:01
1152.00,3,2025-06-01 01:56:03
1200.00,2,2025-06-01 01:56:06
304.00,2,2025-06-01 01:56:15
224.00,1,2025-06-01 01:56:18
1504.00,4,2025-06-01 01:56:19
1280.00,4,2025-06-01 01:56:22
1280.00,5,2025-06-01 01:56:25
1024.00,2,2025-06-01 01:56:27
608.00,3,2025-06-01 01:56:34
1024.00,1,2025-06-01 01:56:36
640.00,3,2025-06-01 01:56:46
1424.00,1,2025-06-01 01:56:58
1424.00,4,2025-06-01 01:57:04
448.00,1,2025-06-01 01:57:06
1760.00,5,2025-06-01 01:57:07
992.00,1,2025-06-01 01:57:12
1632.00,4,2025-06-01 01:57:13
608.00,3,2025-06-01 01:57:15
960.00,3,2025-06-01 01:57:16
1216.00,5,2025-06-01 01:57:20
1072.00,2,2025-06-01 01:57:21
224.00,2,2025-06-01 01:57:24
1760.00,1,2025-06-01 01:57:36
1088.00,3,2025-06-01 01:57:37
512.00,5,2025-06-01 01:57:38
864.00,1,2025-06-01 01:57:40
1344.00,2,2025-06-01 01:57:41
1344.00,2,2025-06-01 01:57:43
1536.00,2,2025-06-01 01:57:45
288.00,3,2025-06-01 01:57:51
1824.00,1,2025-06-01 01:57:54
800.00,2,2025-06-01 01:57:57
448.00,3,2025-06-01 01:58:12
1344.00,2,2025-06-01 01:58:27
1376.00,3,2025-06-01 01:58:30
1552.00,5,2025-06-01 01:58:35
448.00,2,2025-06-01 01:58:36
1280.00,3,2025-06-01 01:58:38
1120.00,5,2025-06-01 01:58:43
1952.00,3,2025-06-01 01:58:46
576.00,2,2025-06-01 01:58:50
224.00,4,2025-06-01 01:58:52
1344.00,5,2025-06-01 01:59:06
928.00,3,2025-06-01 01:59:08
224.00,2,2025-06-01 01:59:09
288.00,4,2025-06-01 01:59:10
1824.00,1,2025-06-01 01:59:11
256.00,1,2025-06-01 01:59:12
1088.00,5,2025-06-01 01:59:14
384.00,1,2025-06-01 01:59:29
2016.00,5,2025-06-01 01:59:30
1408.00,2,2025-06-01 01:59:35
1552.00,2,2025-06-01 01:59:38
1232.00,3,2025-06-01 01:59:39
1408.00,1,2025-06-01 01:59:43
1872.00,4,2025-06-01 01:59:45
1152.00,4,2025-06-01 01:59:46
1440.00,1,2025-06-01 01:59:52
192.00,2,2025-06-01 01:59:55
1440.00,5,2025-06-01 01:59:57
384.00,5,2025-06-01 02:00:03
768.00,3,2025-06-01 02:00:05
672.00,4,2025-06-01 02:00:07
1376.00,2,2025-06-01 02:00:09
288.00,4,2025-06-01 02:00:11
960.00,3,2025-06-01 02:00:13
640.00,3,2025-06-01 02:00:15
512.00,2,2025-06-01 02:00:17
800.00,5,2025-06-01 02:00:18
640.00,1,2025-06-01 02:00:23
960.00,2,2025-06-01 02:00:24
768.00,4,2025-06-01 02:00:25
512.00,2,2025-06-01 02:00:26
640.00,3,2025-06-01 02:00:30
384.00,2,2025-06-01 02:00:31
576.00,1,2025-06-01 02:00:32
1440.00,1,2025-06-01 02:00:39
928.00,4,2025-06-01 02:00:40
1600.00,2,2025-06-01 02:00:41
736.00,4,2025-06-01 02:00:44
384.00,3,2025-06-01 02:00:45
1376.00,3,2025-06-01 02:00:46
1536.00,3,2025-06-01 02:00:53
576.00,2,2025-06-01 02:00:54
896.00,4,2025-06-01 02:00:57
1312.00,1,2025-06-01 02:01:00
608.00,5,2025-06-01 02:01:01
1152.00,3,2025-06-01 02:01:02
1488.00,3,2025-06-01 02:01:06
320.00,1,2025-06-01 02:01:07
1984.00,5,2025-06-01 02:01:09
864.00,1,2025-06-01 02:01:12
1024.00,1,2025-06-01 02:01:13
960.00,1,2025-06-01 02:01:17
1632.00,1,2025-06-01 02:01:18
448.00,3,2025-06-01 02:01:19
192.00,3,2025-06-01 02:01:21
576.00,2,2025-06-01 02:01:22
1760.00,1,2025-06-01 02:01:26
1056.00,1,2025-06-01 02:01:28
1408.00,5,2025-06-01 02:01:29
512.00,3,2025-06-01 02:01:33
512.00,2,2025-06-01 02:01:36
928.00,4,2025-06-01 02:01:39
1856.00,2,2025-06-01 02:01:41
512.00,1,2025-06-01 02:01:42
2112.00,2,2025-06-01 02:01:46
1808.00,1,2025-06-01 02:01:50
2176.00,1,2025-06-01 02:01:52
1440.00,2,2025-06-01 02:01:55
928.00,2,2025-06-01 02:01:59
1152.00,3,2025-06-01 02:02:05
1216.00,1,2025-06-01 02:02:07
1856.00,1,2025-06-01 02:02:10
512.00,5,2025-06-01 02:02:12
1408.00,5,2025-06-01 02:02:14
1504.00,3,2025-06-01 02:02:15
1040.00,5,2025-06-01 02:02:17
960.00,3,2025-06-01 02:02:20
1920.00,5,2025-06-01 02:02:22
1440.00,2,2025-06-01 02:02:28
1376.00,3,2025-06-01 02:02:29
1600.00,2,2025-06-01 02:02:30
256.00,5,2025-06-01 02:02:32
1824.00,1,2025-06-01 02:02:34
384.00,1,2025-06-01 02:02:35
864.00,5,2025-06-01 02:02:37
1408.00,1,2025-06-01 02:02:41
1472.00,1,2025-06-01 02:02:44
1120.00,1,2025-06-01 02:02:45
1440.00,2,2025-06-01 02:02:47
864.00,3,2025-06-01 02:02:48
928.00,2,2025-06-01 02:02:51
1808.00,1,2025-06-01 02:02:54
1824.00,5,2025-06-01 02:03:00
576.00,1,2025-06-01 02:03:01
672.00,2,2025-06-01 02:03:02
768.00,4,2025-06-01 02:03:04
1536.00,5,2025-06-01 02:03:06
2048.00,3,2025-06-01 02:03:07
1216.00,3,2025-06-01 02:03:08
640.00,5,2025-06-01 02:03:14
1872.00,4,2025-06-01 02:03:15
640.00,4,2025-06-01 02:03:19
912.00,5,2025-06-01 02:03:21
256.00,4,2025-06-01 02:03:22
1152.00,2,2025-06-01 02:03:25
640.00,4,2025-06-01 02:03:27
1888.00,2,2025-06-01 02:03:30
544.00,4,2025-06-01 02:03:37
256.00,1,2025-06-01 02:03:39
1776.00,2,2025-06-01 02:03:40
288.00,3,2025-06-01 02:03:41
1408.00,3,2025-06-01 02:03:44
768.00,5,2025-06-01 02:03:45
2272.00,5,2025-06-01 02:03:46
1744.00,5,2025-06-01 02:03:51
448.00,4,2025-06-01 02:03:52
1728.00,4,2025-06-01 02:03:53
1248.00,1,2025-06-01 02:03:56
1632.00,5,2025-06-01 02:03:57
704.00,4,2025-06-01 02:03:58
288.00,2,2025-06-01 02:04:02
1248.00,1,2025-06-01 02:04:06
1280.00,2,2025-06-01 02:04:07
256.00,1,2025-06-01 02:04:08
1024.00,3,2025-06-01 02:04:09
832.00,3,2025-06-01 02:04:10
1344.00,2,2025-06-01 02:04:11
1376.00,1,2025-06-01 02:04:15
1376.00,3,2025-06-01 02:04:16
1696.00,2,2025-06-01 02:04:17
672.00,4,2025-06-01 02:04:18
2544.00,4,2025-06-01 02:04:19
1152.00,2,2025-06-01 02:04:23
1824.00,1,2025-06-01 02:04:25
1808.00,1,2025-06-01 02:04:26
1536.00,3,2025-06-01 02:04:29
864.00,5,2025-06-01 02:04:30
960.00,1,2025-06-01 02:04:31
512.00,4,2025-06-01 02:04:32
608.00,1,2025-06-01 02:04:35
896.00,4,2025-06-01 02:04:40
608.00,3,2025-06-01 02:04:44
704.00,2,2025-06-01 02:04:45
1488.00,4,2025-06-01 02:04:47
576.00,1,2025-06-01 02:04:50
560.00,5,2025-06-01 02:04:51
1024.00,4,2025-06-01 02:04:52
1024.00,1,2025-06-01 02:04:53
768.00,1,2025-06-01 02:04:54
1024.00,2,2025-06-01 02:04:56
640.00,4,2025-06-01 02:04:58
2496.00,1,2025-06-01 02:05:05
2016.00,1,2025-06-01 02:05:09
576.00,4,2025-06-01 02:05:15
864.00,4,2025-06-01 02:05:16
1568.00,3,2025-06-01 02:05:18
576.00,5,2025-06-01 02:05:21
448.00,1,2025-06-01 02:05:22
864.00,4,2025-06-01 02:05:25
304.00,4,2025-06-01 02:05:27
672.00,1,2025-06-01 02:05:28
288.00,3,2025-06-01 02:05:35
256.00,1,2025-06-01 02:05:38
1376.00,5,2025-06-01 02:05:39
512.00,5,2025-06-01 02:05:41
2016.00,4,2025-06-01 02:05:43
576.00,1,2025-06-01 02:05:46
1216.00,1,2025-06-01 02:05:47
1184.00,4,2025-06-01 02:05:48
480.00,3,2025-06-01 02:05:51
192.00,4,2025-06-01 02:05:52
2048.00,4,2025-06-01 02:05:55
1088.00,5,2025-06-01 02:05:56
816.00,1,2025-06-01 02:05:59
800.00,3,2025-06-01 02:06:00
896.00,3,2025-06-01 02:06:01
1632.00,3,2025-06-01 02:06:02
2080.00,3,2025-06-01 02:06:05
1152.00,4,2025-06-01 02:06:06
576.00,5,2025-06-01 02:06:07
224.00,3,2025-06-01 02:06:10
1424.00,5,2025-06-01 02:06:11
1312.00,4,2025-06-01 02:06:12
864.00,2,2025-06-01 02:06:14
768.00,4,2025-06-01 02:06:16
1696.00,2,2025-06-01 02:06:17
1216.00,5,2025-06-01 02:06:18
1376.00,2,2025-06-01 02:06:19
1072.00,4,2025-06-01 02:06:22
560.00,2,2025-06-01 02:06:23
480.00,3,2025-06-01 02:06:28
1440.00,3,2025-06-01 02:06:31
1152.00,2,2025-06-01 02:06:32
1024.00,1,2025-06-01 02:06:34
512.00,5,2025-06-01 02:06:36
2048.00,1,2025-06-01 02:06:37
640.00,4,2025-06-01 02:06:38
256.00,4,2025-06-01 02:06:43
912.00,1,2025-06-01 02:06:45
864.00,2,2025-06-01 02:06:48
592.00,4,2025-06-01 02:06:49
1632.00,2,2025-06-01 02:06:53
1888.00,3,2025-06-01 02:06:55
1216.00,1,2025-06-01 02:06:56
608.00,4,2025-06-01 02:06:57
1424.00,4,2025-06-01 02:06:58
1632.00,4,2025-06-01 02:06:59
1344.00,5,2025-06-01 02:07:04
1968.00,1,2025-06-01 02:07:05
1088.00,1,2025-06-01 02:07:09
576.00,4,2025-06-01 02:07:10
864.00,1,2025-06-01 02:07:11
1568.00,3,2025-06-01 02:07:15
1408.00,1,2025-06-01 02:07:20
576.00,5,2025-06-01 02:07:22
576.00,2,2025-06-01 02:07:24
1728.00,4,2025-06-01 02:07:26
2000.00,2,2025-06-01 02:07:27
768.00,2,2025-06-01 02:07:29
864.00,4,2025-06-01 02:07:30
1584.00,1,2025-06-01 02:07:33
896.00,5,2025-06-01 02:07:34
2064.00,5,2025-06-01 02:07:36
1760.00,3,2025-06-01 02:07:41
768.00,1,2025-06-01 02:07:46
1088.00,5,2025-06-01 02:07:47
2176.00,2,2025-06-01 02:07:51
1728.00,2,2025-06-01 02:07:53
1168.00,3,2025-06-01 02:07:57
752.00,5,2025-06-01 02:07:58
224.00,4,2025-06-01 02:08:00
640.00,5,2025-06-01 02:08:01
1504.00,3,2025-06-01 02:08:02
1536.00,5,2025-06-01 02:08:04
256.00,5,2025-06-01 02:08:05
1280.00,2,2025-06-01 02:08:06
576.00,3,2025-06-01 02:08:07
304.00,5,2025-06-01 02:08:08
512.00,1,2025-06-01 02:08:10
288.00,2,2025-06-01 02:08:12
1472.00,3,2025-06-01 02:08:13
1152.00,5,2025-06-01 02:08:15
1984.00,4,2025-06-01 02:08:18
384.00,2,2025-06-01 02:08:20
448.00,5,2025-06-01 02:08:22
896.00,1,2025-06-01 02:08:26
320.00,2,2025-06-01 02:08:29
1632.00,1,2025-06-01 02:08:31
736.00,4,2025-06-01 02:08:34
1984.00,5,2025-06-01 02:08:35
1120.00,3,2025-06-01 02:08:36
1248.00,2,2025-06-01 02:08:37
1664.00,1,2025-06-01 02:08:38
1120.00,1,2025-06-01 02:08:43
512.00,4,2025-06-01 02:08:46
832.00,3,2025-06-01 02:08:47
864.00,5,2025-06-01 02:08:48
1152.00,1,2025-06-01 02:08:50
576.00,2,2025-06-01 02:08:51
1664.00,2,2025-06-01 02:08:52
736.00,4,2025-06-01 02:08:55
544.00,4,2025-06-01 02:09:03
1216.00,5,2025-06-01 02:09:05
832.00,1,2025-06-01 02:09:08
384.00,4,2025-06-01 02:09:09
768.00,5,2025-06-01 02:09:10
576.00,1,2025-06-01 02:09:13
288.00,3,2025-06-01 02:09:14
1056.00,2,2025-06-01 02:09:15
1088.00,2,2025-06-01 02:09:19
1792.00,2,2025-06-01 02:09:20
560.00,1,2025-06-01 02:09:21
384.00,3,2025-06-01 02:09:22
1888.00,1,2025-06-01 02:09:24
960.00,2,2025-06-01 02:09:25
1072.00,5,2025-06-01 02:09:26
1472.00,5,2025-06-01 02:09:27
1088.00,3,2025-06-01 02:09:28
224.00,4,2025-06-01 02:09:31
1856.00,5,2025-06-01 02:09:33
1680.00,2,2025-06-01 02:09:35
864.00,2,2025-06-01 02:09:37
2000.00,5,2025-06-01 02:09:38
256.00,1,2025-06-01 02:09:39
1376.00,2,2025-06-01 02:09:41
1376.00,4,2025-06-01 02:09:47
1888.00,4,2025-06-01 02:09:49
896.00,5,2025-06-01 02:09:52
1280.00,1,2025-06-01 02:09:53
1120.00,4,2025-06-01 02:09:57
560.00,1,2025-06-01 02:09:58
1344.00,5,2025-06-01 02:09:59
2256.00,4,2025-06-01 02:10:01
608.00,5,2025-06-01 02:10:02
896.00,3,2025-06-01 02:10:07
1024.00,3,2025-06-01 02:10:09
832.00,4,2025-06-01 02:10:12
1344.00,3,2025-06-01 02:10:14
1600.00,3,2025-06-01 02:10:15
544.00,2,2025-06-01 02:10:17
896.00,3,2025-06-01 02:10:20
608.00,4,2025-06-01 02:10:22
1120.00,1,2025-06-01 02:10:24
1200.00,1,2025-06-01 02:10:33
960.00,3,2025-06-01 02:10:35
576.00,5,2025-06-01 02:10:36
1376.00,3,2025-06-01 02:10:37
1344.00,5,2025-06-01 02:10:43
2400.00,4,2025-06-01 02:10:45
1440.00,2,2025-06-01 02:10:46
640.00,3,2025-06-01 02:10:50
256.00,5,2025-06-01 02:10:51
320.00,2,2025-06-01 02:10:54
960.00,2,2025-06-01 02:10:56
736.00,5,2025-06-01 02:10:58
1728.00,1,2025-06-01 02:10:59
576.00,5,2025-06-01 02:11:06
1968.00,3,2025-06-01 02:11:11
1248.00,4,2025-06-01 02:11:12
800.00,5,2025-06-01 02:11:18
1520.00,4,2025-06-01 02:11:20
1824.00,3,2025-06-01 02:11:23
2544.00,1,2025-06-01 02:11:25
1408.00,5,2025-06-01 02:11:28
512.00,3,2025-06-01 02:11:29
1440.00,4,2025-06-01 02:11:32
960.00,5,2025-06-01 02:11:33
768.00,5,2025-06-01 02:11:35
864.00,4,2025-06-01 02:11:36
288.00,4,2025-06-01 02:11:38
1488.00,1,2025-06-01 02:11:40
1216.00,1,2025-06-01 02:11:42
1120.00,3,2025-06-01 02:11:43
912.00,1,2025-06-01 02:11:44
224.00,4,2025-06-01 02:11:45
864.00,5,2025-06-01 02:11:50
1504.00,1,2025-06-01 02:11:52
2192.00,3,2025-06-01 02:11:53
512.00,2,2025-06-01 02:11:57
1312.00,1,2025-06-01 02:11:59
1440.00,1,2025-06-01 02:12:04
256.00,5,2025-06-01 02:12:08
880.00,3,2025-06-01 02:12:10
1600.00,4,2025-06-01 02:12:14
576.00,2,2025-06-01 02:12:17
768.00,1,2025-06-01 02:12:19
912.00,3,2025-06-01 02:12:20
1536.00,4,2025-06-01 02:12:21
576.00,1,2025-06-01 02:12:23
1536.00,5,2025-06-01 02:12:24
288.00,3,2025-06-01 02:12:28
640.00,2,2025-06-01 02:12:35
912.00,1,2025-06-01 02:12:37
512.00,2,2025-06-01 02:12:41
288.00,1,2025-06-01 02:12:43
1168.00,5,2025-06-01 02:12:44
2320.00,5,2025-06-01 02:12:45
448.00,1,2025-06-01 02:12:46
256.00,3,2025-06-01 02:12:52
1216.00,2,2025-06-01 02:12:53
1856.00,1,2025-06-01 02:12:54
1312.00,1,2025-06-01 02:12:55
256.00,1,2025-06-01 02:13:03
1248.00,1,2025-06-01 02:13:10
1632.00,2,2025-06-01 02:13:12
1120.00,1,2025-06-01 02:13:13
608.00,1,2025-06-01 02:13:14
1632.00,5,2025-06-01 02:13:15
1792.00,1,2025-06-01 02:13:17
1344.00,1,2025-06-01 02:13:25
192.00,3,2025-06-01 02:13:27
672.00,1,2025-06-01 02:13:29
1152.00,2,2025-06-01 02:13:30
1408.00,1,2025-06-01 02:13:33
1664.00,3,2025-06-01 02:13:34
1440.00,1,2025-06-01 02:13:37
1728.00,5,2025-06-01 02:13:38
1888.00,1,2025-06-01 02:13:41
1312.00,4,2025-06-01 02:13:42
1664.00,4,2025-06-01 02:13:43
1184.00,3,2025-06-01 02:13:44
864.00,2,2025-06-01 02:13:45
1728.00,3,2025-06-01 02:13:46
2160.00,4,2025-06-01 02:13:48
512.00,4,2025-06-01 02:13:51
1024.00,5,2025-06-01 02:13:52
256.00,5,2025-06-01 02:13:54
288.00,4,2025-06-01 02:13:58
2016.00,3,2025-06-01 02:13:59
384.00,3,2025-06-01 02:14:00
1664.00,4,2025-06-01 02:14:02
832.00,3,2025-06-01 02:14:07
1376.00,5,2025-06-01 02:14:10
768.00,5,2025-06-01 02:14:11
224.00,1,2025-06-01 02:14:13
2016.00,3,2025-06-01 02:14:14
1216.00,5,2025-06-01 02:14:16
544.00,4,2025-06-01 02:14:18
1696.00,3,2025-06-01 02:14:20
512.00,3,2025-06-01 02:14:22
1072.00,1,2025-06-01 02:14:24
1440.00,5,2025-06-01 02:14:26
1280.00,2,2025-06-01 02:14:28
560.00,2,2025-06-01 02:14:29
224.00,4,2025-06-01 02:14:32
576.00,2,2025-06-01 02:14:33
800.00,1,2025-06-01 02:14:34
1360.00,2,2025-06-01 02:14:35
1856.00,1,2025-06-01 02:14:42
320.00,3,2025-06-01 02:14:45
960.00,4,2025-06-01 02:14:47
1808.00,3,2025-06-01 02:14:49
576.00,2,2025-06-01 02:14:51
288.00,1,2025-06-01 02:14:52
1184.00,4,2025-06-01 02:14:56
1056.00,3,2025-06-01 02:14:57
864.00,5,2025-06-01 02:14:58
1392.00,5,2025-06-01 02:14:59
1728.00,2,2025-06-01 02:15:01
304.00,3,2025-06-01 02:15:07
1440.00,5,2025-06-01 02:15:09
2400.00,3,2025-06-01 02:15:10
608.00,5,2025-06-01 02:15:16
384.00,2,2025-06-01 02:15:19
1584.00,4,2025-06-01 02:15:28
2016.00,4,2025-06-01 02:15:29
304.00,2,2025-06-01 02:15:31
1440.00,1,2025-06-01 02:15:32
576.00,3,2025-06-01 02:15:33
1552.00,1,2025-06-01 02:15:35
1056.00,3,2025-06-01 02:15:36
992.00,1,2025-06-01 02:15:39
960.00,3,2025-06-01 02:15:40
1728.00,5,2025-06-01 02:15:43
192.00,1,2025-06-01 02:15:44
896.00,5,2025-06-01 02:15:45
1184.00,1,2025-06-01 02:15:47
1184.00,1,2025-06-01 02:15:48
1472.00,2,2025-06-01 02:15:50
672.00,4,2025-06-01 02:15:54
1632.00,5,2025-06-01 02:15:55
2176.00,2,2025-06-01 02:15:58
1520.00,2,2025-06-01 02:15:59
1024.00,3,2025-06-01 02:16:04
1264.00,5,2025-06-01 02:16:05
960.00,3,2025-06-01 02:16:09
1120.00,5,2025-06-01 02:16:10
544.00,1,2025-06-01 02:16:13
256.00,2,2025-06-01 02:16:23
1920.00,5,2025-06-01 02:16:24
2272.00,3,2025-06-01 02:16:25
256.00,1,2025-06-01 02:16:26
1120.00,1,2025-06-01 02:16:28
1568.00,2,2025-06-01 02:16:30
1056.00,4,2025-06-01 02:16:31
1376.00,1,2025-06-01 02:16:32
256.00,2,2025-06-01 02:16:34
608.00,3,2025-06-01 02:16:35
1120.00,4,2025-06-01 02:16:36
1456.00,5,2025-06-01 02:16:37
1280.00,1,2025-06-01 02:16:38
1088.00,4,2025-06-01 02:16:39
1120.00,3,2025-06-01 02:16:41
832.00,3,2025-06-01 02:16:43
1904.00,4,2025-06-01 02:16:44
1920.00,3,2025-06-01 02:16:45
1664.00,2,2025-06-01 02:16:46
288.00,3,2025-06-01 02:16:47
288.00,5,2025-06-01 02:16:49
736.00,5,2025-06-01 02:16:50
512.00,1,2025-06-01 02:16:51
1504.00,4,2025-06-01 02:16:52
1536.00,5,2025-06-01 02:16:53
928.00,4,2025-06-01 02:16:54
896.00,5,2025-06-01 02:16:57
1984.00,2,2025-06-01 02:16:58
880.00,4,2025-06-01 02:16:59
1248.00,5,2025-06-01 02:17:00
816.00,3,2025-06-01 02:17:02
672.00,5,2025-06-01 02:17:03
2512.00,2,2025-06-01 02:17:11
1824.00,4,2025-06-01 02:17:12
912.00,4,2025-06-01 02:17:15
1408.00,1,2025-06-01 02:17:16
2384.00,2,2025-06-01 02:17:17
224.00,1,2025-06-01 02:17:18
1200.00,4,2025-06-01 02:17:22
1024.00,5,2025-06-01 02:17:24
576.00,5,2025-06-01 02:17:26
912.00,2,2025-06-01 02:17:28
1920.00,2,2025-06-01 02:17:29
224.00,5,2025-06-01 02:17:31
256.00,4,2025-06-01 02:17:35
912.00,5,2025-06-01 02:17:40
576.00,2,2025-06-01 02:17:45
1392.00,1,2025-06-01 02:17:47
640.00,1,2025-06-01 02:17:48
1632.00,2,2025-06-01 02:17:50
1184.00,1,2025-06-01 02:17:51
1056.00,3,2025-06-01 02:17:53
1488.00,1,2025-06-01 02:17:54
1120.00,4,2025-06-01 02:17:55
864.00,1,2025-06-01 02:17:56
384.00,4,2025-06-01 02:17:59
960.00,3,2025-06-01 02:18:00
928.00,1,2025-06-01 02:18:03
896.00,3,2025-06-01 02:18:04
1040.00,1,2025-06-01 02:18:06
1024.00,4,2025-06-01 02:18:11
1024.00,5,2025-06-01 02:18:14
864.00,2,2025-06-01 02:18:18
1792.00,2,2025-06-01 02:18:20
576.00,3,2025-06-01 02:18:28
1504.00,3,2025-06-01 02:18:34
2208.00,1,2025-06-01 02:18:37
1760.00,1,2025-06-01 02:18:42
256.00,5,2025-06-01 02:18:47
576.00,1,2025-06-01 02:18:49
1024.00,5,2025-06-01 02:18:51
256.00,2,2025-06-01 02:18:53
1216.00,1,2025-06-01 02:18:55
864.00,5,2025-06-01 02:18:56
1216.00,5,2025-06-01 02:18:59
1152.00,1,2025-06-01 02:19:02
960.00,5,2025-06-01 02:19:04
1216.00,2,2025-06-01 02:19:05
1088.00,3,2025-06-01 02:19:06
1184.00,4,2025-06-01 02:19:07
960.00,5,2025-06-01 02:19:15
1792.00,5,2025-06-01 02:19:18
1872.00,1,2025-06-01 02:19:19
1200.00,2,2025-06-01 02:19:20
1152.00,4,2025-06-01 02:19:23
1184.00,2,2025-06-01 02:19:24
608.00,2,2025-06-01 02:19:27
768.00,2,2025-06-01 02:19:28
1952.00,4,2025-06-01 02:19:33
944.00,3,2025-06-01 02:19:37
640.00,1,2025-06-01 02:19:40
2416.00,3,2025-06-01 02:19:42
1424.00,1,2025-06-01 02:19:43
448.00,2,2025-06-01 02:19:45
1664.00,3,2025-06-01 02:19:48
1120.00,1,2025-06-01 02:19:50
512.00,2,2025-06-01 02:19:52
2112.00,5,2025-06-01 02:19:54
1728.00,3,2025-06-01 02:19:55
1936.00,3,2025-06-01 02:19:56
2032.00,2,2025-06-01 02:19:59
1024.00,2,2025-06-01 02:20:03
592.00,1,2025-06-01 02:20:04
1280.00,5,2025-06-01 02:20:05
576.00,4,2025-06-01 02:20:06
1184.00,5,2025-06-01 02:20:07
1088.00,5,2025-06-01 02:20:10
1072.00,2,2025-06-01 02:20:12
576.00,5,2025-06-01 02:20:17
288.00,3,2025-06-01 02:20:20
1248.00,1,2025-06-01 02:20:24
1472.00,4,2025-06-01 02:20:26
928.00,5,2025-06-01 02:20:27
1312.00,4,2025-06-01 02:20:29
320.00,5,2025-06-01 02:20:30
1472.00,4,2025-06-01 02:20:31
512.00,4,2025-06-01 02:20:32
1504.00,4,2025-06-01 02:20:33
1120.00,2,2025-06-01 02:20:36
608.00,3,2025-06-01 02:20:39
912.00,4,2025-06-01 02:20:41
1600.00,3,2025-06-01 02:20:46
1168.00,3,2025-06-01 02:20:47
544.00,1,2025-06-01 02:20:51
864.00,4,2025-06-01 02:20:52
512.00,3,2025-06-01 02:20:56
896.00,5,2025-06-01 02:20:58
1088.00,2,2025-06-01 02:20:59
1536.00,1,2025-06-01 02:21:00
1984.00,1,2025-06-01 02:21:04
192.00,2,2025-06-01 02:21:05
832.00,5,2025-06-01 02:21:06
912.00,5,2025-06-01 02:21:08
1728.00,3,2025-06-01 02:21:11
576.00,3,2025-06-01 02:21:13
560.00,4,2025-06-01 02:21:14
640.00,1,2025-06-01 02:21:17
768.00,3,2025-06-01 02:21:19
1488.00,3,2025-06-01 02:21:27
1408.00,1,2025-06-01 02:21:30
192.00,1,2025-06-01 02:21:31
960.00,3,2025-06-01 02:21:36
576.00,1,2025-06-01 02:21:39
1072.00,4,2025-06-01 02:21:41
496.00,5,2025-06-01 02:21:50
320.00,4,2025-06-01 02:21:51
448.00,1,2025-06-01 02:21:53
304.00,4,2025-06-01 02:21:56
960.00,5,2025-06-01 02:21:57
384.00,3,2025-06-01 02:21:58
1440.00,5,2025-06-01 02:22:00
768.00,3,2025-06-01 02:22:05
960.00,2,2025-06-01 02:22:11
576.00,3,2025-06-01 02:22:14
1824.00,1,2025-06-01 02:22:18
592.00,4,2025-06-01 02:22:20
1056.00,5,2025-06-01 02:22:21
224.00,2,2025-06-01 02:22:23
640.00,4,2025-06-01 02:22:25
576.00,2,2025-06-01 02:22:26
1216.00,4,2025-06-01 02:22:27
1360.00,1,2025-06-01 02:22:30
448.00,3,2025-06-01 02:22:31
1152.00,3,2025-06-01 02:22:32
672.00,5,2025-06-01 02:22:34
1056.00,2,2025-06-01 02:22:42
640.00,4,2025-06-01 02:22:43
1376.00,3,2025-06-01 02:22:45
960.00,3,2025-06-01 02:22:46
1424.00,3,2025-06-01 02:22:47
576.00,4,2025-06-01 02:22:48
2240.00,3,2025-06-01 02:22:49
832.00,4,2025-06-01 02:22:50
1824.00,1,2025-06-01 02:22:51
896.00,4,2025-06-01 02:22:52
448.00,2,2025-06-01 02:22:56
912.00,4,2025-06-01 02:23:05
1232.00,2,2025-06-01 02:23:06
704.00,4,2025-06-01 02:23:07
768.00,2,2025-06-01 02:23:08
864.00,1,2025-06-01 02:23:10
1696.00,1,2025-06-01 02:23:13
1344.00,4,2025-06-01 02:23:16
1216.00,4,2025-06-01 02:23:17
1184.00,5,2025-06-01 02:23:23
1440.00,1,2025-06-01 02:23:24
304.00,4,2025-06-01 02:23:26
672.00,3,2025-06-01 02:23:28
192.00,5,2025-06-01 02:23:31
1056.00,4,2025-06-01 02:23:33
1280.00,4,2025-06-01 02:23:34
1424.00,1,2025-06-01 02:23:36
832.00,1,2025-06-01 02:23:38
576.00,3,2025-06-01 02:23:40
288.00,2,2025-06-01 02:23:44
1088.00,5,2025-06-01 02:23:46
2272.00,4,2025-06-01 02:23:52
480.00,5,2025-06-01 02:23:56
1632.00,2,2025-06-01 02:23:58
864.00,1,2025-06-01 02:23:59
288.00,1,2025-06-01 02:24:00
256.00,4,2025-06-01 02:24:04
768.00,5,2025-06-01 02:24:05
384.00,1,2025-06-01 02:24:07
896.00,3,2025-06-01 02:24:11
672.00,3,2025-06-01 02:24:18
1088.00,1,2025-06-01 02:24:19
1520.00,3,2025-06-01 02:24:20
864.00,3,2025-06-01 02:24:22
320.00,2,2025-06-01 02:24:24
544.00,3,2025-06-01 02:24:25
512.00,3,2025-06-01 02:24:27
192.00,2,2025-06-01 02:24:28
1536.00,1,2025-06-01 02:24:29
512.00,5,2025-06-01 02:24:31
192.00,5,2025-06-01 02:24:33
976.00,5,2025-06-01 02:24:34
912.00,5,2025-06-01 02:24:37
800.00,5,2025-06-01 02:24:39
1600.00,3,2025-06-01 02:24:41
896.00,1,2025-06-01 02:24:47
2640.00,5,2025-06-01 02:24:48
912.00,1,2025-06-01 02:24:50
1776.00,5,2025-06-01 02:24:52
2016.00,1,2025-06-01 02:24:57
1824.00,4,2025-06-01 02:25:00
1152.00,1,2025-06-01 02:25:04
960.00,4,2025-06-01 02:25:05
512.00,2,2025-06-01 02:25:11
1344.00,3,2025-06-01 02:25:12
1104.00,5,2025-06-01 02:25:14
960.00,5,2025-06-01 02:25:17
1600.00,4,2025-06-01 02:25:18
960.00,5,2025-06-01 02:25:19
1920.00,3,2025-06-01 02:25:20
1280.00,2,2025-06-01 02:25:21
224.00,5,2025-06-01 02:25:23
1632.00,1,2025-06-01 02:25:24
512.00,2,2025-06-01 02:25:25
512.00,2,2025-06-01 02:25:26
480.00,5,2025-06-01 02:25:27
2176.00,4,2025-06-01 02:25:28
768.00,2,2025-06-01 02:25:29
672.00,2,2025-06-01 02:25:32
1376.00,3,2025-06-01 02:25:33
672.00,4,2025-06-01 02:25:34
2496.00,1,2025-06-01 02:25:36
864.00,3,2025-06-01 02:25:37
320.00,3,2025-06-01 02:25:38
224.00,2,2025-06-01 02:25:46
1568.00,5,2025-06-01 02:25:47
640.00,2,2025-06-01 02:25:54
1728.00,4,2025-06-01 02:25:57
192.00,3,2025-06-01 02:25:59
1248.00,1,2025-06-01 02:26:02
576.00,2,2025-06-01 02:26:05
864.00,1,2025-06-01 02:26:07
576.00,3,2025-06-01 02:26:10
384.00,5,2025-06-01 02:26:13
256.00,2,2025-06-01 02:26:14
512.00,1,2025-06-01 02:26:15
288.00,4,2025-06-01 02:26:16
896.00,3,2025-06-01 02:26:19
512.00,1,2025-06-01 02:26:20
1184.00,5,2025-06-01 02:26:22
1408.00,5,2025-06-01 02:26:24
384.00,3,2025-06-01 02:26:26
320.00,1,2025-06-01 02:26:29
768.00,1,2025-06-01 02:26:30
1568.00,1,2025-06-01 02:26:31
192.00,4,2025-06-01 02:26:32
480.00,3,2025-06-01 02:26:34
1632.00,5,2025-06-01 02:26:35
1600.00,1,2025-06-01 02:26:39
1056.00,2,2025-06-01 02:26:45
1872.00,5,2025-06-01 02:26:46
1328.00,2,2025-06-01 02:26:47
1728.00,3,2025-06-01 02:26:51
1536.00,5,2025-06-01 02:26:53
640.00,1,2025-06-01 02:26:57
1376.00,1,2025-06-01 02:27:01
1888.00,4,2025-06-01 02:27:05
1456.00,3,2025-06-01 02:27:06
768.00,4,2025-06-01 02:27:07
832.00,3,2025-06-01 02:27:11
928.00,4,2025-06-01 02:27:13
960.00,3,2025-06-01 02:27:14
768.00,2,2025-06-01 02:27:19
864.00,2,2025-06-01 02:27:21
992.00,1,2025-06-01 02:27:22
1568.00,1,2025-06-01 02:27:23
800.00,5,2025-06-01 02:27:28
736.00,3,2025-06-01 02:27:33
768.00,3,2025-06-01 02:27:34
1152.00,3,2025-06-01 02:27:35
304.00,5,2025-06-01 02:27:36
2496.00,1,2025-06-01 02:27:39
1312.00,2,2025-06-01 02:27:41
800.00,3,2025-06-01 02:27:44
512.00,5,2025-06-01 02:27:46
1344.00,5,2025-06-01 02:27:47
912.00,3,2025-06-01 02:27:48
1696.00,5,2025-06-01 02:27:49
912.00,2,2025-06-01 02:27:50
1056.00,3,2025-06-01 02:27:52
1824.00,2,2025-06-01 02:27:58
640.00,2,2025-06-01 02:27:59
304.00,3,2025-06-01 02:28:00
448.00,2,2025-06-01 02:28:02
1408.00,1,2025-06-01 02:28:08
1392.00,4,2025-06-01 02:28:09
1728.00,2,2025-06-01 02:28:10
1664.00,4,2025-06-01 02:28:11
576.00,2,2025-06-01 02:28:13
1920.00,2,2025-06-01 02:28:17
2000.00,3,2025-06-01 02:28:20
512.00,5,2025-06-01 02:28:22
736.00,5,2025-06-01 02:28:23
608.00,4,2025-06-01 02:28:24
1744.00,5,2025-06-01 02:28:27
1056.00,4,2025-06-01 02:28:28
448.00,3,2025-06-01 02:28:30
512.00,3,2025-06-01 02:28:32
1952.00,3,2025-06-01 02:28:33
2592.00,2,2025-06-01 02:28:34
1488.00,2,2025-06-01 02:28:35
1472.00,1,2025-06-01 02:28:36
1056.00,1,2025-06-01 02:28:38
1360.00,2,2025-06-01 02:28:40
912.00,4,2025-06-01 02:28:42
1568.00,2,2025-06-01 02:28:48
1776.00,5,2025-06-01 02:28:51
2304.00,1,2025-06-01 02:28:52
576.00,1,2025-06-01 02:28:54
1440.00,3,2025-06-01 02:28:58
2400.00,3,2025-06-01 02:29:00
288.00,5,2025-06-01 02:29:01
1168.00,2,2025-06-01 02:29:02
2160.00,2,2025-06-01 02:29:03
768.00,3,2025-06-01 02:29:05
1216.00,4,2025-06-01 02:29:07
1488.00,3,2025-06-01 02:29:09
1216.00,1,2025-06-01 02:29:10
864.00,1,2025-06-01 02:29:11
1216.00,3,2025-06-01 02:29:15
1376.00,3,2025-06-01 02:29:16
1184.00,5,2025-06-01 02:29:20
512.00,5,2025-06-01 02:29:22
288.00,3,2025-06-01 02:29:25
1920.00,5,2025-06-01 02:29:26
1152.00,2,2025-06-01 02:29:28
928.00,1,2025-06-01 02:29:30
512.00,2,2025-06-01 02:29:31
864.00,5,2025-06-01 02:29:32
1344.00,2,2025-06-01 02:29:37
1152.00,3,2025-06-01 02:29:41
864.00,4,2025-06-01 02:29:42
1376.00,3,2025-06-01 02:29:43
864.00,4,2025-06-01 02:29:44
1024.00,3,2025-06-01 02:29:47
832.00,4,2025-06-01 02:29:50
672.00,1,2025-06-01 02:29:51
1184.00,1,2025-06-01 02:29:55
1344.00,4,2025-06-01 02:29:56
960.00,5,2025-06-01 02:29:57
864.00,1,2025-06-01 02:29:58
2048.00,2,2025-06-01 02:30:00
912.00,5,2025-06-01 02:30:02
256.00,1,2025-06-01 02:30:04
304.00,5,2025-06-01 02:30:06
608.00,5,2025-06-01 02:30:13
1056.00,3,2025-06-01 02:30:14
1504.00,3,2025-06-01 02:30:15
1472.00,1,2025-06-01 02:30:18
768.00,2,2025-06-01 02:30:20
608.00,4,2025-06-01 02:30:23
896.00,2,2025-06-01 02:30:24
1664.00,4,2025-06-01 02:30:32
864.00,2,2025-06-01 02:30:34
1120.00,3,2025-06-01 02:30:36
1632.00,3,2025-06-01 02:30:40
1440.00,1,2025-06-01 02:30:44
1120.00,5,2025-06-01 02:30:45
576.00,3,2025-06-01 02:30:46
2016.00,5,2025-06-01 02:30:48
1248.00,5,2025-06-01 02:30:49
592.00,2,2025-06-01 02:30:53
224.00,2,2025-06-01 02:30:55
864.00,3,2025-06-01 02:30:56
512.00,1,2025-06-01 02:30:57
752.00,5,2025-06-01 02:31:00
1056.00,5,2025-06-01 02:31:03
832.00,3,2025-06-01 02:31:04
1520.00,1,2025-06-01 02:31:05
640.00,2,2025-06-01 02:31:07
576.00,5,2025-06-01 02:31:09
1664.00,4,2025-06-01 02:31:14
960.00,1,2025-06-01 02:31:17
1824.00,1,2025-06-01 02:31:18
880.00,4,2025-06-01 02:31:19
1216.00,4,2025-06-01 02:31:20
1136.00,2,2025-06-01 02:31:24
960.00,4,2025-06-01 02:31:28
1984.00,3,2025-06-01 02:31:31
192.00,3,2025-06-01 02:31:32
864.00,1,2025-06-01 02:31:34
1872.00,5,2025-06-01 02:31:37
576.00,5,2025-06-01 02:31:39
1280.00,4,2025-06-01 02:31:43
1120.00,4,2025-06-01 02:31:47
2016.00,5,2025-06-01 02:31:48
448.00,3,2025-06-01 02:31:59
1728.00,2,2025-06-01 02:32:00
896.00,2,2025-06-01 02:32:04
576.00,4,2025-06-01 02:32:08
1136.00,4,2025-06-01 02:32:10
2304.00,5,2025-06-01 02:32:11
1264.00,3,2025-06-01 02:32:12
544.00,2,2025-06-01 02:32:13
768.00,3,2025-06-01 02:32:17
1472.00,1,2025-06-01 02:32:19
896.00,1,2025-06-01 02:32:22
832.00,3,2025-06-01 02:32:23
1824.00,4,2025-06-01 02:32:26
1696.00,2,2025-06-01 02:32:27
1456.00,4,2025-06-01 02:32:29
1280.00,4,2025-06-01 02:32:30
512.00,1,2025-06-01 02:32:34
608.00,2,2025-06-01 02:32:36
1072.00,5,2025-06-01 02:32:40
1488.00,5,2025-06-01 02:32:41
896.00,3,2025-06-01 02:32:42
480.00,2,2025-06-01 02:32:45
1568.00,1,2025-06-01 02:32:47
896.00,3,2025-06-01 02:32:48
1248.00,4,2025-06-01 02:32:49
704.00,4,2025-06-01 02:32:52
1056.00,5,2025-06-01 02:32:54
896.00,4,2025-06-01 02:32:55
192.00,4,2025-06-01 02:32:56
2208.00,1,2025-06-01 02:32:57
1632.00,5,2025-06-01 02:32:58
1152.00,1,2025-06-01 02:33:02
1968.00,4,2025-06-01 02:33:05
832.00,5,2025-06-01 02:33:07
288.00,3,2025-06-01 02:33:10
1408.00,4,2025-06-01 02:33:14
992.00,1,2025-06-01 02:33:16
1280.00,1,2025-06-01 02:33:19
1344.00,3,2025-06-01 02:33:24
1184.00,2,2025-06-01 02:33:26
2304.00,2,2025-06-01 02:33:28
864.00,5,2025-06-01 02:33:29
192.00,3,2025-06-01 02:33:30
768.00,3,2025-06-01 02:33:33
928.00,2,2025-06-01 02:33:37
576.00,4,2025-06-01 02:33:38
1120.00,4,2025-06-01 02:33:40
512.00,1,2025-06-01 02:33:41
896.00,3,2025-06-01 02:33:44
1600.00,5,2025-06-01 02:33:48
256.00,4,2025-06-01 02:33:54
704.00,3,2025-06-01 02:33:55
768.00,4,2025-06-01 02:33:58
2288.00,2,2025-06-01 02:34:00
1152.00,1,2025-06-01 02:34:03
1504.00,1,2025-06-01 02:34:04
1216.00,1,2025-06-01 02:34:06
1552.00,1,2025-06-01 02:34:07
960.00,1,2025-06-01 02:34:10
672.00,4,2025-06-01 02:34:12
512.00,3,2025-06-01 02:34:17
624.00,3,2025-06-01 02:34:19
1440.00,4,2025-06-01 02:34:20
1152.00,2,2025-06-01 02:34:21
608.00,1,2025-06-01 02:34:24
304.00,5,2025-06-01 02:34:28
1088.00,4,2025-06-01 02:34:30
768.00,1,2025-06-01 02:34:36
864.00,3,2025-06-01 02:34:37
576.00,1,2025-06-01 02:34:39
384.00,2,2025-06-01 02:34:40
960.00,5,2025-06-01 02:34:44
1280.00,5,2025-06-01 02:34:45
1312.00,3,2025-06-01 02:34:49
1024.00,1,2025-06-01 02:34:52
512.00,2,2025-06-01 02:34:55
512.00,2,2025-06-01 02:34:56
1216.00,4,2025-06-01 02:34:59
1744.00,2,2025-06-01 02:35:03
624.00,5,2025-06-01 02:35:05
1744.00,1,2025-06-01 02:35:06
944.00,1,2025-06-01 02:35:10
2224.00,3,2025-06-01 02:35:13
256.00,1,2025-06-01 02:35:15
912.00,4,2025-06-01 02:35:16
1776.00,1,2025-06-01 02:35:17
256.00,4,2025-06-01 02:35:18
864.00,4,2025-06-01 02:35:20
864.00,1,2025-06-01 02:35:21
672.00,1,2025-06-01 02:35:22
960.00,3,2025-06-01 02:35:23
672.00,1,2025-06-01 02:35:25
608.00,3,2025-06-01 02:35:27
1840.00,3,2025-06-01 02:35:30
1088.00,1,2025-06-01 02:35:33
1376.00,3,2025-06-01 02:35:35
1696.00,2,2025-06-01 02:35:36
1488.00,5,2025-06-01 02:35:38
672.00,4,2025-06-01 02:35:39
1344.00,2,2025-06-01 02:35:41
1088.00,5,2025-06-01 02:35:42
960.00,4,2025-06-01 02:35:44
896.00,3,2025-06-01 02:35:49
320.00,3,2025-06-01 02:35:50
928.00,4,2025-06-01 02:35:51
1696.00,1,2025-06-01 02:36:00
672.00,5,2025-06-01 02:36:03
2496.00,4,2025-06-01 02:36:04
1344.00,4,2025-06-01 02:36:05
2048.00,5,2025-06-01 02:36:08
1616.00,1,2025-06-01 02:36:09
1120.00,2,2025-06-01 02:36:10
1680.00,4,2025-06-01 02:36:11
2352.00,2,2025-06-01 02:36:14
384.00,4,2025-06-01 02:36:16
256.00,5,2025-06-01 02:36:17
1312.00,2,2025-06-01 02:36:19
768.00,4,2025-06-01 02:36:23
256.00,3,2025-06-01 02:36:24
864.00,1,2025-06-01 02:36:25
576.00,5,2025-06-01 02:36:26
960.00,1,2025-06-01 02:36:28
320.00,4,2025-06-01 02:36:32
768.00,4,2025-06-01 02:36:36
544.00,2,2025-06-01 02:36:37
576.00,3,2025-06-01 02:36:38
1024.00,3,2025-06-01 02:36:39
864.00,2,2025-06-01 02:36:43
2368.00,2,2025-06-01 02:36:45
1504.00,3,2025-06-01 02:36:47
768.00,4,2025-06-01 02:36:52
1024.00,2,2025-06-01 02:36:55
2352.00,1,2025-06-01 02:36:56
1584.00,4,2025-06-01 02:36:57
1088.00,1,2025-06-01 02:36:58
448.00,3,2025-06-01 02:36:59
1248.00,5,2025-06-01 02:37:00
1120.00,1,2025-06-01 02:37:01
384.00,3,2025-06-01 02:37:02
576.00,2,2025-06-01 02:37:03
1248.00,1,2025-06-01 02:37:04
1856.00,3,2025-06-01 02:37:05
192.00,3,2025-06-01 02:37:07
320.00,3,2025-06-01 02:37:09
1088.00,5,2025-06-01 02:37:10
1168.00,3,2025-06-01 02:37:12
768.00,1,2025-06-01 02:37:13
480.00,1,2025-06-01 02:37:15
1744.00,2,2025-06-01 02:37:17
320.00,1,2025-06-01 02:37:23
1888.00,2,2025-06-01 02:37:24
2000.00,1,2025-06-01 02:37:25
512.00,4,2025-06-01 02:37:26
992.00,1,2025-06-01 02:37:28
560.00,2,2025-06-01 02:37:29
512.00,3,2025-06-01 02:37:32
288.00,2,2025-06-01 02:37:35
640.00,5,2025-06-01 02:37:37
672.00,4,2025-06-01 02:37:41
1728.00,2,2025-06-01 02:37:43
1440.00,2,2025-06-01 02:37:45
768.00,1,2025-06-01 02:37:46
192.00,5,2025-06-01 02:37:49
864.00,5,2025-06-01 02:37:52
640.00,5,2025-06-01 02:37:54
768.00,5,2025-06-01 02:37:55
1328.00,1,2025-06-01 02:37:56
576.00,3,2025-06-01 02:37:58
256.00,5,2025-06-01 02:38:00
1184.00,5,2025-06-01 02:38:01
1824.00,4,2025-06-01 02:38:04
1056.00,3,2025-06-01 02:38:08
880.00,3,2025-06-01 02:38:10
1200.00,2,2025-06-01 02:38:11
448.00,5,2025-06-01 02:38:12
1104.00,5,2025-06-01 02:38:14
448.00,4,2025-06-01 02:38:15
1056.00,5,2025-06-01 02:38:16
672.00,1,2025-06-01 02:38:18
1952.00,3,2025-06-01 02:38:19
1024.00,1,2025-06-01 02:38:28
544.00,4,2025-06-01 02:38:29
2080.00,1,2025-06-01 02:38:31
2144.00,4,2025-06-01 02:38:36
912.00,3,2025-06-01 02:38:37
576.00,4,2025-06-01 02:38:41
1536.00,2,2025-06-01 02:38:42
224.00,5,2025-06-01 02:38:43
1632.00,3,2025-06-01 02:38:44
576.00,4,2025-06-01 02:38:45
1744.00,2,2025-06-01 02:38:47
448.00,3,2025-06-01 02:38:48
1920.00,5,2025-06-01 02:38:51
1184.00,2,2025-06-01 02:38:52
2496.00,4,2025-06-01 02:38:53
2144.00,3,2025-06-01 02:38:55
1440.00,1,2025-06-01 02:38:56
1248.00,3,2025-06-01 02:39:02
448.00,3,2025-06-01 02:39:04
288.00,4,2025-06-01 02:39:06
224.00,5,2025-06-01 02:39:07
768.00,2,2025-06-01 02:39:08
192.00,5,2025-06-01 02:39:10
912.00,5,2025-06-01 02:39:12
1216.00,1,2025-06-01 02:39:14
912.00,4,2025-06-01 02:39:16
960.00,1,2025-06-01 02:39:17
1600.00,4,2025-06-01 02:39:18
2016.00,4,2025-06-01 02:39:24
2016.00,5,2025-06-01 02:39:27
1056.00,1,2025-06-01 02:39:28
848.00,1,2025-06-01 02:39:29
1536.00,2,2025-06-01 02:39:33
1152.00,3,2025-06-01 02:39:36
1024.00,5,2025-06-01 02:39:37
1536.00,2,2025-06-01 02:39:40
256.00,4,2025-06-01 02:39:41
1648.00,2,2025-06-01 02:39:42
2048.00,5,2025-06-01 02:39:43
1536.00,1,2025-06-01 02:39:51
1728.00,4,2025-06-01 02:39:57
816.00,1,2025-06-01 02:39:58
1488.00,3,2025-06-01 02:39:59
1376.00,4,2025-06-01 02:40:01
1408.00,2,2025-06-01 02:40:02
512.00,1,2025-06-01 02:40:04
1184.00,1,2025-06-01 02:40:05
1888.00,2,2025-06-01 02:40:10
1760.00,2,2025-06-01 02:40:11
2048.00,5,2025-06-01 02:40:14
1344.00,2,2025-06-01 02:40:15
256.00,4,2025-06-01 02:40:16
1760.00,5,2025-06-01 02:40:19
2592.00,4,2025-06-01 02:40:21
512.00,3,2025-06-01 02:40:23
2368.00,3,2025-06-01 02:40:27
736.00,4,2025-06-01 02:40:30
1248.00,4,2025-06-01 02:40:31
544.00,1,2025-06-01 02:40:34
960.00,1,2025-06-01 02:40:36
1360.00,4,2025-06-01 02:40:37
576.00,1,2025-06-01 02:40:41
1696.00,3,2025-06-01 02:40:46
512.00,1,2025-06-01 02:40:49
1664.00,1,2025-06-01 02:40:50
1440.00,2,2025-06-01 02:40:54
1440.00,5,2025-06-01 02:40:55
288.00,1,2025-06-01 02:40:56
192.00,5,2025-06-01 02:40:57
256.00,5,2025-06-01 02:40:58
1280.00,5,2025-06-01 02:41:00
960.00,5,2025-06-01 02:41:03
1344.00,4,2025-06-01 02:41:05
896.00,1,2025-06-01 02:41:06
1792.00,1,2025-06-01 02:41:07
1536.00,4,2025-06-01 02:41:09
1248.00,3,2025-06-01 02:41:10
1072.00,4,2025-06-01 02:41:11
448.00,4,2025-06-01 02:41:12
864.00,2,2025-06-01 02:41:13
1088.00,1,2025-06-01 02:41:15
416.00,1,2025-06-01 02:41:17
2112.00,3,2025-06-01 02:41:22
1392.00,4,2025-06-01 02:41:23
256.00,5,2025-06-01 02:41:24
1152.00,1,2025-06-01 02:41:28
800.00,2,2025-06-01 02:41:32
1664.00,5,2025-06-01 02:41:35
960.00,3,2025-06-01 02:41:36
1536.00,3,2025-06-01 02:41:39
832.00,3,2025-06-01 02:41:47
1344.00,5,2025-06-01 02:41:49
864.00,5,2025-06-01 02:41:50
704.00,1,2025-06-01 02:41:51
1728.00,4,2025-06-01 02:41:52
1504.00,1,2025-06-01 02:41:54
2016.00,5,2025-06-01 02:41:55
1616.00,3,2025-06-01 02:41:57
896.00,4,2025-06-01 02:42:00
752.00,3,2025-06-01 02:42:02
864.00,4,2025-06-01 02:42:08
192.00,4,2025-06-01 02:42:09
512.00,4,2025-06-01 02:42:10
1440.00,2,2025-06-01 02:42:11
1728.00,1,2025-06-01 02:42:13
576.00,3,2025-06-01 02:42:14
1440.00,3,2025-06-01 02:42:15
960.00,2,2025-06-01 02:42:16
1056.00,5,2025-06-01 02:42:17
1856.00,3,2025-06-01 02:42:19
672.00,1,2025-06-01 02:42:23
832.00,1,2025-06-01 02:42:27
1184.00,3,2025-06-01 02:42:29
960.00,4,2025-06-01 02:42:32
2176.00,4,2025-06-01 02:42:34
640.00,5,2025-06-01 02:42:36
768.00,1,2025-06-01 02:42:37
384.00,1,2025-06-01 02:42:39
576.00,4,2025-06-01 02:42:40
960.00,2,2025-06-01 02:42:43
640.00,3,2025-06-01 02:42:52
768.00,2,2025-06-01 02:42:53
256.00,2,2025-06-01 02:42:54
1600.00,3,2025-06-01 02:42:57
672.00,3,2025-06-01 02:42:59
1840.00,5,2025-06-01 02:43:00
576.00,3,2025-06-01 02:43:01
1760.00,4,2025-06-01 02:43:05
512.00,3,2025-06-01 02:43:06
1152.00,3,2025-06-01 02:43:07
1120.00,4,2025-06-01 02:43:08
512.00,3,2025-06-01 02:43:10
1184.00,3,2025-06-01 02:43:11
1024.00,4,2025-06-01 02:43:14
976.00,4,2025-06-01 02:43:15
1280.00,5,2025-06-01 02:43:17
1152.00,1,2025-06-01 02:43:22
256.00,4,2025-06-01 02:43:23
1088.00,2,2025-06-01 02:43:25
1632.00,2,2025-06-01 02:43:27
672.00,5,2025-06-01 02:43:33
1104.00,4,2025-06-01 02:43:36
1024.00,4,2025-06-01 02:43:40
1520.00,4,2025-06-01 02:43:42
1440.00,5,2025-06-01 02:43:45
1088.00,4,2025-06-01 02:43:46
1568.00,3,2025-06-01 02:43:47
576.00,5,2025-06-01 02:43:48
640.00,3,2025-06-01 02:43:49
192.00,2,2025-06-01 02:43:50
320.00,3,2025-06-01 02:43:52
1120.00,3,2025-06-01 02:43:53
1200.00,3,2025-06-01 02:43:54
288.00,2,2025-06-01 02:43:57
2336.00,1,2025-06-01 02:43:58
768.00,1,2025-06-01 02:44:01
1120.00,2,2025-06-01 02:44:04
512.00,5,2025-06-01 02:44:06
1168.00,5,2025-06-01 02:44:09
1696.00,5,2025-06-01 02:44:11
1824.00,5,2025-06-01 02:44:12
1488.00,3,2025-06-01 02:44:14
256.00,1,2025-06-01 02:44:15
1440.00,4,2025-06-01 02:44:18
320.00,1,2025-06-01 02:44:21
1216.00,2,2025-06-01 02:44:23
1632.00,2,2025-06-01 02:44:25
1200.00,5,2025-06-01 02:44:26
1488.00,1,2025-06-01 02:44:28
2272.00,4,2025-06-01 02:44:30
1632.00,3,2025-06-01 02:44:33
320.00,3,2025-06-01 02:44:40
480.00,1,2025-06-01 02:44:41
576.00,1,2025-06-01 02:44:43
256.00,4,2025-06-01 02:44:44
1344.00,1,2025-06-01 02:44:46
1408.00,1,2025-06-01 02:44:48
1472.00,3,2025-06-01 02:44:49
576.00,5,2025-06-01 02:44:54
768.00,3,2025-06-01 02:44:57
1344.00,5,2025-06-01 02:45:00
1440.00,5,2025-06-01 02:45:01
1024.00,2,2025-06-01 02:45:02
576.00,1,2025-06-01 02:45:03
528.00,4,2025-06-01 02:45:04
2112.00,3,2025-06-01 02:45:05
1152.00,5,2025-06-01 02:45:06
1696.00,2,2025-06-01 02:45:07
512.00,1,2025-06-01 02:45:10
1184.00,1,2025-06-01 02:45:13
576.00,1,2025-06-01 02:45:14
304.00,1,2025-06-01 02:45:15
576.00,5,2025-06-01 02:45:17
1152.00,3,2025-06-01 02:45:18
1152.00,5,2025-06-01 02:45:19
1024.00,4,2025-06-01 02:45:20
1760.00,3,2025-06-01 02:45:23
672.00,3,2025-06-01 02:45:25
960.00,5,2025-06-01 02:45:28
448.00,1,2025-06-01 02:45:29
192.00,1,2025-06-01 02:45:32
1088.00,2,2025-06-01 02:45:34
512.00,5,2025-06-01 02:45:36
1280.00,2,2025-06-01 02:45:38
1216.00,5,2025-06-01 02:45:42
576.00,3,2025-06-01 02:45:43
1808.00,5,2025-06-01 02:45:44
1088.00,4,2025-06-01 02:45:45
1472.00,5,2025-06-01 02:45:47
448.00,3,2025-06-01 02:45:48
1488.00,1,2025-06-01 02:45:50
1360.00,5,2025-06-01 02:45:53
1776.00,4,2025-06-01 02:45:55
320.00,1,2025-06-01 02:46:02
1120.00,4,2025-06-01 02:46:05
1472.00,5,2025-06-01 02:46:06
2016.00,4,2025-06-01 02:46:08
912.00,4,2025-06-01 02:46:12
528.00,5,2025-06-01 02:46:15
288.00,3,2025-06-01 02:46:16
1568.00,5,2025-06-01 02:46:17
1088.00,1,2025-06-01 02:46:20
1056.00,5,2025-06-01 02:46:24
1056.00,4,2025-06-01 02:46:25
448.00,2,2025-06-01 02:46:27
1088.00,2,2025-06-01 02:46:29
224.00,4,2025-06-01 02:46:31
896.00,5,2025-06-01 02:46:33
256.00,2,2025-06-01 02:46:34
2048.00,5,2025-06-01 02:46:35
1168.00,3,2025-06-01 02:46:37
1760.00,3,2025-06-01 02:46:40
1120.00,5,2025-06-01 02:46:50
1056.00,3,2025-06-01 02:46:56
1568.00,3,2025-06-01 02:47:01
864.00,5,2025-06-01 02:47:07
256.00,5,2025-06-01 02:47:08
960.00,4,2025-06-01 02:47:09
192.00,3,2025-06-01 02:47:12
2048.00,5,2025-06-01 02:47:19
256.00,5,2025-06-01 02:47:22
1280.00,4,2025-06-01 02:47:24
1440.00,2,2025-06-01 02:47:25
1792.00,4,2025-06-01 02:47:27
864.00,5,2025-06-01 02:47:30
2336.00,2,2025-06-01 02:47:32
864.00,5,2025-06-01 02:47:33
1232.00,4,2025-06-01 02:47:35
1248.00,4,2025-06-01 02:47:37
256.00,5,2025-06-01 02:47:38
1456.00,2,2025-06-01 02:47:39
1696.00,4,2025-06-01 02:47:42
1088.00,3,2025-06-01 02:47:44
960.00,2,2025-06-01 02:47:49
896.00,1,2025-06-01 02:47:51
320.00,5,2025-06-01 02:47:53
768.00,2,2025-06-01 02:47:56
512.00,5,2025-06-01 02:47:57
1632.00,3,2025-06-01 02:48:00
1440.00,3,2025-06-01 02:48:03
1536.00,2,2025-06-01 02:48:09
256.00,2,2025-06-01 02:48:11
1312.00,2,2025-06-01 02:48:12
1568.00,3,2025-06-01 02:48:13
576.00,5,2025-06-01 02:48:15
1856.00,1,2025-06-01 02:48:17
608.00,3,2025-06-01 02:48:19
448.00,1,2025-06-01 02:48:21
864.00,1,2025-06-01 02:48:29
384.00,3,2025-06-01 02:48:32
224.00,1,2025-06-01 02:48:33
1024.00,3,2025-06-01 02:48:34
1632.00,4,2025-06-01 02:48:36
768.00,1,2025-06-01 02:48:39
576.00,4,2025-06-01 02:48:40
800.00,1,2025-06-01 02:48:41
576.00,3,2025-06-01 02:48:47
512.00,2,2025-06-01 02:48:53
256.00,3,2025-06-01 02:48:54
768.00,3,2025-06-01 02:49:01
576.00,3,2025-06-01 02:49:08
1472.00,5,2025-06-01 02:49:09
1152.00,4,2025-06-01 02:49:11
576.00,5,2025-06-01 02:49:13
896.00,4,2025-06-01 02:49:14
1088.00,3,2025-06-01 02:49:17
1472.00,1,2025-06-01 02:49:20
320.00,2,2025-06-01 02:49:24
672.00,1,2025-06-01 02:49:26
896.00,5,2025-06-01 02:49:27
288.00,1,2025-06-01 02:49:34
1088.00,2,2025-06-01 02:49:36
832.00,3,2025-06-01 02:49:37
1600.00,5,2025-06-01 02:49:38
864.00,1,2025-06-01 02:49:40
1536.00,5,2025-06-01 02:49:43
880.00,2,2025-06-01 02:49:44
1888.00,2,2025-06-01 02:49:49
224.00,1,2025-06-01 02:49:53
1344.00,1,2025-06-01 02:49:55
1216.00,1,2025-06-01 02:49:56
864.00,2,2025-06-01 02:49:57
1680.00,2,2025-06-01 02:50:00
416.00,5,2025-06-01 02:50:08
1888.00,2,2025-06-01 02:50:10
1632.00,1,2025-06-01 02:50:11
768.00,3,2025-06-01 02:50:13
1248.00,1,2025-06-01 02:50:14
640.00,1,2025-06-01 02:50:15
1152.00,4,2025-06-01 02:50:16
1536.00,1,2025-06-01 02:50:17
2448.00,2,2025-06-01 02:50:19
1536.00,4,2025-06-01 02:50:21
1440.00,3,2025-06-01 02:50:23
256.00,5,2025-06-01 02:50:28
1168.00,2,2025-06-01 02:50:30
1632.00,5,2025-06-01 02:50:31
704.00,2,2025-06-01 02:50:33
1680.00,2,2025-06-01 02:50:36
1392.00,5,2025-06-01 02:50:37
1408.00,1,2025-06-01 02:50:39
1920.00,2,2025-06-01 02:50:40
576.00,5,2025-06-01 02:50:47
1184.00,2,2025-06-01 02:50:48
1184.00,3,2025-06-01 02:50:50
768.00,4,2025-06-01 02:50:53
2304.00,2,2025-06-01 02:51:01
480.00,4,2025-06-01 02:51:02
288.00,3,2025-06-01 02:51:04
1856.00,3,2025-06-01 02:51:06
2096.00,5,2025-06-01 02:51:07
768.00,4,2025-06-01 02:51:08
832.00,3,2025-06-01 02:51:09
2336.00,1,2025-06-01 02:51:10
1408.00,2,2025-06-01 02:51:15
1248.00,3,2025-06-01 02:51:16
1376.00,3,2025-06-01 02:51:18
1984.00,5,2025-06-01 02:51:23
960.00,4,2025-06-01 02:51:24
1024.00,4,2025-06-01 02:51:25
800.00,1,2025-06-01 02:51:26
192.00,3,2025-06-01 02:51:29
1680.00,5,2025-06-01 02:51:31
1312.00,1,2025-06-01 02:51:33
1584.00,5,2025-06-01 02:51:36
992.00,1,2025-06-01 02:51:41
1568.00,3,2025-06-01 02:51:42
912.00,2,2025-06-01 02:51:46
768.00,5,2025-06-01 02:51:48
2112.00,5,2025-06-01 02:51:49
576.00,3,2025-06-01 02:51:54
672.00,2,2025-06-01 02:51:56
1376.00,1,2025-06-01 02:51:58
1632.00,4,2025-06-01 02:51:59
736.00,1,2025-06-01 02:52:03
1408.00,1,2025-06-01 02:52:05
1104.00,4,2025-06-01 02:52:06
768.00,2,2025-06-01 02:52:07
576.00,4,2025-06-01 02:52:11
1616.00,2,2025-06-01 02:52:13
928.00,5,2025-06-01 02:52:14
736.00,4,2025-06-01 02:52:15
288.00,3,2025-06-01 02:52:16
768.00,3,2025-06-01 02:52:18
1088.00,1,2025-06-01 02:52:19
1168.00,3,2025-06-01 02:52:20
1440.00,4,2025-06-01 02:52:25
1440.00,3,2025-06-01 02:52:27
448.00,3,2025-06-01 02:52:28
672.00,3,2025-06-01 02:52:30
864.00,2,2025-06-01 02:52:31
1216.00,4,2025-06-01 02:52:32
2112.00,1,2025-06-01 02:52:34
896.00,1,2025-06-01 02:52:37
928.00,1,2025-06-01 02:52:38
1408.00,1,2025-06-01 02:52:40
1440.00,4,2025-06-01 02:52:41
1056.00,5,2025-06-01 02:52:43
224.00,3,2025-06-01 02:52:44
1072.00,5,2025-06-01 02:52:47
384.00,4,2025-06-01 02:52:48
944.00,1,2025-06-01 02:52:51
496.00,1,2025-06-01 02:52:54
1056.00,1,2025-06-01 02:52:56
2080.00,2,2025-06-01 02:52:57
576.00,1,2025-06-01 02:53:01
1600.00,1,2025-06-01 02:53:02
1024.00,2,2025-06-01 02:53:03
1696.00,5,2025-06-01 02:53:06
608.00,4,2025-06-01 02:53:08
1984.00,4,2025-06-01 02:53:10
1168.00,2,2025-06-01 02:53:11
1552.00,5,2025-06-01 02:53:12
1472.00,4,2025-06-01 02:53:13
1504.00,4,2025-06-01 02:53:15
576.00,5,2025-06-01 02:53:19
1440.00,3,2025-06-01 02:53:21
1344.00,1,2025-06-01 02:53:22
576.00,2,2025-06-01 02:53:31
912.00,2,2025-06-01 02:53:33
640.00,5,2025-06-01 02:53:35
192.00,3,2025-06-01 02:53:36
1056.00,4,2025-06-01 02:53:38
2080.00,3,2025-06-01 02:53:40
512.00,5,2025-06-01 02:53:41
1568.00,4,2025-06-01 02:53:43
896.00,3,2025-06-01 02:53:46
864.00,4,2025-06-01 02:53:47
768.00,2,2025-06-01 02:53:48
912.00,3,2025-06-01 02:53:50
1376.00,4,2025-06-01 02:53:51
864.00,2,2025-06-01 02:53:57
640.00,3,2025-06-01 02:53:58
1872.00,3,2025-06-01 02:54:01
2016.00,1,2025-06-01 02:54:04
256.00,2,2025-06-01 02:54:07
576.00,3,2025-06-01 02:54:12
1728.00,1,2025-06-01 02:54:17
1632.00,3,2025-06-01 02:54:19
576.00,1,2025-06-01 02:54:20
1280.00,4,2025-06-01 02:54:21
384.00,4,2025-06-01 02:54:23
768.00,5,2025-06-01 02:54:26
1408.00,3,2025-06-01 02:54:27
1088.00,2,2025-06-01 02:54:30
256.00,1,2025-06-01 02:54:31
960.00,1,2025-06-01 02:54:33
1664.00,5,2025-06-01 02:54:40
576.00,1,2025-06-01 02:54:44
560.00,1,2025-06-01 02:54:46
448.00,3,2025-06-01 02:54:48
1088.00,3,2025-06-01 02:54:49
1088.00,3,2025-06-01 02:54:54
512.00,4,2025-06-01 02:54:55
768.00,5,2025-06-01 02:54:56
672.00,3,2025-06-01 02:54:57
1728.00,3,2025-06-01 02:54:58
608.00,2,2025-06-01 02:54:59
320.00,2,2025-06-01 02:55:01
1376.00,1,2025-06-01 02:55:04
864.00,1,2025-06-01 02:55:06
1088.00,4,2025-06-01 02:55:08
576.00,4,2025-06-01 02:55:09
288.00,1,2025-06-01 02:55:17
1872.00,3,2025-06-01 02:55:18
640.00,5,2025-06-01 02:55:20
960.00,1,2025-06-01 02:55:22
2288.00,2,2025-06-01 02:55:24
288.00,2,2025-06-01 02:55:28
2000.00,4,2025-06-01 02:55:30
256.00,2,2025-06-01 02:55:32
576.00,1,2025-06-01 02:55:39
320.00,5,2025-06-01 02:55:41
1680.00,4,2025-06-01 02:55:42
800.00,2,2025-06-01 02:55:44
768.00,3,2025-06-01 02:55:45
960.00,2,2025-06-01 02:55:46
1424.00,4,2025-06-01 02:55:49
1232.00,5,2025-06-01 02:55:52
192.00,3,2025-06-01 02:55:54
288.00,3,2025-06-01 02:55:55
2032.00,3,2025-06-01 02:56:03
896.00,5,2025-06-01 02:56:08
2032.00,5,2025-06-01 02:56:18
1056.00,5,2025-06-01 02:56:19
320.00,1,2025-06-01 02:56:21
1504.00,1,2025-06-01 02:56:22
1088.00,3,2025-06-01 02:56:24
1248.00,2,2025-06-01 02:56:27
1312.00,2,2025-06-01 02:56:31
816.00,1,2025-06-01 02:56:34
1184.00,3,2025-06-01 02:56:35
1088.00,5,2025-06-01 02:56:41
1408.00,3,2025-06-01 02:56:43
512.00,5,2025-06-01 02:56:44
1008.00,2,2025-06-01 02:56:45
1936.00,4,2025-06-01 02:56:47
1280.00,3,2025-06-01 02:56:49
1824.00,3,2025-06-01 02:56:51
480.00,2,2025-06-01 02:56:52
448.00,2,2025-06-01 02:56:53
1280.00,4,2025-06-01 02:56:54
960.00,5,2025-06-01 02:57:02
1024.00,4,2025-06-01 02:57:08
1568.00,4,2025-06-01 02:57:09
1792.00,3,2025-06-01 02:57:10
1088.00,2,2025-06-01 02:57:17
864.00,4,2025-06-01 02:57:20
1216.00,5,2025-06-01 02:57:21
1072.00,2,2025-06-01 02:57:22
1568.00,5,2025-06-01 02:57:25
1344.00,2,2025-06-01 02:57:26
224.00,1,2025-06-01 02:57:28
1696.00,4,2025-06-01 02:57:29
832.00,2,2025-06-01 02:57:31
2192.00,1,2025-06-01 02:57:32
608.00,1,2025-06-01 02:57:34
1488.00,2,2025-06-01 02:57:36
736.00,2,2025-06-01 02:57:37
1600.00,2,2025-06-01 02:57:38
1376.00,2,2025-06-01 02:57:40
1056.00,5,2025-06-01 02:57:43
2048.00,4,2025-06-01 02:57:45
1808.00,5,2025-06-01 02:57:50
1504.00,1,2025-06-01 02:57:54
1472.00,1,2025-06-01 02:57:56
1440.00,2,2025-06-01 02:58:01
1472.00,5,2025-06-01 02:58:02
1728.00,1,2025-06-01 02:58:18
1024.00,3,2025-06-01 02:58:21
2304.00,3,2025-06-01 02:58:23
256.00,1,2025-06-01 02:58:24
880.00,3,2025-06-01 02:58:25
608.00,3,2025-06-01 02:58:29
1120.00,4,2025-06-01 02:58:31
800.00,3,2025-06-01 02:58:32
256.00,2,2025-06-01 02:58:34
832.00,5,2025-06-01 02:58:35
2288.00,2,2025-06-01 02:58:38
1312.00,5,2025-06-01 02:58:39
800.00,5,2025-06-01 02:58:44
576.00,5,2025-06-01 02:58:45
1536.00,4,2025-06-01 02:58:48
1536.00,3,2025-06-01 02:58:49
512.00,1,2025-06-01 02:58:51
1088.00,3,2025-06-01 02:58:53
2064.00,2,2025-06-01 02:58:56
1824.00,4,2025-06-01 02:58:58
672.00,3,2025-06-01 02:59:00
1344.00,3,2025-06-01 02:59:03
1376.00,4,2025-06-01 02:59:07
1632.00,3,2025-06-01 02:59:08
992.00,3,2025-06-01 02:59:09
544.00,2,2025-06-01 02:59:10
576.00,4,2025-06-01 02:59:11
1536.00,1,2025-06-01 02:59:13
288.00,4,2025-06-01 02:59:15
576.00,3,2025-06-01 02:59:21
448.00,1,2025-06-01 02:59:25
1568.00,5,2025-06-01 02:59:26
2448.00,3,2025-06-01 02:59:30
1952.00,3,2025-06-01 02:59:31
960.00,3,2025-06-01 02:59:35
320.00,1,2025-06-01 02:59:41
1408.00,4,2025-06-01 02:59:45
768.00,2,2025-06-01 02:59:46
304.00,3,2025-06-01 02:59:48
256.00,4,2025-06-01 02:59:52
1760.00,5,2025-06-01 02:59:54
1264.00,2,2025-06-01 02:59:55
1952.00,5,2025-06-01 02:59:58
1824.00,2,2025-06-01 03:00:03
672.00,3,2025-06-01 03:00:05
864.00,4,2025-06-01 03:00:06
1088.00,5,2025-06-01 03:00:07
1168.00,4,2025-06-01 03:00:10
1408.00,1,2025-06-01 03:00:11
576.00,5,2025-06-01 03:00:14
2288.00,2,2025-06-01 03:00:16
1472.00,2,2025-06-01 03:00:18
1792.00,4,2025-06-01 03:00:20
1440.00,4,2025-06-01 03:00:22
2592.00,2,2025-06-01 03:00:25
1312.00,4,2025-06-01 03:00:26
1120.00,3,2025-06-01 03:00:27
1248.00,3,2025-06-01 03:00:29
1408.00,4,2025-06-01 03:00:31
1088.00,3,2025-06-01 03:00:32
1664.00,3,2025-06-01 03:00:33
1728.00,4,2025-06-01 03:00:36
288.00,4,2025-06-01 03:00:37
768.00,5,2025-06-01 03:00:42
1472.00,2,2025-06-01 03:00:43
1344.00,1,2025-06-01 03:00:44
1280.00,3,2025-06-01 03:00:45
2736.00,5,2025-06-01 03:00:46
1280.00,1,2025-06-01 03:00:47
1312.00,4,2025-06-01 03:00:48
864.00,5,2025-06-01 03:00:49
1120.00,3,2025-06-01 03:00:50
1408.00,4,2025-06-01 03:00:51
864.00,4,2025-06-01 03:00:52
672.00,2,2025-06-01 03:00:53
992.00,1,2025-06-01 03:00:54
2016.00,1,2025-06-01 03:00:57
384.00,1,2025-06-01 03:00:58
1216.00,3,2025-06-01 03:01:04
576.00,2,2025-06-01 03:01:05
1200.00,5,2025-06-01 03:01:08
512.00,4,2025-06-01 03:01:09
768.00,5,2025-06-01 03:01:11
2016.00,5,2025-06-01 03:01:12
1648.00,2,2025-06-01 03:01:14
288.00,1,2025-06-01 03:01:15
640.00,5,2025-06-01 03:01:16
576.00,5,2025-06-01 03:01:17
1024.00,4,2025-06-01 03:01:19
1312.00,4,2025-06-01 03:01:20
1472.00,2,2025-06-01 03:01:21
256.00,2,2025-06-01 03:01:23
384.00,5,2025-06-01 03:01:27
304.00,2,2025-06-01 03:01:28
1136.00,4,2025-06-01 03:01:30
1536.00,3,2025-06-01 03:01:31
1632.00,1,2025-06-01 03:01:32
1440.00,1,2025-06-01 03:01:33
1552.00,4,2025-06-01 03:01:34
1536.00,4,2025-06-01 03:01:36
1024.00,5,2025-06-01 03:01:37
864.00,2,2025-06-01 03:01:38
640.00,3,2025-06-01 03:01:39
960.00,2,2025-06-01 03:01:42
1248.00,3,2025-06-01 03:01:43
1648.00,4,2025-06-01 03:01:45
1632.00,5,2025-06-01 03:01:46
1056.00,4,2025-06-01 03:01:47
1120.00,5,2025-06-01 03:01:49
880.00,3,2025-06-01 03:01:53
1408.00,4,2025-06-01 03:01:55
1568.00,4,2025-06-01 03:01:56
512.00,1,2025-06-01 03:01:57
912.00,3,2025-06-01 03:01:58
608.00,5,2025-06-01 03:01:59
512.00,1,2025-06-01 03:02:00
1664.00,2,2025-06-01 03:02:01
576.00,3,2025-06-01 03:02:02
320.00,1,2025-06-01 03:02:03
1120.00,2,2025-06-01 03:02:04
512.00,2,2025-06-01 03:02:05
960.00,3,2025-06-01 03:02:06
2592.00,5,2025-06-01 03:02:07
1376.00,4,2025-06-01 03:02:09
672.00,2,2025-06-01 03:02:10
1648.00,1,2025-06-01 03:02:12
1728.00,2,2025-06-01 03:02:14
1600.00,2,2025-06-01 03:02:15
576.00,1,2025-06-01 03:02:16
2112.00,3,2025-06-01 03:02:17
1792.00,4,2025-06-01 03:02:18
1936.00,4,2025-06-01 03:02:19
1088.00,3,2025-06-01 03:02:24
1536.00,5,2025-06-01 03:02:25
448.00,3,2025-06-01 03:02:26
576.00,1,2025-06-01 03:02:27
576.00,4,2025-06-01 03:02:28
768.00,1,2025-06-01 03:02:31
640.00,3,2025-06-01 03:02:32
1920.00,5,2025-06-01 03:02:33
1120.00,2,2025-06-01 03:02:34
1440.00,3,2025-06-01 03:02:35
960.00,5,2025-06-01 03:02:36
1408.00,4,2025-06-01 03:02:37
304.00,3,2025-06-01 03:02:39
1680.00,5,2025-06-01 03:02:40
1088.00,3,2025-06-01 03:02:41
1120.00,5,2025-06-01 03:02:43
896.00,1,2025-06-01 03:02:45
576.00,2,2025-06-01 03:02:47
1376.00,2,2025-06-01 03:02:49
1440.00,1,2025-06-01 03:02:50
1120.00,1,2025-06-01 03:02:52
1312.00,2,2025-06-01 03:02:53
1440.00,5,2025-06-01 03:02:54
1024.00,4,2025-06-01 03:02:55
1824.00,2,2025-06-01 03:03:01
544.00,1,2025-06-01 03:03:03
1712.00,4,2025-06-01 03:03:06
1376.00,3,2025-06-01 03:03:07
768.00,4,2025-06-01 03:03:09
384.00,3,2025-06-01 03:03:10
1248.00,1,2025-06-01 03:03:11
2368.00,5,2025-06-01 03:03:12
1776.00,2,2025-06-01 03:03:13
2176.00,4,2025-06-01 03:03:14
1792.00,3,2025-06-01 03:03:15
1760.00,5,2025-06-01 03:03:16
1536.00,3,2025-06-01 03:03:17
304.00,1,2025-06-01 03:03:18
2080.00,2,2025-06-01 03:03:19
832.00,5,2025-06-01 03:03:20
1744.00,5,2025-06-01 03:03:21
1056.00,4,2025-06-01 03:03:22
672.00,2,2025-06-01 03:03:23
880.00,2,2025-06-01 03:03:24
576.00,1,2025-06-01 03:03:25
1056.00,4,2025-06-01 03:03:28
1472.00,4,2025-06-01 03:03:29
384.00,4,2025-06-01 03:03:30
1248.00,2,2025-06-01 03:03:31
768.00,3,2025-06-01 03:03:32
768.00,1,2025-06-01 03:03:33
944.00,3,2025-06-01 03:03:34
1344.00,2,2025-06-01 03:03:36
1680.00,1,2025-06-01 03:03:37
800.00,1,2025-06-01 03:03:39
1120.00,1,2025-06-01 03:03:40
992.00,4,2025-06-01 03:03:41
1152.00,3,2025-06-01 03:03:42
288.00,1,2025-06-01 03:03:43
960.00,1,2025-06-01 03:03:45
640.00,5,2025-06-01 03:03:46
1536.00,2,2025-06-01 03:03:48
2192.00,1,2025-06-01 03:03:49
1152.00,5,2025-06-01 03:03:50
1024.00,5,2025-06-01 03:03:52
2144.00,1,2025-06-01 03:03:55
224.00,4,2025-06-01 03:03:56
1664.00,3,2025-06-01 03:03:57
1536.00,2,2025-06-01 03:03:58
608.00,5,2025-06-01 03:04:00
1184.00,3,2025-06-01 03:04:01
384.00,3,2025-06-01 03:04:02
1632.00,3,2025-06-01 03:04:03
832.00,2,2025-06-01 03:04:05
1408.00,3,2025-06-01 03:04:06
1504.00,2,2025-06-01 03:04:08
992.00,1,2025-06-01 03:04:09
1152.00,4,2025-06-01 03:04:10
864.00,1,2025-06-01 03:04:12
192.00,3,2025-06-01 03:04:14
608.00,1,2025-06-01 03:04:15
2448.00,3,2025-06-01 03:04:16
1776.00,2,2025-06-01 03:04:17
736.00,4,2025-06-01 03:04:18
192.00,4,2025-06-01 03:04:20
1120.00,3,2025-06-01 03:04:21
1440.00,3,2025-06-01 03:04:22
1344.00,4,2025-06-01 03:04:23
576.00,2,2025-06-01 03:04:27
1312.00,5,2025-06-01 03:04:28
288.00,1,2025-06-01 03:04:29
448.00,3,2025-06-01 03:04:31
640.00,3,2025-06-01 03:04:32
1664.00,4,2025-06-01 03:04:33
288.00,2,2025-06-01 03:04:35
1728.00,5,2025-06-01 03:04:36
256.00,3,2025-06-01 03:04:38
2288.00,5,2025-06-01 03:04:39
576.00,4,2025-06-01 03:04:41
1216.00,4,2025-06-01 03:04:42
912.00,5,2025-06-01 03:04:43
768.00,2,2025-06-01 03:04:44
768.00,3,2025-06-01 03:04:46
1264.00,1,2025-06-01 03:04:47
864.00,5,2025-06-01 03:04:48
512.00,4,2025-06-01 03:04:50
864.00,4,2025-06-01 03:04:53
1184.00,1,2025-06-01 03:04:54
1808.00,1,2025-06-01 03:04:55
752.00,3,2025-06-01 03:04:56
512.00,1,2025-06-01 03:04:58
1088.00,1,2025-06-01 03:04:59
2064.00,4,2025-06-01 03:05:01
912.00,4,2025-06-01 03:05:02
768.00,1,2025-06-01 03:05:04
1536.00,2,2025-06-01 03:05:05
320.00,3,2025-06-01 03:05:06
608.00,1,2025-06-01 03:05:07
704.00,3,2025-06-01 03:05:09
1152.00,1,2025-06-01 03:05:11
880.00,5,2025-06-01 03:05:12
864.00,1,2025-06-01 03:05:13
256.00,4,2025-06-01 03:05:15
768.00,2,2025-06-01 03:05:18
1536.00,1,2025-06-01 03:05:19
832.00,2,2025-06-01 03:05:20
448.00,3,2025-06-01 03:05:23
288.00,4,2025-06-01 03:05:24
2288.00,3,2025-06-01 03:05:25
1280.00,4,2025-06-01 03:05:26
912.00,5,2025-06-01 03:05:27
288.00,5,2025-06-01 03:05:28
576.00,1,2025-06-01 03:05:32
864.00,1,2025-06-01 03:05:34
864.00,3,2025-06-01 03:05:36
736.00,1,2025-06-01 03:05:37
960.00,5,2025-06-01 03:05:38
256.00,4,2025-06-01 03:05:41
2016.00,5,2025-06-01 03:05:42
912.00,2,2025-06-01 03:05:43
512.00,3,2025-06-01 03:05:45
304.00,2,2025-06-01 03:05:48
960.00,1,2025-06-01 03:05:49
2144.00,1,2025-06-01 03:05:50
912.00,3,2025-06-01 03:05:51
768.00,2,2025-06-01 03:05:52
1344.00,5,2025-06-01 03:05:53
768.00,3,2025-06-01 03:05:57
1824.00,2,2025-06-01 03:05:58
304.00,1,2025-06-01 03:06:01
816.00,3,2025-06-01 03:06:02
1440.00,1,2025-06-01 03:06:04
1440.00,3,2025-06-01 03:06:07
960.00,4,2025-06-01 03:06:08
256.00,3,2025-06-01 03:06:09
1376.00,5,2025-06-01 03:06:10
1920.00,1,2025-06-01 03:06:11
1728.00,5,2025-06-01 03:06:12
1024.00,3,2025-06-01 03:06:13
1424.00,1,2025-06-01 03:06:14
1696.00,5,2025-06-01 03:06:15
1760.00,5,2025-06-01 03:06:18
448.00,2,2025-06-01 03:06:19
1792.00,1,2025-06-01 03:06:24
576.00,2,2025-06-01 03:06:25
1744.00,3,2025-06-01 03:06:26
1184.00,2,2025-06-01 03:06:27
2112.00,4,2025-06-01 03:06:28
912.00,5,2025-06-01 03:06:29
1408.00,4,2025-06-01 03:06:31
1152.00,5,2025-06-01 03:06:32
1024.00,3,2025-06-01 03:06:33
576.00,4,2025-06-01 03:06:37
1184.00,1,2025-06-01 03:06:38
1680.00,2,2025-06-01 03:06:40
320.00,4,2025-06-01 03:06:41
1248.00,1,2025-06-01 03:06:43
912.00,3,2025-06-01 03:06:44
1152.00,5,2025-06-01 03:06:49
768.00,5,2025-06-01 03:06:50
1520.00,1,2025-06-01 03:06:51
1488.00,1,2025-06-01 03:06:54
512.00,2,2025-06-01 03:06:55
1632.00,5,2025-06-01 03:06:56
768.00,5,2025-06-01 03:06:57
2208.00,5,2025-06-01 03:06:58
512.00,5,2025-06-01 03:06:59
1472.00,3,2025-06-01 03:07:01
1216.00,1,2025-06-01 03:07:02
640.00,1,2025-06-01 03:07:03
1408.00,1,2025-06-01 03:07:04
576.00,5,2025-06-01 03:07:08
864.00,1,2025-06-01 03:07:09
1120.00,3,2025-06-01 03:07:13
224.00,1,2025-06-01 03:07:14
1824.00,3,2025-06-01 03:07:15
480.00,4,2025-06-01 03:07:16
288.00,3,2025-06-01 03:07:17
1984.00,5,2025-06-01 03:07:18
1200.00,3,2025-06-01 03:07:19
736.00,1,2025-06-01 03:07:20
1248.00,5,2025-06-01 03:07:21
1424.00,2,2025-06-01 03:07:22
880.00,3,2025-06-01 03:07:24
288.00,3,2025-06-01 03:07:26
2160.00,5,2025-06-01 03:07:28
768.00,2,2025-06-01 03:07:29
1216.00,1,2025-06-01 03:07:30
192.00,4,2025-06-01 03:07:31
1840.00,4,2025-06-01 03:07:37
1472.00,1,2025-06-01 03:07:38
608.00,3,2025-06-01 03:07:39
1744.00,2,2025-06-01 03:07:41
1312.00,1,2025-06-01 03:07:42
1472.00,5,2025-06-01 03:07:47
608.00,2,2025-06-01 03:07:49
1600.00,4,2025-06-01 03:07:51
1344.00,2,2025-06-01 03:07:52
288.00,2,2025-06-01 03:07:55
2240.00,1,2025-06-01 03:07:56
1664.00,4,2025-06-01 03:07:57
192.00,5,2025-06-01 03:07:58
704.00,2,2025-06-01 03:07:59
2112.00,1,2025-06-01 03:08:00
288.00,1,2025-06-01 03:08:02
2016.00,2,2025-06-01 03:08:03
1184.00,4,2025-06-01 03:08:08
1600.00,4,2025-06-01 03:08:09
2304.00,2,2025-06-01 03:08:10
1792.00,5,2025-06-01 03:08:11
1216.00,4,2025-06-01 03:08:12
2016.00,4,2025-06-01 03:08:13
1024.00,1,2025-06-01 03:08:14
864.00,5,2025-06-01 03:08:15
1312.00,2,2025-06-01 03:08:16
576.00,2,2025-06-01 03:08:17
1216.00,4,2025-06-01 03:08:18
320.00,4,2025-06-01 03:08:19
576.00,5,2025-06-01 03:08:20
960.00,5,2025-06-01 03:08:21
1184.00,3,2025-06-01 03:08:23
224.00,2,2025-06-01 03:08:24
1120.00,3,2025-06-01 03:08:26
1472.00,5,2025-06-01 03:08:27
288.00,5,2025-06-01 03:08:28
1632.00,3,2025-06-01 03:08:29
576.00,5,2025-06-01 03:08:30
1376.00,2,2025-06-01 03:08:34
1536.00,1,2025-06-01 03:08:35
768.00,3,2025-06-01 03:08:36
1728.00,5,2025-06-01 03:08:37
1664.00,4,2025-06-01 03:08:38
608.00,4,2025-06-01 03:08:40
960.00,2,2025-06-01 03:08:42
2176.00,3,2025-06-01 03:08:45
1632.00,2,2025-06-01 03:08:47
1152.00,1,2025-06-01 03:08:52
576.00,2,2025-06-01 03:08:53
1024.00,3,2025-06-01 03:08:54
288.00,2,2025-06-01 03:08:55
960.00,2,2025-06-01 03:08:56
832.00,1,2025-06-01 03:08:57
1632.00,5,2025-06-01 03:08:58
992.00,1,2025-06-01 03:08:59
672.00,2,2025-06-01 03:09:00
768.00,1,2025-06-01 03:09:01
640.00,5,2025-06-01 03:09:02
864.00,5,2025-06-01 03:09:03
1456.00,5,2025-06-01 03:09:06
304.00,1,2025-06-01 03:09:07
608.00,5,2025-06-01 03:09:11
1280.00,1,2025-06-01 03:09:12
912.00,3,2025-06-01 03:09:14
1216.00,1,2025-06-01 03:09:15
960.00,4,2025-06-01 03:09:16
672.00,2,2025-06-01 03:09:17
1792.00,1,2025-06-01 03:09:18
1024.00,5,2025-06-01 03:09:19
832.00,4,2025-06-01 03:09:20
2400.00,4,2025-06-01 03:09:22
864.00,4,2025-06-01 03:09:23
1696.00,4,2025-06-01 03:09:24
1472.00,4,2025-06-01 03:09:26
288.00,4,2025-06-01 03:09:28
912.00,4,2025-06-01 03:09:30
1152.00,5,2025-06-01 03:09:31
816.00,5,2025-06-01 03:09:32
1856.00,2,2025-06-01 03:09:35
1856.00,2,2025-06-01 03:09:37
768.00,3,2025-06-01 03:09:38
1344.00,4,2025-06-01 03:09:39
448.00,3,2025-06-01 03:09:41
640.00,2,2025-06-01 03:09:42
576.00,3,2025-06-01 03:09:43
640.00,3,2025-06-01 03:09:44
576.00,1,2025-06-01 03:09:45
1760.00,5,2025-06-01 03:09:47
672.00,2,2025-06-01 03:09:48
384.00,2,2025-06-01 03:09:50
1376.00,2,2025-06-01 03:09:51
864.00,2,2025-06-01 03:09:52
592.00,1,2025-06-01 03:09:53
768.00,2,2025-06-01 03:09:54
304.00,3,2025-06-01 03:09:55
768.00,2,2025-06-01 03:09:57
192.00,4,2025-06-01 03:09:59
224.00,3,2025-06-01 03:10:00
2096.00,2,2025-06-01 03:10:01
800.00,4,2025-06-01 03:10:02
1056.00,1,2025-06-01 03:10:03
768.00,3,2025-06-01 03:10:05
1712.00,3,2025-06-01 03:10:06
1312.00,5,2025-06-01 03:10:07
1664.00,4,2025-06-01 03:10:11
1216.00,5,2025-06-01 03:10:15
576.00,5,2025-06-01 03:10:16
1088.00,5,2025-06-01 03:10:17
944.00,5,2025-06-01 03:10:18
1632.00,3,2025-06-01 03:10:19
640.00,1,2025-06-01 03:10:21
864.00,4,2025-06-01 03:10:22
2096.00,3,2025-06-01 03:10:23
2288.00,2,2025-06-01 03:10:24
1056.00,2,2025-06-01 03:10:25
448.00,5,2025-06-01 03:10:26
1568.00,2,2025-06-01 03:10:27
2496.00,4,2025-06-01 03:10:29
1648.00,1,2025-06-01 03:10:30
2240.00,1,2025-06-01 03:10:32
1056.00,1,2025-06-01 03:10:33
1824.00,4,2025-06-01 03:10:34
1424.00,4,2025-06-01 03:10:35
192.00,5,2025-06-01 03:10:37
1344.00,5,2025-06-01 03:10:39
1504.00,4,2025-06-01 03:10:42
1632.00,4,2025-06-01 03:10:43
896.00,5,2025-06-01 03:10:44
512.00,5,2025-06-01 03:10:49
1152.00,2,2025-06-01 03:10:50
1056.00,3,2025-06-01 03:10:52
1536.00,5,2025-06-01 03:10:53
1664.00,5,2025-06-01 03:10:56
864.00,3,2025-06-01 03:10:59
1472.00,2,2025-06-01 03:11:00
1120.00,5,2025-06-01 03:11:01
1824.00,3,2025-06-01 03:11:02
736.00,2,2025-06-01 03:11:03
576.00,1,2025-06-01 03:11:04
512.00,5,2025-06-01 03:11:07
1888.00,4,2025-06-01 03:11:08
256.00,5,2025-06-01 03:11:09
2000.00,5,2025-06-01 03:11:12
2064.00,2,2025-06-01 03:11:13
576.00,3,2025-06-01 03:11:14
736.00,4,2025-06-01 03:11:15
1520.00,1,2025-06-01 03:11:16
640.00,1,2025-06-01 03:11:17
864.00,1,2025-06-01 03:11:18
1856.00,3,2025-06-01 03:11:19
256.00,2,2025-06-01 03:11:20
1760.00,5,2025-06-01 03:11:23
704.00,1,2025-06-01 03:11:24
1120.00,3,2025-06-01 03:11:26
832.00,4,2025-06-01 03:11:27
1376.00,1,2025-06-01 03:11:28
2176.00,2,2025-06-01 03:11:29
960.00,5,2025-06-01 03:11:30
1632.00,2,2025-06-01 03:11:35
1472.00,3,2025-06-01 03:11:37
1200.00,1,2025-06-01 03:11:38
384.00,1,2025-06-01 03:11:39
288.00,2,2025-06-01 03:11:40
1248.00,3,2025-06-01 03:11:41
1120.00,1,2025-06-01 03:11:42
640.00,1,2025-06-01 03:11:44
1120.00,2,2025-06-01 03:11:45
1344.00,2,2025-06-01 03:11:46
256.00,3,2025-06-01 03:11:48
1792.00,3,2025-06-01 03:11:50
864.00,2,2025-06-01 03:11:51
1120.00,4,2025-06-01 03:11:53
1120.00,3,2025-06-01 03:11:54
512.00,5,2025-06-01 03:11:55
1440.00,3,2025-06-01 03:11:56
800.00,2,2025-06-01 03:11:58
1856.00,5,2025-06-01 03:11:59
1760.00,2,2025-06-01 03:12:00
544.00,4,2025-06-01 03:12:01
864.00,5,2025-06-01 03:12:03
800.00,2,2025-06-01 03:12:04
1200.00,3,2025-06-01 03:12:05
768.00,5,2025-06-01 03:12:06
512.00,4,2025-06-01 03:12:07
576.00,5,2025-06-01 03:12:08
1152.00,4,2025-06-01 03:12:10
800.00,5,2025-06-01 03:12:11
1344.00,1,2025-06-01 03:12:13
1696.00,2,2025-06-01 03:12:14
448.00,1,2025-06-01 03:12:16
992.00,2,2025-06-01 03:12:18
576.00,3,2025-06-01 03:12:19
576.00,5,2025-06-01 03:12:20
1264.00,1,2025-06-01 03:12:21
736.00,2,2025-06-01 03:12:22
960.00,1,2025-06-01 03:12:24
864.00,5,2025-06-01 03:12:25
1872.00,3,2025-06-01 03:12:26
1856.00,2,2025-06-01 03:12:28
896.00,4,2025-06-01 03:12:29
640.00,5,2025-06-01 03:12:31
1280.00,3,2025-06-01 03:12:33
704.00,5,2025-06-01 03:12:34
1648.00,1,2025-06-01 03:12:35
1136.00,1,2025-06-01 03:12:36
1216.00,1,2025-06-01 03:12:37
512.00,5,2025-06-01 03:12:38
864.00,1,2025-06-01 03:12:40
912.00,1,2025-06-01 03:12:43
1280.00,5,2025-06-01 03:12:44
1728.00,5,2025-06-01 03:12:45
1296.00,1,2025-06-01 03:12:46
1280.00,1,2025-06-01 03:12:48
1536.00,2,2025-06-01 03:12:50
800.00,1,2025-06-01 03:12:52
1760.00,2,2025-06-01 03:12:53
672.00,2,2025-06-01 03:12:54
864.00,4,2025-06-01 03:12:56
768.00,3,2025-06-01 03:12:57
608.00,5,2025-06-01 03:12:58
1024.00,5,2025-06-01 03:12:59
576.00,4,2025-06-01 03:13:01
960.00,1,2025-06-01 03:13:03
928.00,5,2025-06-01 03:13:04
864.00,2,2025-06-01 03:13:05
1824.00,1,2025-06-01 03:13:06
1344.00,2,2025-06-01 03:13:08
832.00,5,2025-06-01 03:13:09
544.00,2,2025-06-01 03:13:10
512.00,2,2025-06-01 03:13:12
2288.00,2,2025-06-01 03:13:15
1472.00,2,2025-06-01 03:13:16
1952.00,2,2025-06-01 03:13:19
672.00,5,2025-06-01 03:13:20
192.00,3,2025-06-01 03:13:21
576.00,3,2025-06-01 03:13:25
992.00,3,2025-06-01 03:13:27
384.00,4,2025-06-01 03:13:28
480.00,5,2025-06-01 03:13:30
288.00,4,2025-06-01 03:13:31
1440.00,1,2025-06-01 03:13:32
256.00,3,2025-06-01 03:13:34
304.00,3,2025-06-01 03:13:36
1568.00,4,2025-06-01 03:13:38
1632.00,3,2025-06-01 03:13:39
1376.00,4,2025-06-01 03:13:40
1248.00,5,2025-06-01 03:13:41
2736.00,3,2025-06-01 03:13:42
1376.00,5,2025-06-01 03:13:44
1216.00,1,2025-06-01 03:13:45
1072.00,5,2025-06-01 03:13:48
224.00,4,2025-06-01 03:13:49
1440.00,3,2025-06-01 03:13:50
576.00,4,2025-06-01 03:13:52
2240.00,1,2025-06-01 03:13:54
1360.00,5,2025-06-01 03:13:56
512.00,4,2025-06-01 03:13:57
1600.00,5,2025-06-01 03:13:58
512.00,1,2025-06-01 03:14:01
512.00,3,2025-06-01 03:14:02
1536.00,2,2025-06-01 03:14:03
1536.00,1,2025-06-01 03:14:04
864.00,4,2025-06-01 03:14:05
448.00,3,2025-06-01 03:14:06
512.00,2,2025-06-01 03:14:09
576.00,2,2025-06-01 03:14:11
1248.00,2,2025-06-01 03:14:12
192.00,5,2025-06-01 03:14:13
640.00,1,2025-06-01 03:14:14
1472.00,3,2025-06-01 03:14:17
1760.00,1,2025-06-01 03:14:21
256.00,1,2025-06-01 03:14:22
288.00,3,2025-06-01 03:14:23
2208.00,1,2025-06-01 03:14:24
768.00,4,2025-06-01 03:14:25
1152.00,4,2025-06-01 03:14:26
384.00,3,2025-06-01 03:14:29
304.00,3,2025-06-01 03:14:30
1632.00,4,2025-06-01 03:14:35
1728.00,5,2025-06-01 03:14:36
1600.00,5,2025-06-01 03:14:37
224.00,2,2025-06-01 03:14:38
864.00,5,2025-06-01 03:14:39
1184.00,5,2025-06-01 03:14:42
832.00,1,2025-06-01 03:14:43
1120.00,5,2025-06-01 03:14:45
1824.00,5,2025-06-01 03:14:46
752.00,4,2025-06-01 03:14:47
1120.00,3,2025-06-01 03:14:48
672.00,1,2025-06-01 03:14:49
1632.00,1,2025-06-01 03:14:50
1280.00,4,2025-06-01 03:14:51
1440.00,1,2025-06-01 03:14:53
1952.00,1,2025-06-01 03:14:55
704.00,4,2025-06-01 03:14:57
1200.00,4,2025-06-01 03:14:58
1056.00,4,2025-06-01 03:15:01
2112.00,1,2025-06-01 03:15:02
1504.00,3,2025-06-01 03:15:04
864.00,1,2025-06-01 03:15:05
1600.00,5,2025-06-01 03:15:10
1088.00,2,2025-06-01 03:15:11
608.00,5,2025-06-01 03:15:12
1360.00,2,2025-06-01 03:15:13
1120.00,1,2025-06-01 03:15:14
256.00,5,2025-06-01 03:15:15
1536.00,5,2025-06-01 03:15:16
960.00,1,2025-06-01 03:15:17
320.00,3,2025-06-01 03:15:18
1664.00,2,2025-06-01 03:15:19
1920.00,1,2025-06-01 03:15:20
576.00,5,2025-06-01 03:15:21
1312.00,4,2025-06-01 03:15:22
1408.00,4,2025-06-01 03:15:24
592.00,1,2025-06-01 03:15:26
1856.00,3,2025-06-01 03:15:29
896.00,5,2025-06-01 03:15:30
1856.00,2,2025-06-01 03:15:31
864.00,1,2025-06-01 03:15:33
512.00,3,2025-06-01 03:15:35
1024.00,4,2025-06-01 03:15:37
512.00,2,2025-06-01 03:15:40
1168.00,1,2025-06-01 03:15:42
736.00,4,2025-06-01 03:15:43
1568.00,3,2025-06-01 03:15:45
640.00,4,2025-06-01 03:15:47
1248.00,1,2025-06-01 03:15:48
576.00,2,2025-06-01 03:15:51
1856.00,1,2025-06-01 03:15:52
224.00,1,2025-06-01 03:15:53
512.00,1,2025-06-01 03:15:54
256.00,3,2025-06-01 03:15:56
1120.00,1,2025-06-01 03:15:57
1568.00,2,2025-06-01 03:16:01
576.00,5,2025-06-01 03:16:02
832.00,4,2025-06-01 03:16:03
1248.00,4,2025-06-01 03:16:05
288.00,3,2025-06-01 03:16:06
2016.00,2,2025-06-01 03:16:07
2304.00,1,2025-06-01 03:16:09
640.00,3,2025-06-01 03:16:10
912.00,4,2025-06-01 03:16:14
1344.00,5,2025-06-01 03:16:16
224.00,2,2025-06-01 03:16:17
1104.00,2,2025-06-01 03:16:18
512.00,3,2025-06-01 03:16:19
704.00,1,2025-06-01 03:16:20
688.00,4,2025-06-01 03:16:23
1472.00,1,2025-06-01 03:16:24
1920.00,2,2025-06-01 03:16:25
2336.00,4,2025-06-01 03:16:28
2208.00,5,2025-06-01 03:16:29
1856.00,2,2025-06-01 03:16:30
576.00,3,2025-06-01 03:16:31
672.00,1,2025-06-01 03:16:33
1168.00,2,2025-06-01 03:16:34
2368.00,5,2025-06-01 03:16:35
544.00,2,2025-06-01 03:16:37
928.00,5,2025-06-01 03:16:38
1600.00,1,2025-06-01 03:16:39
960.00,5,2025-06-01 03:16:40
1024.00,3,2025-06-01 03:16:43
928.00,4,2025-06-01 03:16:46
1088.00,5,2025-06-01 03:16:47
1472.00,2,2025-06-01 03:16:49
1392.00,4,2025-06-01 03:16:50
928.00,4,2025-06-01 03:16:52
1664.00,2,2025-06-01 03:16:53
1152.00,2,2025-06-01 03:16:54
640.00,2,2025-06-01 03:16:55
832.00,1,2025-06-01 03:16:56
448.00,1,2025-06-01 03:16:58
1248.00,5,2025-06-01 03:17:00
928.00,1,2025-06-01 03:17:01
576.00,4,2025-06-01 03:17:02
1168.00,3,2025-06-01 03:17:05
1872.00,2,2025-06-01 03:17:08
608.00,1,2025-06-01 03:17:09
864.00,1,2025-06-01 03:17:10
1120.00,4,2025-06-01 03:17:12
1056.00,2,2025-06-01 03:17:13
1856.00,3,2025-06-01 03:17:14
304.00,4,2025-06-01 03:17:17
608.00,2,2025-06-01 03:17:18
864.00,1,2025-06-01 03:17:20
1248.00,1,2025-06-01 03:17:23
576.00,5,2025-06-01 03:17:24
864.00,3,2025-06-01 03:17:25
1792.00,4,2025-06-01 03:17:27
1664.00,5,2025-06-01 03:17:28
192.00,4,2025-06-01 03:17:29
1056.00,2,2025-06-01 03:17:30
528.00,2,2025-06-01 03:17:31
1280.00,2,2025-06-01 03:17:32
1024.00,2,2025-06-01 03:17:33
768.00,2,2025-06-01 03:17:36
1344.00,5,2025-06-01 03:17:37
1792.00,3,2025-06-01 03:17:38
1760.00,2,2025-06-01 03:17:39
1920.00,5,2025-06-01 03:17:40
960.00,5,2025-06-01 03:17:42
928.00,1,2025-06-01 03:17:43
1344.00,3,2025-06-01 03:17:44
448.00,4,2025-06-01 03:17:45
896.00,4,2025-06-01 03:17:47
576.00,4,2025-06-01 03:17:48
1376.00,3,2025-06-01 03:17:49
1760.00,4,2025-06-01 03:17:50
1152.00,2,2025-06-01 03:17:53
576.00,2,2025-06-01 03:17:55
1872.00,2,2025-06-01 03:17:56
512.00,1,2025-06-01 03:17:57
384.00,5,2025-06-01 03:17:58
1376.00,5,2025-06-01 03:18:00
1152.00,5,2025-06-01 03:18:01
288.00,2,2025-06-01 03:18:02
256.00,1,2025-06-01 03:18:03
192.00,3,2025-06-01 03:18:04
512.00,5,2025-06-01 03:18:05
288.00,3,2025-06-01 03:18:09
1072.00,3,2025-06-01 03:18:11
896.00,4,2025-06-01 03:18:12
2064.00,5,2025-06-01 03:18:13
1728.00,1,2025-06-01 03:18:14
512.00,2,2025-06-01 03:18:15
224.00,5,2025-06-01 03:18:16
576.00,5,2025-06-01 03:18:17
1760.00,5,2025-06-01 03:18:18
1728.00,5,2025-06-01 03:18:19
1424.00,5,2025-06-01 03:18:20
576.00,1,2025-06-01 03:18:21
576.00,3,2025-06-01 03:18:22
320.00,2,2025-06-01 03:18:24
224.00,4,2025-06-01 03:18:26
1520.00,3,2025-06-01 03:18:28
1536.00,3,2025-06-01 03:18:30
1152.00,5,2025-06-01 03:18:31
1600.00,1,2025-06-01 03:18:33
1088.00,2,2025-06-01 03:18:34
1856.00,5,2025-06-01 03:18:35
2144.00,3,2025-06-01 03:18:37
800.00,2,2025-06-01 03:18:38
1488.00,1,2025-06-01 03:18:40
1824.00,5,2025-06-01 03:18:41
1312.00,5,2025-06-01 03:18:43
1280.00,5,2025-06-01 03:18:44
672.00,3,2025-06-01 03:18:46
768.00,3,2025-06-01 03:18:47
448.00,4,2025-06-01 03:18:48
576.00,1,2025-06-01 03:18:49
1056.00,4,2025-06-01 03:18:50
576.00,3,2025-06-01 03:18:51
672.00,2,2025-06-01 03:18:52
960.00,5,2025-06-01 03:18:54
512.00,2,2025-06-01 03:18:57
1312.00,2,2025-06-01 03:18:59
992.00,1,2025-06-01 03:19:00
1904.00,3,2025-06-01 03:19:02
576.00,3,2025-06-01 03:19:03
960.00,3,2025-06-01 03:19:04
1856.00,2,2025-06-01 03:19:05
768.00,2,2025-06-01 03:19:06
304.00,2,2025-06-01 03:19:08
576.00,5,2025-06-01 03:19:13
1440.00,3,2025-06-01 03:19:14
1024.00,5,2025-06-01 03:19:16
992.00,4,2025-06-01 03:19:17
2016.00,5,2025-06-01 03:19:19
1024.00,1,2025-06-01 03:19:20
2144.00,5,2025-06-01 03:19:22
960.00,5,2025-06-01 03:19:24
1280.00,2,2025-06-01 03:19:25
1232.00,4,2025-06-01 03:19:27
576.00,5,2025-06-01 03:19:28
1920.00,5,2025-06-01 03:19:31
384.00,5,2025-06-01 03:19:32
672.00,5,2025-06-01 03:19:33
896.00,2,2025-06-01 03:19:34
1360.00,4,2025-06-01 03:19:35
1680.00,5,2025-06-01 03:19:36
928.00,5,2025-06-01 03:19:37
1344.00,1,2025-06-01 03:19:38
768.00,5,2025-06-01 03:19:41
864.00,5,2025-06-01 03:19:43
1440.00,3,2025-06-01 03:19:45
1120.00,5,2025-06-01 03:19:47
1152.00,1,2025-06-01 03:19:48
1440.00,3,2025-06-01 03:19:49
2144.00,5,2025-06-01 03:19:51
512.00,1,2025-06-01 03:19:52
288.00,4,2025-06-01 03:19:55
384.00,1,2025-06-01 03:19:57
1408.00,3,2025-06-01 03:19:58
768.00,5,2025-06-01 03:19:59
1856.00,3,2025-06-01 03:20:00
864.00,4,2025-06-01 03:20:01
320.00,4,2025-06-01 03:20:02
864.00,4,2025-06-01 03:20:03
1360.00,1,2025-06-01 03:20:04
512.00,2,2025-06-01 03:20:05
912.00,4,2025-06-01 03:20:06
896.00,1,2025-06-01 03:20:09
896.00,2,2025-06-01 03:20:12
384.00,1,2025-06-01 03:20:13
944.00,4,2025-06-01 03:20:14
1088.00,1,2025-06-01 03:20:15
768.00,5,2025-06-01 03:20:16
1632.00,3,2025-06-01 03:20:17
768.00,2,2025-06-01 03:20:18
1488.00,2,2025-06-01 03:20:19
384.00,5,2025-06-01 03:20:20
864.00,4,2025-06-01 03:20:22
1088.00,4,2025-06-01 03:20:23
800.00,4,2025-06-01 03:20:25
640.00,4,2025-06-01 03:20:26
1952.00,5,2025-06-01 03:20:30
1472.00,3,2025-06-01 03:20:33
1344.00,3,2025-06-01 03:20:35
1200.00,2,2025-06-01 03:20:36
896.00,3,2025-06-01 03:20:37
896.00,2,2025-06-01 03:20:38
1424.00,1,2025-06-01 03:20:39
1280.00,2,2025-06-01 03:20:41
1520.00,1,2025-06-01 03:20:42
1888.00,2,2025-06-01 03:20:43
960.00,1,2025-06-01 03:20:44
768.00,4,2025-06-01 03:20:45
672.00,4,2025-06-01 03:20:46
224.00,3,2025-06-01 03:20:47
1312.00,3,2025-06-01 03:20:48
1344.00,2,2025-06-01 03:20:49
1776.00,1,2025-06-01 03:20:50
288.00,1,2025-06-01 03:20:53
640.00,1,2025-06-01 03:20:54
1440.00,2,2025-06-01 03:20:55
576.00,1,2025-06-01 03:20:57
288.00,4,2025-06-01 03:20:58
1440.00,3,2025-06-01 03:20:59
1728.00,5,2025-06-01 03:21:00
1216.00,5,2025-06-01 03:21:02
1696.00,1,2025-06-01 03:21:03
560.00,1,2025-06-01 03:21:04
1152.00,5,2025-06-01 03:21:05
864.00,2,2025-06-01 03:21:06
768.00,3,2025-06-01 03:21:07
832.00,5,2025-06-01 03:21:08
1216.00,4,2025-06-01 03:21:10
912.00,3,2025-06-01 03:21:11
1664.00,4,2025-06-01 03:21:12
1408.00,2,2025-06-01 03:21:13
864.00,5,2025-06-01 03:21:14
192.00,1,2025-06-01 03:21:15
224.00,5,2025-06-01 03:21:16
576.00,5,2025-06-01 03:21:17
1696.00,1,2025-06-01 03:21:18
1408.00,5,2025-06-01 03:21:19
224.00,2,2025-06-01 03:21:20
1120.00,4,2025-06-01 03:21:22
576.00,3,2025-06-01 03:21:23
224.00,2,2025-06-01 03:21:24
1664.00,1,2025-06-01 03:21:25
1632.00,4,2025-06-01 03:21:26
2320.00,4,2025-06-01 03:21:27
1792.00,2,2025-06-01 03:21:28
2144.00,4,2025-06-01 03:21:29
512.00,2,2025-06-01 03:21:31
608.00,1,2025-06-01 03:21:33
800.00,1,2025-06-01 03:21:34
512.00,4,2025-06-01 03:21:35
608.00,1,2025-06-01 03:21:36
384.00,1,2025-06-01 03:21:37
1376.00,2,2025-06-01 03:21:38
1888.00,1,2025-06-01 03:21:39
608.00,1,2025-06-01 03:21:40
1568.00,5,2025-06-01 03:21:42
1504.00,4,2025-06-01 03:21:43
2208.00,1,2025-06-01 03:21:44
912.00,4,2025-06-01 03:21:47
848.00,4,2025-06-01 03:21:49
1376.00,1,2025-06-01 03:21:51
224.00,2,2025-06-01 03:21:53
1808.00,1,2025-06-01 03:21:54
224.00,1,2025-06-01 03:21:57
736.00,3,2025-06-01 03:22:00
2592.00,3,2025-06-01 03:22:01
1824.00,1,2025-06-01 03:22:03
864.00,2,2025-06-01 03:22:04
192.00,5,2025-06-01 03:22:05
1376.00,5,2025-06-01 03:22:10
864.00,5,2025-06-01 03:22:11
576.00,1,2025-06-01 03:22:13
1376.00,4,2025-06-01 03:22:14
1952.00,5,2025-06-01 03:22:15
800.00,4,2025-06-01 03:22:16
448.00,5,2025-06-01 03:22:17
2304.00,2,2025-06-01 03:22:18
1376.00,1,2025-06-01 03:22:19
2112.00,1,2025-06-01 03:22:20
672.00,1,2025-06-01 03:22:21
880.00,3,2025-06-01 03:22:22
800.00,5,2025-06-01 03:22:23
1440.00,5,2025-06-01 03:22:24
1744.00,1,2025-06-01 03:22:27
1184.00,1,2025-06-01 03:22:28
1296.00,1,2025-06-01 03:22:29
640.00,3,2025-06-01 03:22:30
288.00,4,2025-06-01 03:22:33
960.00,1,2025-06-01 03:22:34
576.00,4,2025-06-01 03:22:38
896.00,5,2025-06-01 03:22:40
192.00,1,2025-06-01 03:22:47
1408.00,5,2025-06-01 03:22:48
672.00,4,2025-06-01 03:22:52
1728.00,3,2025-06-01 03:22:53
576.00,3,2025-06-01 03:22:54
912.00,3,2025-06-01 03:22:55
1376.00,2,2025-06-01 03:22:56
768.00,2,2025-06-01 03:22:58
1120.00,1,2025-06-01 03:23:00
640.00,1,2025-06-01 03:23:04
1088.00,3,2025-06-01 03:23:06
1248.00,2,2025-06-01 03:23:07
448.00,5,2025-06-01 03:23:08
288.00,5,2025-06-01 03:23:09
1344.00,1,2025-06-01 03:23:11
864.00,2,2025-06-01 03:23:12
256.00,2,2025-06-01 03:23:13
512.00,4,2025-06-01 03:23:15
832.00,5,2025-06-01 03:23:16
1728.00,4,2025-06-01 03:23:17
720.00,2,2025-06-01 03:23:18
576.00,5,2025-06-01 03:23:19
864.00,5,2025-06-01 03:23:20
288.00,3,2025-06-01 03:23:22
1808.00,2,2025-06-01 03:23:23
1776.00,4,2025-06-01 03:23:28
672.00,5,2025-06-01 03:23:31
2016.00,3,2025-06-01 03:23:35
1056.00,4,2025-06-01 03:23:36
2016.00,3,2025-06-01 03:23:37
1424.00,2,2025-06-01 03:23:38
1536.00,3,2025-06-01 03:23:39
1728.00,1,2025-06-01 03:23:40
928.00,1,2025-06-01 03:23:41
480.00,3,2025-06-01 03:23:42
928.00,2,2025-06-01 03:23:43
448.00,1,2025-06-01 03:23:44
288.00,1,2025-06-01 03:23:45
1280.00,4,2025-06-01 03:23:46
1632.00,3,2025-06-01 03:23:47
1520.00,4,2025-06-01 03:23:49
736.00,4,2025-06-01 03:23:50
304.00,3,2025-06-01 03:23:51
512.00,3,2025-06-01 03:23:52
864.00,2,2025-06-01 03:23:53
1376.00,3,2025-06-01 03:23:54
832.00,1,2025-06-01 03:23:55
816.00,5,2025-06-01 03:23:56
864.00,3,2025-06-01 03:23:58
1376.00,1,2025-06-01 03:23:59
320.00,3,2025-06-01 03:24:01
288.00,1,2025-06-01 03:24:02
512.00,1,2025-06-01 03:24:03
864.00,5,2025-06-01 03:24:04
576.00,2,2025-06-01 03:24:06
1280.00,4,2025-06-01 03:24:07
1632.00,4,2025-06-01 03:24:08
1024.00,5,2025-06-01 03:24:09
1920.00,5,2025-06-01 03:24:11
288.00,5,2025-06-01 03:24:12
1520.00,1,2025-06-01 03:24:14
912.00,3,2025-06-01 03:24:15
1488.00,2,2025-06-01 03:24:16
320.00,2,2025-06-01 03:24:17
256.00,5,2025-06-01 03:24:18
992.00,2,2025-06-01 03:24:19
1600.00,5,2025-06-01 03:24:21
1152.00,2,2025-06-01 03:24:26
864.00,1,2025-06-01 03:24:27
848.00,3,2025-06-01 03:24:28
864.00,3,2025-06-01 03:24:33
960.00,3,2025-06-01 03:24:34
256.00,2,2025-06-01 03:24:36
512.00,4,2025-06-01 03:24:38
2448.00,5,2025-06-01 03:24:39
960.00,2,2025-06-01 03:24:40
1152.00,3,2025-06-01 03:24:41
304.00,1,2025-06-01 03:24:42
592.00,5,2025-06-01 03:24:46
1920.00,2,2025-06-01 03:24:47
960.00,2,2025-06-01 03:24:48
1472.00,4,2025-06-01 03:24:50
992.00,2,2025-06-01 03:24:51
1024.00,5,2025-06-01 03:24:52
832.00,4,2025-06-01 03:24:53
544.00,3,2025-06-01 03:24:56
320.00,1,2025-06-01 05:24:11
1232.00,5,2025-06-01 05:24:12
304.00,4,2025-06-01 05:24:13
768.00,5,2025-06-01 05:24:14
896.00,3,2025-06-01 05:24:15
1696.00,4,2025-06-01 05:24:16
256.00,2,2025-06-01 05:24:17
640.00,2,2025-06-01 05:24:18
864.00,3,2025-06-01 05:24:19
768.00,2,2025-06-01 05:24:20
1440.00,1,2025-06-01 05:24:21
608.00,4,2025-06-01 05:24:22
1344.00,2,2025-06-01 05:24:23
960.00,1,2025-06-01 05:24:25
384.00,4,2025-06-01 05:24:26
320.00,1,2025-06-01 05:24:27
1408.00,1,2025-06-01 05:24:28
864.00,1,2025-06-01 05:24:29
496.00,4,2025-06-01 05:24:30
2160.00,2,2025-06-01 05:24:31
1920.00,1,2025-06-01 05:24:32
864.00,5,2025-06-01 05:24:33
1344.00,4,2025-06-01 05:24:34
768.00,5,2025-06-01 05:24:35
608.00,3,2025-06-01 05:24:36
1232.00,4,2025-06-01 05:24:37
1312.00,2,2025-06-01 05:24:38
880.00,5,2025-06-01 05:24:39
1440.00,5,2025-06-01 05:24:40
1488.00,2,2025-06-01 05:24:41
1440.00,5,2025-06-01 05:24:42
2144.00,1,2025-06-01 05:24:43
1632.00,2,2025-06-01 05:24:44
640.00,4,2025-06-01 05:24:45
1248.00,3,2025-06-01 05:24:46
2496.00,3,2025-06-01 05:24:47
928.00,1,2025-06-01 05:24:48
1600.00,1,2025-06-01 05:24:49
1824.00,4,2025-06-01 05:24:50
768.00,1,2025-06-01 05:24:51
864.00,5,2025-06-01 05:24:52
192.00,5,2025-06-01 05:24:53
576.00,3,2025-06-01 05:24:54
384.00,5,2025-06-01 05:24:55
576.00,4,2025-06-01 05:24:56
928.00,2,2025-06-01 05:24:57
1344.00,4,2025-06-01 05:24:58
1664.00,3,2025-06-01 05:24:59
560.00,2,2025-06-01 05:25:00
976.00,1,2025-06-01 05:25:02
320.00,3,2025-06-01 05:25:03
1744.00,5,2025-06-01 05:25:04
960.00,2,2025-06-01 05:25:06
384.00,1,2025-06-01 05:25:07
1248.00,3,2025-06-01 05:25:08
864.00,1,2025-06-01 05:25:11
1152.00,1,2025-06-01 05:25:13
480.00,3,2025-06-01 05:25:15
1024.00,1,2025-06-01 05:25:16
1152.00,1,2025-06-01 05:25:17
1536.00,2,2025-06-01 05:25:18
1984.00,2,2025-06-01 05:25:19
1312.00,2,2025-06-01 05:25:20
320.00,2,2025-06-01 05:25:21
192.00,5,2025-06-01 05:25:22
320.00,4,2025-06-01 05:25:23
1536.00,5,2025-06-01 05:25:24
1184.00,1,2025-06-01 05:25:25
1248.00,3,2025-06-01 05:25:26
944.00,1,2025-06-01 05:25:27
864.00,5,2025-06-01 05:25:28
512.00,5,2025-06-01 05:25:29
1312.00,4,2025-06-01 05:25:30
928.00,5,2025-06-01 05:25:31
1344.00,3,2025-06-01 05:25:33
576.00,5,2025-06-01 05:25:34
1424.00,4,2025-06-01 05:25:35
768.00,3,2025-06-01 05:25:37
768.00,2,2025-06-01 05:25:38
1024.00,2,2025-06-01 05:25:39
912.00,3,2025-06-01 05:25:40
1280.00,2,2025-06-01 05:25:41
1856.00,3,2025-06-01 05:25:42
2176.00,1,2025-06-01 05:25:43
1248.00,5,2025-06-01 05:25:44
512.00,5,2025-06-01 05:25:45
2448.00,3,2025-06-01 05:25:46
576.00,2,2025-06-01 05:25:48
576.00,3,2025-06-01 05:25:49
1760.00,2,2025-06-01 05:25:50
640.00,5,2025-06-01 05:25:51
1056.00,5,2025-06-01 05:25:52
1440.00,2,2025-06-01 05:25:53
1472.00,4,2025-06-01 05:25:54
608.00,3,2025-06-01 05:25:55
1408.00,2,2025-06-01 05:25:56
1152.00,1,2025-06-01 05:25:57
384.00,5,2025-06-01 05:25:58
2352.00,1,2025-06-01 05:25:59
2352.00,3,2025-06-01 05:26:00
224.00,4,2025-06-01 05:26:01
2496.00,3,2025-06-01 05:26:02
672.00,1,2025-06-01 05:26:03
912.00,1,2025-06-01 05:26:04
576.00,5,2025-06-01 05:26:05
768.00,4,2025-06-01 05:26:06
2176.00,5,2025-06-01 05:26:07
480.00,3,2025-06-01 05:26:08
576.00,3,2025-06-01 05:26:09
1728.00,4,2025-06-01 05:26:10
1312.00,5,2025-06-01 05:26:11
1728.00,5,2025-06-01 05:26:12
768.00,1,2025-06-01 05:26:14
304.00,3,2025-06-01 05:26:15
704.00,5,2025-06-01 05:26:16
2096.00,2,2025-06-01 05:26:17
1328.00,5,2025-06-01 05:26:18
1184.00,5,2025-06-01 05:26:19
1248.00,2,2025-06-01 05:26:20
384.00,5,2025-06-01 05:26:21
448.00,1,2025-06-01 05:26:22
1376.00,2,2025-06-01 05:26:23
1504.00,5,2025-06-01 05:26:24
1120.00,5,2025-06-01 05:26:25
1280.00,5,2025-06-01 05:26:26
1152.00,2,2025-06-01 05:26:27
512.00,5,2025-06-01 05:26:28
512.00,2,2025-06-01 05:26:29
704.00,3,2025-06-01 05:26:30
1664.00,5,2025-06-01 05:26:31
576.00,4,2025-06-01 05:26:32
2304.00,4,2025-06-01 05:26:33
960.00,2,2025-06-01 05:26:34
1952.00,1,2025-06-01 05:26:35
288.00,4,2025-06-01 05:26:36
672.00,3,2025-06-01 05:26:37
1216.00,1,2025-06-01 05:26:38
256.00,5,2025-06-01 05:26:39
1728.00,3,2025-06-01 05:26:40
864.00,2,2025-06-01 05:26:41
192.00,4,2025-06-01 05:26:42
224.00,1,2025-06-01 05:26:43
1024.00,2,2025-06-01 05:26:44
224.00,3,2025-06-01 05:26:45
192.00,2,2025-06-01 05:26:46
1600.00,3,2025-06-01 05:26:47
1280.00,5,2025-06-01 05:26:48
256.00,2,2025-06-01 05:26:49
288.00,3,2025-06-01 05:26:50
288.00,3,2025-06-01 05:26:51
1520.00,3,2025-06-01 05:26:52
320.00,1,2025-06-01 05:26:53
192.00,3,2025-06-01 05:26:54
640.00,5,2025-06-01 05:26:55
864.00,5,2025-06-01 05:26:56
768.00,2,2025-06-01 05:26:57
1248.00,5,2025-06-01 05:26:58
288.00,1,2025-06-01 05:26:59
2064.00,4,2025-06-01 05:27:00
1760.00,2,2025-06-01 05:27:01
1216.00,3,2025-06-01 05:27:02
480.00,4,2025-06-01 05:27:03
512.00,1,2025-06-01 05:27:04
912.00,4,2025-06-01 05:27:05
512.00,3,2025-06-01 05:27:06
640.00,4,2025-06-01 05:27:07
1168.00,2,2025-06-01 05:27:08
1152.00,2,2025-06-01 05:27:09
896.00,4,2025-06-01 05:27:10
864.00,1,2025-06-01 05:27:11
608.00,4,2025-06-01 05:27:12
864.00,2,2025-06-01 05:27:13
304.00,5,2025-06-01 05:27:15
1568.00,5,2025-06-01 05:27:16
512.00,5,2025-06-01 05:27:17
800.00,2,2025-06-01 05:27:18
576.00,3,2025-06-01 05:27:19
1248.00,1,2025-06-01 05:27:20
256.00,5,2025-06-01 05:27:21
192.00,1,2025-06-01 05:27:22
1696.00,1,2025-06-01 05:27:23
1408.00,5,2025-06-01 05:27:25
768.00,2,2025-06-01 05:27:26
1632.00,3,2025-06-01 05:27:27
1200.00,2,2025-06-01 05:27:28
576.00,3,2025-06-01 05:27:29
512.00,4,2025-06-01 05:27:30
2096.00,1,2025-06-01 05:27:31
864.00,2,2025-06-01 05:27:32
1632.00,2,2025-06-01 05:27:33
1824.00,2,2025-06-01 05:27:34
1120.00,1,2025-06-01 05:27:35
800.00,5,2025-06-01 05:27:36
320.00,1,2025-06-01 05:27:37
1024.00,1,2025-06-01 05:27:38
1568.00,5,2025-06-01 05:27:39
1872.00,5,2025-06-01 05:27:40
1328.00,2,2025-06-01 05:27:41
1344.00,5,2025-06-01 05:27:42
448.00,5,2025-06-01 05:27:43
304.00,5,2025-06-01 05:27:44
1072.00,4,2025-06-01 05:27:45
960.00,3,2025-06-01 05:27:46
1152.00,1,2025-06-01 05:27:47
2048.00,3,2025-06-01 05:27:48
928.00,4,2025-06-01 05:27:49
1408.00,1,2025-06-01 05:27:50
576.00,3,2025-06-01 05:27:51
480.00,1,2025-06-01 05:27:52
288.00,2,2025-06-01 05:27:53
1184.00,2,2025-06-01 05:27:54
1056.00,3,2025-06-01 05:27:55
1824.00,5,2025-06-01 05:27:56
288.00,4,2025-06-01 05:27:57
768.00,5,2025-06-01 05:27:59
960.00,4,2025-06-01 05:28:00
256.00,2,2025-06-01 05:28:01
2128.00,2,2025-06-01 05:28:02
1488.00,3,2025-06-01 05:28:03
1472.00,5,2025-06-01 05:28:05
2128.00,2,2025-06-01 05:28:06
224.00,4,2025-06-01 05:28:07
864.00,5,2025-06-01 05:28:08
384.00,5,2025-06-01 05:28:09
2208.00,1,2025-06-01 05:28:10
1888.00,4,2025-06-01 05:28:13
1472.00,1,2025-06-01 05:28:14
800.00,1,2025-06-01 05:28:16
864.00,5,2025-06-01 05:28:17
288.00,5,2025-06-01 05:28:18
864.00,2,2025-06-01 05:28:19
2016.00,4,2025-06-01 05:28:21
1888.00,2,2025-06-01 05:28:22
192.00,3,2025-06-01 05:28:23
2400.00,3,2025-06-01 05:28:24
768.00,2,2025-06-01 05:28:25
1584.00,3,2025-06-01 05:28:26
2080.00,4,2025-06-01 05:28:27
896.00,2,2025-06-01 05:28:28
256.00,2,2025-06-01 05:28:29
1680.00,3,2025-06-01 05:28:30
1440.00,5,2025-06-01 05:28:31
1568.00,2,2025-06-01 05:28:32
864.00,3,2025-06-01 05:28:33
1152.00,3,2025-06-01 05:28:34
1216.00,5,2025-06-01 05:28:35
1488.00,4,2025-06-01 05:28:36
1728.00,5,2025-06-01 05:28:37
1504.00,4,2025-06-01 05:28:38
192.00,1,2025-06-01 05:28:39
704.00,1,2025-06-01 05:28:40
768.00,1,2025-06-01 05:28:41
640.00,2,2025-06-01 05:28:42
1632.00,2,2025-06-01 05:28:43
864.00,1,2025-06-01 05:28:45
576.00,2,2025-06-01 05:28:46
640.00,3,2025-06-01 05:28:47
896.00,1,2025-06-01 05:28:48
768.00,1,2025-06-01 05:28:49
576.00,2,2025-06-01 05:28:50
1056.00,4,2025-06-01 05:28:51
960.00,3,2025-06-01 05:28:52
1488.00,4,2025-06-01 05:28:53
896.00,4,2025-06-01 05:28:54
256.00,2,2025-06-01 05:28:55
576.00,3,2025-06-01 05:28:56
256.00,2,2025-06-01 05:28:57
1200.00,3,2025-06-01 05:28:58
1120.00,5,2025-06-01 05:28:59
2160.00,3,2025-06-01 05:29:00
864.00,5,2025-06-01 05:29:01
960.00,3,2025-06-01 05:29:02
288.00,5,2025-06-01 05:29:04
1440.00,4,2025-06-01 05:29:06
960.00,2,2025-06-01 05:29:07
1952.00,1,2025-06-01 05:29:08
512.00,3,2025-06-01 05:29:09
2304.00,4,2025-06-01 05:29:10
1376.00,1,2025-06-01 05:29:11
1120.00,5,2025-06-01 05:29:13
832.00,3,2025-06-01 05:29:14
1808.00,3,2025-06-01 05:29:15
1600.00,1,2025-06-01 05:29:16
576.00,1,2025-06-01 05:29:17
960.00,2,2025-06-01 05:29:18
1728.00,1,2025-06-01 05:29:20
960.00,5,2025-06-01 05:29:22
928.00,3,2025-06-01 05:29:23
1344.00,2,2025-06-01 05:29:24
1296.00,5,2025-06-01 05:29:25
768.00,5,2025-06-01 05:29:26
1824.00,4,2025-06-01 05:29:27
864.00,2,2025-06-01 05:29:28
2016.00,4,2025-06-01 05:29:29
832.00,2,2025-06-01 05:29:30
576.00,3,2025-06-01 05:29:31
1536.00,3,2025-06-01 05:29:32
752.00,1,2025-06-01 05:29:33
608.00,3,2025-06-01 05:29:34
1568.00,4,2025-06-01 05:29:35
1488.00,1,2025-06-01 05:29:36
1616.00,5,2025-06-01 05:29:37
576.00,5,2025-06-01 05:29:38
864.00,1,2025-06-01 05:29:39
1104.00,1,2025-06-01 05:29:40
1120.00,3,2025-06-01 05:29:41
1536.00,4,2025-06-01 05:29:42
784.00,5,2025-06-01 05:29:43
288.00,5,2025-06-01 05:29:44
928.00,2,2025-06-01 05:29:45
576.00,5,2025-06-01 05:29:46
1472.00,2,2025-06-01 05:29:47
576.00,3,2025-06-01 05:29:48
288.00,1,2025-06-01 05:29:49
304.00,5,2025-06-01 05:29:50
288.00,2,2025-06-01 05:29:51
1056.00,4,2025-06-01 05:29:52
1888.00,2,2025-06-01 05:29:53
512.00,4,2025-06-01 05:29:54
1280.00,3,2025-06-01 05:29:55
864.00,5,2025-06-01 05:29:56
576.00,1,2025-06-01 05:29:57
864.00,2,2025-06-01 05:29:58
1216.00,1,2025-06-01 05:29:59
384.00,5,2025-06-01 05:30:00
1216.00,1,2025-06-01 05:30:01
1152.00,1,2025-06-01 05:30:02
512.00,1,2025-06-01 05:30:03
288.00,3,2025-06-01 05:30:04
512.00,3,2025-06-01 05:30:05
512.00,5,2025-06-01 05:30:06
1680.00,5,2025-06-01 05:30:07
288.00,4,2025-06-01 05:30:08
1232.00,4,2025-06-01 05:30:09
1792.00,3,2025-06-01 05:30:10
576.00,3,2025-06-01 05:30:11
384.00,5,2025-06-01 05:30:12
704.00,4,2025-06-01 05:30:13
480.00,4,2025-06-01 05:30:15
1152.00,1,2025-06-01 05:30:16
1600.00,3,2025-06-01 05:30:17
1824.00,1,2025-06-01 05:30:18
1088.00,4,2025-06-01 05:30:19
288.00,1,2025-06-01 05:30:20
320.00,3,2025-06-01 05:30:21
512.00,4,2025-06-01 05:30:22
768.00,4,2025-06-01 05:30:24
688.00,2,2025-06-01 05:30:25
960.00,2,2025-06-01 05:30:26
1024.00,5,2025-06-01 05:30:27
768.00,4,2025-06-01 05:30:28
960.00,2,2025-06-01 05:30:29
304.00,3,2025-06-01 05:30:30
1184.00,5,2025-06-01 05:30:31
912.00,1,2025-06-01 05:30:32
576.00,4,2025-06-01 05:30:33
1920.00,1,2025-06-01 05:30:34
448.00,1,2025-06-01 05:30:35
448.00,2,2025-06-01 05:30:36
1088.00,2,2025-06-01 05:30:37
1216.00,1,2025-06-01 05:30:38
512.00,5,2025-06-01 05:30:39
640.00,2,2025-06-01 05:30:40
1216.00,1,2025-06-01 05:30:41
864.00,4,2025-06-01 05:30:42
688.00,4,2025-06-01 05:30:43
224.00,4,2025-06-01 05:30:44
768.00,2,2025-06-01 05:30:45
768.00,4,2025-06-01 05:30:46
576.00,4,2025-06-01 05:30:47
1440.00,5,2025-06-01 05:30:48
288.00,3,2025-06-01 05:30:49
384.00,1,2025-06-01 05:30:50
768.00,1,2025-06-01 05:30:52
384.00,1,2025-06-01 05:30:53
1632.00,4,2025-06-01 05:30:54
256.00,3,2025-06-01 05:30:56
1152.00,5,2025-06-01 05:30:57
832.00,1,2025-06-01 05:30:58
576.00,5,2025-06-01 05:30:59
384.00,5,2025-06-01 05:31:00
1024.00,2,2025-06-01 05:31:01
912.00,2,2025-06-01 05:31:02
1440.00,5,2025-06-01 05:31:03
1024.00,5,2025-06-01 05:31:04
1184.00,2,2025-06-01 05:31:05
512.00,2,2025-06-01 05:31:06
224.00,4,2025-06-01 05:31:07
1024.00,5,2025-06-01 05:31:09
896.00,4,2025-06-01 05:31:11
2208.00,2,2025-06-01 05:31:12
1120.00,4,2025-06-01 05:31:13
592.00,5,2025-06-01 05:31:14
1760.00,4,2025-06-01 05:31:15
1968.00,2,2025-06-01 05:31:16
640.00,4,2025-06-01 05:31:17
1504.00,4,2025-06-01 05:31:18
2064.00,3,2025-06-01 05:31:19
960.00,5,2025-06-01 05:31:21
880.00,5,2025-06-01 05:31:23
1312.00,4,2025-06-01 05:31:24
1440.00,1,2025-06-01 05:31:25
864.00,5,2025-06-01 05:31:26
800.00,1,2025-06-01 05:31:27
608.00,4,2025-06-01 05:31:29
704.00,3,2025-06-01 05:31:30
1696.00,2,2025-06-01 05:31:31
864.00,2,2025-06-01 05:31:32
1120.00,4,2025-06-01 05:31:33
960.00,5,2025-06-01 05:31:35
1568.00,4,2025-06-01 05:31:36
384.00,1,2025-06-01 05:31:37
768.00,3,2025-06-01 05:31:40
768.00,1,2025-06-01 05:31:41
1248.00,4,2025-06-01 05:31:42
1568.00,3,2025-06-01 05:31:43
928.00,3,2025-06-01 05:31:44
768.00,4,2025-06-01 05:31:45
496.00,3,2025-06-01 05:31:46
1184.00,1,2025-06-01 05:31:47
1024.00,3,2025-06-01 05:31:49
864.00,1,2025-06-01 05:31:50
576.00,1,2025-06-01 05:31:51
1184.00,1,2025-06-01 05:31:52
1600.00,2,2025-06-01 05:31:53
1136.00,3,2025-06-01 05:31:54
608.00,4,2025-06-01 05:31:56
768.00,5,2025-06-01 05:31:57
1376.00,4,2025-06-01 05:31:58
1152.00,5,2025-06-01 05:31:59
912.00,3,2025-06-01 05:32:00
544.00,5,2025-06-01 05:32:01
960.00,3,2025-06-01 05:32:02
1728.00,3,2025-06-01 05:32:03
1056.00,2,2025-06-01 05:32:04
1536.00,1,2025-06-01 05:32:05
1984.00,1,2025-06-01 05:32:06
1632.00,4,2025-06-01 05:32:07
1824.00,3,2025-06-01 05:32:08
1984.00,5,2025-06-01 05:32:09
2016.00,3,2025-06-01 05:32:10
1360.00,5,2025-06-01 05:32:11
1024.00,2,2025-06-01 05:32:12
1536.00,3,2025-06-01 05:32:13
576.00,2,2025-06-01 05:32:14
1264.00,1,2025-06-01 05:32:15
864.00,4,2025-06-01 05:32:16
1536.00,1,2025-06-01 05:32:17
1872.00,4,2025-06-01 05:32:18
1760.00,3,2025-06-01 05:32:19
1248.00,4,2025-06-01 05:32:20
928.00,4,2025-06-01 05:32:21
1504.00,2,2025-06-01 05:32:22
1488.00,4,2025-06-01 05:32:23
992.00,2,2025-06-01 05:32:24
1056.00,4,2025-06-01 05:32:25
768.00,5,2025-06-01 05:32:26
304.00,1,2025-06-01 05:32:28
192.00,1,2025-06-01 05:32:29
1488.00,1,2025-06-01 05:32:30
1456.00,3,2025-06-01 05:32:32
1408.00,1,2025-06-01 05:32:33
976.00,3,2025-06-01 05:32:34
576.00,1,2025-06-01 05:32:35
1680.00,3,2025-06-01 05:32:36
832.00,3,2025-06-01 05:32:37
896.00,2,2025-06-01 05:32:38
1120.00,3,2025-06-01 05:32:39
1696.00,4,2025-06-01 05:32:40
1568.00,3,2025-06-01 05:32:41
1056.00,5,2025-06-01 05:32:42
1536.00,1,2025-06-01 05:32:43
1088.00,2,2025-06-01 05:32:44
1088.00,4,2025-06-01 05:32:45
1152.00,1,2025-06-01 05:32:46
1120.00,4,2025-06-01 05:32:47
864.00,3,2025-06-01 05:32:48
800.00,5,2025-06-01 05:32:49
960.00,2,2025-06-01 05:32:50
1312.00,5,2025-06-01 05:32:51
576.00,3,2025-06-01 05:32:52
576.00,4,2025-06-01 05:32:53
288.00,2,2025-06-01 05:32:54
1120.00,1,2025-06-01 05:32:55
960.00,1,2025-06-01 05:32:58
800.00,1,2025-06-01 05:32:59
736.00,2,2025-06-01 05:33:00
288.00,1,2025-06-01 05:33:01
256.00,2,2025-06-01 05:33:02
672.00,2,2025-06-01 05:33:03
1152.00,5,2025-06-01 05:33:04
1696.00,3,2025-06-01 05:33:05
560.00,4,2025-06-01 05:33:06
1728.00,4,2025-06-01 05:33:07
992.00,3,2025-06-01 05:33:08
1424.00,3,2025-06-01 05:33:09
1824.00,2,2025-06-01 05:33:10
512.00,2,2025-06-01 05:33:11
288.00,5,2025-06-01 05:33:12
1440.00,3,2025-06-01 05:33:13
2176.00,3,2025-06-01 05:33:14
512.00,3,2025-06-01 05:33:15
1504.00,4,2025-06-01 05:33:16
1552.00,5,2025-06-01 05:33:17
960.00,3,2025-06-01 05:33:18
256.00,2,2025-06-01 05:33:19
640.00,1,2025-06-01 05:33:20
1216.00,1,2025-06-01 05:33:21
480.00,4,2025-06-01 05:33:23
288.00,2,2025-06-01 05:33:24
912.00,5,2025-06-01 05:33:25
1744.00,4,2025-06-01 05:33:26
608.00,2,2025-06-01 05:33:27
1472.00,5,2025-06-01 05:33:28
1088.00,5,2025-06-01 05:33:29
2784.00,4,2025-06-01 05:33:30
912.00,2,2025-06-01 05:33:31
1024.00,2,2025-06-01 05:33:32
832.00,4,2025-06-01 05:33:33
576.00,1,2025-06-01 05:33:34
1024.00,4,2025-06-01 05:33:35
256.00,1,2025-06-01 05:33:36
912.00,5,2025-06-01 05:33:37
256.00,2,2025-06-01 05:33:38
1024.00,1,2025-06-01 05:33:39
1616.00,1,2025-06-01 05:33:40
288.00,2,2025-06-01 05:33:41
912.00,4,2025-06-01 05:33:42
1216.00,1,2025-06-01 05:33:43
608.00,4,2025-06-01 05:33:44
224.00,4,2025-06-01 05:33:45
256.00,3,2025-06-01 05:33:46
2032.00,1,2025-06-01 05:33:48
560.00,3,2025-06-01 05:33:49
2080.00,4,2025-06-01 05:33:50
1312.00,4,2025-06-01 05:33:51
912.00,3,2025-06-01 05:33:52
1024.00,2,2025-06-01 05:33:53
832.00,3,2025-06-01 05:33:54
864.00,1,2025-06-01 05:33:55
1312.00,4,2025-06-01 05:33:56
832.00,5,2025-06-01 05:33:57
608.00,1,2025-06-01 05:33:58
2128.00,1,2025-06-01 05:33:59
864.00,5,2025-06-01 05:34:00
1024.00,5,2025-06-01 05:34:01
960.00,2,2025-06-01 05:34:02
1152.00,4,2025-06-01 05:34:04
768.00,1,2025-06-01 05:34:05
960.00,1,2025-06-01 05:34:06
1296.00,3,2025-06-01 05:34:07
576.00,1,2025-06-01 05:34:08
1056.00,5,2025-06-01 05:34:09
1280.00,4,2025-06-01 05:34:10
960.00,1,2025-06-01 05:34:12
288.00,1,2025-06-01 05:34:14
1184.00,4,2025-06-01 05:34:15
384.00,3,2025-06-01 05:34:16
864.00,2,2025-06-01 05:34:17
1968.00,5,2025-06-01 05:34:18
1408.00,1,2025-06-01 05:34:19
672.00,1,2025-06-01 05:34:20
1056.00,1,2025-06-01 05:34:21
800.00,2,2025-06-01 05:34:23
512.00,5,2025-06-01 05:34:24
992.00,2,2025-06-01 05:34:25
752.00,1,2025-06-01 05:34:26
640.00,4,2025-06-01 05:34:27
1824.00,2,2025-06-01 05:34:28
672.00,1,2025-06-01 05:34:29
1664.00,5,2025-06-01 05:34:32
320.00,4,2025-06-01 05:34:34
928.00,4,2025-06-01 05:34:35
1056.00,3,2025-06-01 05:34:36
832.00,2,2025-06-01 05:34:37
320.00,4,2025-06-01 05:34:38
576.00,1,2025-06-01 05:34:39
1120.00,5,2025-06-01 05:34:40
2048.00,3,2025-06-01 05:34:41
640.00,4,2025-06-01 05:34:42
256.00,1,2025-06-01 05:34:43
672.00,2,2025-06-01 05:34:44
1360.00,1,2025-06-01 05:34:45
1504.00,1,2025-06-01 05:34:46
1632.00,1,2025-06-01 05:34:48
1728.00,3,2025-06-01 05:34:49
1088.00,2,2025-06-01 05:34:50
448.00,2,2025-06-01 05:34:51
1632.00,4,2025-06-01 05:34:52
1520.00,4,2025-06-01 05:34:53
1120.00,1,2025-06-01 05:34:54
320.00,4,2025-06-01 05:34:55
1248.00,1,2025-06-01 05:34:56
1536.00,5,2025-06-01 05:34:57
512.00,3,2025-06-01 05:34:58
1152.00,1,2025-06-01 05:34:59
1216.00,2,2025-06-01 05:35:00
2096.00,4,2025-06-01 05:35:01
1472.00,5,2025-06-01 05:35:02
960.00,2,2025-06-01 05:35:03
1344.00,3,2025-06-01 05:35:04
1424.00,2,2025-06-01 05:35:05
1376.00,5,2025-06-01 05:35:06
896.00,2,2025-06-01 05:35:07
512.00,2,2025-06-01 05:35:08
1312.00,4,2025-06-01 05:35:09
672.00,5,2025-06-01 05:35:10
672.00,3,2025-06-01 05:35:11
1024.00,4,2025-06-01 05:35:12
512.00,3,2025-06-01 05:35:13
512.00,3,2025-06-01 05:35:14
912.00,5,2025-06-01 05:35:15
192.00,2,2025-06-01 05:35:17
608.00,1,2025-06-01 05:35:18
576.00,3,2025-06-01 05:35:19
256.00,1,2025-06-01 05:35:21
1168.00,4,2025-06-01 05:35:22
768.00,3,2025-06-01 05:35:23
576.00,1,2025-06-01 05:35:24
1456.00,1,2025-06-01 05:35:25
704.00,5,2025-06-01 05:35:26
1760.00,5,2025-06-01 05:35:27
1312.00,1,2025-06-01 05:35:28
320.00,5,2025-06-01 05:35:30
256.00,5,2025-06-01 05:35:32
1280.00,3,2025-06-01 05:35:33
576.00,2,2025-06-01 05:35:34
896.00,4,2025-06-01 05:35:35
912.00,3,2025-06-01 05:35:36
224.00,3,2025-06-01 05:35:37
1024.00,1,2025-06-01 05:35:38
1632.00,3,2025-06-01 05:35:39
640.00,3,2025-06-01 05:35:40
1888.00,4,2025-06-01 05:35:41
1664.00,1,2025-06-01 05:35:42
912.00,3,2025-06-01 05:35:43
256.00,1,2025-06-01 05:35:44
1376.00,3,2025-06-01 05:35:45
2128.00,2,2025-06-01 05:35:46
544.00,3,2025-06-01 05:35:47
672.00,2,2025-06-01 05:35:48
288.00,2,2025-06-01 05:35:50
576.00,4,2025-06-01 05:35:51
192.00,4,2025-06-01 05:35:52
320.00,3,2025-06-01 05:35:53
2000.00,5,2025-06-01 05:35:54
1632.00,1,2025-06-01 05:35:55
1568.00,3,2025-06-01 05:35:56
512.00,5,2025-06-01 05:35:57
304.00,4,2025-06-01 05:35:58
768.00,1,2025-06-01 05:35:59
384.00,3,2025-06-01 05:36:00
1280.00,1,2025-06-01 05:36:01
576.00,5,2025-06-01 05:36:02
1424.00,2,2025-06-01 05:36:03
1440.00,2,2025-06-01 05:36:05
832.00,2,2025-06-01 05:36:06
512.00,1,2025-06-01 05:36:07
288.00,5,2025-06-01 05:36:09
1856.00,3,2025-06-01 05:36:10
864.00,4,2025-06-01 05:36:11
1168.00,5,2025-06-01 05:36:12
864.00,4,2025-06-01 05:36:13
1632.00,2,2025-06-01 05:36:14
1008.00,3,2025-06-01 05:36:15
1824.00,1,2025-06-01 05:36:16
2272.00,1,2025-06-01 05:36:17
1024.00,4,2025-06-01 05:36:18
1552.00,4,2025-06-01 05:36:19
1056.00,4,2025-06-01 05:36:20
304.00,3,2025-06-01 05:36:21
512.00,4,2025-06-01 05:36:22
640.00,3,2025-06-01 05:36:23
256.00,1,2025-06-01 05:36:24
2208.00,1,2025-06-01 05:36:25
1408.00,2,2025-06-01 05:36:26
1920.00,2,2025-06-01 05:36:27
1152.00,2,2025-06-01 05:36:29
512.00,5,2025-06-01 05:36:30
960.00,3,2025-06-01 05:36:31
1408.00,3,2025-06-01 05:36:32
768.00,4,2025-06-01 05:36:33
1072.00,1,2025-06-01 05:36:34
2144.00,5,2025-06-01 05:36:36
1216.00,3,2025-06-01 05:36:37
1632.00,4,2025-06-01 05:36:38
512.00,1,2025-06-01 05:36:39
1216.00,5,2025-06-01 05:36:40
1024.00,5,2025-06-01 05:36:41
768.00,3,2025-06-01 05:36:42
1104.00,1,2025-06-01 05:36:43
1536.00,2,2025-06-01 05:36:44
288.00,4,2025-06-01 05:36:45
672.00,2,2025-06-01 05:36:46
1776.00,3,2025-06-01 05:36:47
448.00,5,2025-06-01 05:36:48
768.00,4,2025-06-01 05:36:49
1952.00,5,2025-06-01 05:36:50
288.00,2,2025-06-01 05:36:51
896.00,2,2025-06-01 05:36:52
1248.00,3,2025-06-01 05:36:53
640.00,5,2025-06-01 05:36:54
1056.00,3,2025-06-01 05:36:56
1760.00,4,2025-06-01 05:36:57
1184.00,3,2025-06-01 05:36:58
1136.00,5,2025-06-01 05:36:59
1696.00,2,2025-06-01 05:37:00
1216.00,4,2025-06-01 05:37:01
624.00,1,2025-06-01 05:37:02
288.00,4,2025-06-01 05:37:03
1824.00,2,2025-06-01 05:37:04
672.00,2,2025-06-01 05:37:05
560.00,5,2025-06-01 05:37:06
864.00,5,2025-06-01 05:37:07
704.00,2,2025-06-01 05:37:08
608.00,5,2025-06-01 05:37:10
1312.00,5,2025-06-01 05:37:11
384.00,4,2025-06-01 05:37:12
960.00,5,2025-06-01 05:37:13
928.00,2,2025-06-01 05:37:14
896.00,1,2025-06-01 05:37:15
1472.00,2,2025-06-01 05:37:16
800.00,2,2025-06-01 05:37:17
768.00,5,2025-06-01 05:37:18
912.00,5,2025-06-01 05:37:19
1696.00,3,2025-06-01 05:37:20
384.00,2,2025-06-01 05:37:22
640.00,4,2025-06-01 05:37:23
896.00,4,2025-06-01 05:37:24
1216.00,2,2025-06-01 05:37:25
1088.00,5,2025-06-01 05:37:26
1504.00,1,2025-06-01 05:37:27
1344.00,2,2025-06-01 05:37:28
800.00,3,2025-06-01 05:37:29
1440.00,1,2025-06-01 05:37:30
288.00,3,2025-06-01 05:37:31
288.00,3,2025-06-01 05:37:32
1136.00,3,2025-06-01 05:37:33
1264.00,1,2025-06-01 05:37:34
2096.00,3,2025-06-01 05:37:35
1376.00,3,2025-06-01 05:37:36
800.00,4,2025-06-01 05:37:38
1152.00,5,2025-06-01 05:37:39
816.00,1,2025-06-01 05:37:40
1600.00,2,2025-06-01 05:37:41
576.00,1,2025-06-01 05:37:42
1344.00,5,2025-06-01 05:37:43
1312.00,3,2025-06-01 05:37:44
576.00,2,2025-06-01 05:37:45
736.00,5,2025-06-01 05:37:46
896.00,4,2025-06-01 05:37:47
288.00,5,2025-06-01 05:37:48
1376.00,2,2025-06-01 05:37:49
1664.00,4,2025-06-01 05:37:50
1344.00,3,2025-06-01 05:37:51
1984.00,4,2025-06-01 05:37:52
896.00,2,2025-06-01 05:37:53
1024.00,1,2025-06-01 05:37:54
1216.00,4,2025-06-01 05:37:55
544.00,3,2025-06-01 05:37:56
1344.00,5,2025-06-01 05:37:58
1168.00,2,2025-06-01 05:37:59
224.00,4,2025-06-01 05:38:00
1184.00,4,2025-06-01 05:38:01
2112.00,1,2025-06-01 05:38:02
1952.00,3,2025-06-01 05:38:03
704.00,4,2025-06-01 05:38:04
1056.00,2,2025-06-01 05:38:05
1888.00,4,2025-06-01 05:38:06
2432.00,2,2025-06-01 05:38:07
576.00,2,2025-06-01 05:38:08
1760.00,1,2025-06-01 05:38:09
1856.00,5,2025-06-01 05:38:10
768.00,3,2025-06-01 05:38:11
1728.00,5,2025-06-01 05:38:12
960.00,4,2025-06-01 05:38:14
1344.00,5,2025-06-01 05:38:15
256.00,3,2025-06-01 05:38:16
832.00,5,2025-06-01 05:38:17
576.00,2,2025-06-01 05:38:18
320.00,2,2025-06-01 05:38:19
1472.00,5,2025-06-01 05:38:20
640.00,3,2025-06-01 05:38:21
1424.00,5,2025-06-01 05:38:22
992.00,3,2025-06-01 05:38:23
304.00,1,2025-06-01 05:38:24
1376.00,5,2025-06-01 05:38:25
960.00,4,2025-06-01 05:38:26
2016.00,4,2025-06-01 05:38:27
2112.00,4,2025-06-01 05:38:28
1584.00,1,2025-06-01 05:38:29
912.00,1,2025-06-01 05:38:31
1504.00,1,2025-06-01 05:38:33
768.00,1,2025-06-01 05:38:34
2016.00,4,2025-06-01 05:38:36
1024.00,4,2025-06-01 05:38:37
2112.00,5,2025-06-01 05:38:38
288.00,1,2025-06-01 05:38:39
832.00,1,2025-06-01 05:38:42
1648.00,1,2025-06-01 05:38:43
1216.00,4,2025-06-01 05:38:44
496.00,1,2025-06-01 05:38:45
1168.00,1,2025-06-01 05:38:46
800.00,2,2025-06-01 05:38:47
1168.00,2,2025-06-01 05:38:48
864.00,2,2025-06-01 05:38:49
1936.00,3,2025-06-01 05:38:50
1088.00,2,2025-06-01 05:38:51
1152.00,4,2025-06-01 05:38:52
256.00,4,2025-06-01 05:38:53
256.00,1,2025-06-01 05:38:54
1280.00,5,2025-06-01 05:38:55
192.00,2,2025-06-01 05:38:56
1408.00,1,2025-06-01 05:38:57
1280.00,1,2025-06-01 05:38:58
192.00,2,2025-06-01 05:38:59
640.00,1,2025-06-01 05:39:00
2016.00,4,2025-06-01 05:39:02
576.00,1,2025-06-01 05:39:03
1152.00,3,2025-06-01 05:39:04
2144.00,2,2025-06-01 05:39:05
1840.00,5,2025-06-01 05:39:06
480.00,2,2025-06-01 05:39:07
1152.00,1,2025-06-01 05:39:08
736.00,4,2025-06-01 05:39:09
256.00,3,2025-06-01 05:39:10
864.00,1,2025-06-01 05:39:11
1216.00,2,2025-06-01 05:39:12
1168.00,2,2025-06-01 05:39:13
448.00,1,2025-06-01 05:39:14
1120.00,3,2025-06-01 05:39:16
1824.00,4,2025-06-01 05:39:17
1536.00,5,2025-06-01 05:39:19
304.00,4,2025-06-01 05:39:20
288.00,2,2025-06-01 05:39:21
1536.00,5,2025-06-01 05:39:22
768.00,5,2025-06-01 05:39:24
2048.00,4,2025-06-01 05:39:25
224.00,3,2025-06-01 05:39:26
640.00,3,2025-06-01 05:39:27
1200.00,1,2025-06-01 05:39:28
832.00,2,2025-06-01 05:39:30
304.00,2,2025-06-01 05:39:31
608.00,5,2025-06-01 05:39:32
288.00,5,2025-06-01 05:39:33
1568.00,2,2025-06-01 05:39:34
1632.00,3,2025-06-01 05:39:35
960.00,2,2025-06-01 05:39:36
768.00,4,2025-06-01 05:39:37
192.00,5,2025-06-01 05:39:38
1152.00,2,2025-06-01 05:39:39
1280.00,1,2025-06-01 05:39:40
1536.00,3,2025-06-01 05:39:41
1760.00,1,2025-06-01 05:39:42
832.00,4,2025-06-01 05:39:43
1216.00,4,2025-06-01 05:39:44
1488.00,1,2025-06-01 05:39:45
1184.00,1,2025-06-01 05:39:46
864.00,3,2025-06-01 05:39:47
1360.00,5,2025-06-01 05:39:48
2432.00,3,2025-06-01 05:39:49
1584.00,4,2025-06-01 05:39:50
1040.00,3,2025-06-01 05:39:51
1120.00,3,2025-06-01 05:39:52
880.00,3,2025-06-01 05:39:53
624.00,1,2025-06-01 05:39:56
2208.00,3,2025-06-01 05:39:57
1536.00,3,2025-06-01 05:39:58
864.00,4,2025-06-01 05:39:59
672.00,1,2025-06-01 05:40:00
448.00,2,2025-06-01 05:40:01
1984.00,4,2025-06-01 05:40:03
864.00,4,2025-06-01 05:40:04
1744.00,4,2025-06-01 05:40:05
576.00,3,2025-06-01 05:40:07
1216.00,3,2025-06-01 05:40:08
896.00,1,2025-06-01 05:40:09
768.00,4,2025-06-01 05:40:10
304.00,5,2025-06-01 05:40:11
2352.00,2,2025-06-01 05:40:12
544.00,4,2025-06-01 05:40:13
1232.00,5,2025-06-01 05:40:14
1024.00,1,2025-06-01 05:40:15
1120.00,2,2025-06-01 05:40:16
1680.00,4,2025-06-01 05:40:17
864.00,4,2025-06-01 05:40:18
1920.00,1,2025-06-01 05:40:19
1856.00,2,2025-06-01 05:40:20
288.00,5,2025-06-01 05:40:21
1344.00,4,2025-06-01 05:40:22
1520.00,4,2025-06-01 05:40:23
928.00,2,2025-06-01 05:40:24
1504.00,2,2025-06-01 05:40:25
192.00,1,2025-06-01 05:40:26
768.00,2,2025-06-01 05:40:27
864.00,2,2025-06-01 05:40:28
1728.00,4,2025-06-01 05:40:29
384.00,2,2025-06-01 05:40:30
2112.00,4,2025-06-01 05:40:31
1504.00,4,2025-06-01 05:40:34
1248.00,4,2025-06-01 05:40:35
960.00,5,2025-06-01 05:40:36
2272.00,1,2025-06-01 05:40:37
544.00,4,2025-06-01 05:40:39
576.00,5,2025-06-01 05:40:40
768.00,2,2025-06-01 05:40:41
2288.00,2,2025-06-01 05:40:42
224.00,5,2025-06-01 05:40:43
864.00,2,2025-06-01 05:40:44
1168.00,5,2025-06-01 05:40:45
1344.00,2,2025-06-01 05:40:46
1344.00,5,2025-06-01 05:40:47
1344.00,3,2025-06-01 05:40:48
1008.00,3,2025-06-01 05:40:49
1792.00,4,2025-06-01 05:40:50
1824.00,2,2025-06-01 05:40:51
288.00,1,2025-06-01 05:40:52
1696.00,3,2025-06-01 05:40:53
928.00,4,2025-06-01 05:40:54
928.00,5,2025-06-01 05:40:55
800.00,2,2025-06-01 05:40:56
2512.00,3,2025-06-01 05:40:57
2112.00,2,2025-06-01 05:40:58
576.00,5,2025-06-01 05:40:59
1664.00,5,2025-06-01 05:41:00
1856.00,2,2025-06-01 05:41:01
288.00,2,2025-06-01 05:41:02
1088.00,3,2025-06-01 05:41:03
1200.00,1,2025-06-01 05:41:04
1184.00,2,2025-06-01 05:41:05
1728.00,3,2025-06-01 05:41:06
864.00,3,2025-06-01 05:41:07
1824.00,4,2025-06-01 05:41:08
2176.00,3,2025-06-01 05:41:09
1856.00,2,2025-06-01 05:41:11
1312.00,3,2025-06-01 05:41:12
192.00,3,2025-06-01 05:41:13
1056.00,3,2025-06-01 05:41:14
1024.00,2,2025-06-01 05:41:15
800.00,5,2025-06-01 05:41:16
704.00,4,2025-06-01 05:41:17
1184.00,4,2025-06-01 05:41:19
1632.00,1,2025-06-01 05:41:20
1472.00,3,2025-06-01 05:41:21
864.00,3,2025-06-01 05:41:22
384.00,3,2025-06-01 05:41:23
1376.00,1,2025-06-01 05:41:24
320.00,3,2025-06-01 05:41:25
1920.00,4,2025-06-01 05:41:26
768.00,4,2025-06-01 05:41:27
320.00,1,2025-06-01 05:41:29
320.00,3,2025-06-01 05:41:30
1472.00,3,2025-06-01 05:41:31
192.00,5,2025-06-01 05:41:32
960.00,5,2025-06-01 05:41:33
864.00,5,2025-06-01 05:41:34
256.00,1,2025-06-01 05:41:35
896.00,2,2025-06-01 05:41:36
1952.00,3,2025-06-01 05:41:37
1216.00,4,2025-06-01 05:41:38
880.00,1,2025-06-01 05:41:39
1920.00,1,2025-06-01 05:41:40
1296.00,4,2025-06-01 05:41:41
960.00,1,2025-06-01 05:41:42
576.00,2,2025-06-01 05:41:43
304.00,3,2025-06-01 05:41:44
1120.00,1,2025-06-01 05:41:45
1488.00,5,2025-06-01 05:41:46
1664.00,3,2025-06-01 05:41:47
1888.00,4,2025-06-01 05:41:48
576.00,3,2025-06-01 05:41:49
672.00,2,2025-06-01 05:41:50
1616.00,5,2025-06-01 05:41:51
256.00,4,2025-06-01 05:41:53
816.00,3,2025-06-01 05:41:54
1152.00,5,2025-06-01 05:41:55
1536.00,5,2025-06-01 05:41:56
880.00,2,2025-06-01 05:41:57
768.00,5,2025-06-01 05:41:58
576.00,2,2025-06-01 05:41:59
672.00,4,2025-06-01 05:42:00
832.00,4,2025-06-01 05:42:01
768.00,2,2025-06-01 05:42:03
448.00,5,2025-06-01 05:42:04
1312.00,2,2025-06-01 05:42:05
768.00,4,2025-06-01 05:42:06
864.00,3,2025-06-01 05:42:07
1824.00,1,2025-06-01 05:42:08
912.00,4,2025-06-01 05:42:09
864.00,5,2025-06-01 05:42:10
1728.00,1,2025-06-01 05:42:11
2176.00,2,2025-06-01 05:42:13
1440.00,5,2025-06-01 05:42:14
1696.00,1,2025-06-01 05:42:16
1536.00,2,2025-06-01 05:42:17
512.00,5,2025-06-01 05:42:18
576.00,5,2025-06-01 05:42:19
2240.00,3,2025-06-01 05:42:21
768.00,5,2025-06-01 05:42:22
960.00,3,2025-06-01 05:42:23
1024.00,5,2025-06-01 05:42:24
928.00,1,2025-06-01 05:42:25
672.00,4,2025-06-01 05:42:26
1248.00,3,2025-06-01 05:42:27
1184.00,2,2025-06-01 05:42:28
320.00,5,2025-06-01 05:42:29
1312.00,1,2025-06-01 05:42:30
288.00,1,2025-06-01 05:42:31
1280.00,2,2025-06-01 05:42:32
1184.00,4,2025-06-01 05:42:33
640.00,1,2025-06-01 05:42:34
384.00,3,2025-06-01 05:42:36
640.00,1,2025-06-01 05:42:37
1248.00,4,2025-06-01 05:42:38
640.00,2,2025-06-01 05:42:40
1376.00,4,2025-06-01 05:42:41
1984.00,3,2025-06-01 05:42:42
576.00,2,2025-06-01 05:42:43
1408.00,2,2025-06-01 05:42:44
1088.00,1,2025-06-01 05:42:45
1920.00,3,2025-06-01 05:42:46
608.00,1,2025-06-01 05:42:47
640.00,1,2025-06-01 05:42:48
384.00,1,2025-06-01 05:42:49
1984.00,5,2025-06-01 05:42:50
1664.00,2,2025-06-01 05:42:51
864.00,3,2025-06-01 05:42:52
928.00,5,2025-06-01 05:42:53
448.00,3,2025-06-01 05:42:54
640.00,4,2025-06-01 05:42:55
1568.00,2,2025-06-01 05:42:56
1184.00,3,2025-06-01 05:42:57
944.00,2,2025-06-01 05:42:58
2688.00,3,2025-06-01 05:42:59
1664.00,2,2025-06-01 05:43:00
1152.00,1,2025-06-01 05:43:01
1248.00,2,2025-06-01 05:43:02
224.00,1,2025-06-01 05:43:03
880.00,1,2025-06-01 05:43:04
1728.00,1,2025-06-01 05:43:05
576.00,5,2025-06-01 05:43:07
768.00,4,2025-06-01 05:43:08
1904.00,1,2025-06-01 05:43:09
576.00,2,2025-06-01 05:43:10
576.00,1,2025-06-01 05:43:11
1184.00,5,2025-06-01 05:43:12
512.00,2,2025-06-01 05:43:13
576.00,5,2025-06-01 05:43:14
2240.00,5,2025-06-01 05:43:15
1536.00,3,2025-06-01 05:43:16
960.00,3,2025-06-01 05:43:17
2640.00,5,2025-06-01 05:43:18
688.00,1,2025-06-01 05:43:19
896.00,3,2025-06-01 05:43:20
864.00,1,2025-06-01 05:43:21
480.00,5,2025-06-01 05:43:22
320.00,5,2025-06-01 05:43:23
960.00,2,2025-06-01 05:43:24
512.00,2,2025-06-01 05:43:26
1216.00,3,2025-06-01 05:43:27
1648.00,5,2025-06-01 05:43:28
288.00,1,2025-06-01 05:43:29
1568.00,3,2025-06-01 05:43:30
1472.00,2,2025-06-01 05:43:32
1696.00,4,2025-06-01 05:43:33
592.00,2,2025-06-01 05:43:34
288.00,4,2025-06-01 05:43:35
192.00,3,2025-06-01 05:43:36
1440.00,3,2025-06-01 05:43:37
320.00,5,2025-06-01 05:43:38
192.00,3,2025-06-01 05:43:39
896.00,2,2025-06-01 05:43:40
2016.00,3,2025-06-01 05:43:41
1504.00,2,2025-06-01 05:43:42
1536.00,1,2025-06-01 05:43:43
2320.00,1,2025-06-01 05:43:44
1728.00,4,2025-06-01 05:43:45
1408.00,2,2025-06-01 05:43:47
576.00,3,2025-06-01 05:43:48
608.00,5,2025-06-01 05:43:49
1472.00,1,2025-06-01 05:43:50
912.00,1,2025-06-01 05:43:51
640.00,4,2025-06-01 05:43:54
1664.00,5,2025-06-01 05:43:55
1152.00,2,2025-06-01 05:43:56
576.00,3,2025-06-01 05:43:57
1088.00,3,2025-06-01 05:43:58
1088.00,4,2025-06-01 05:43:59
384.00,1,2025-06-01 05:44:00
1824.00,5,2025-06-01 05:44:01
1600.00,4,2025-06-01 05:44:02
576.00,3,2025-06-01 05:44:03
1104.00,1,2025-06-01 05:44:04
1072.00,1,2025-06-01 05:44:05
1632.00,5,2025-06-01 05:44:06
1920.00,3,2025-06-01 05:44:07
640.00,4,2025-06-01 05:44:08
864.00,4,2025-06-01 05:44:09
1344.00,3,2025-06-01 05:44:10
736.00,4,2025-06-01 05:44:11
800.00,5,2025-06-01 05:44:12
1248.00,3,2025-06-01 05:44:13
864.00,2,2025-06-01 05:44:14
672.00,1,2025-06-01 05:44:15
800.00,1,2025-06-01 05:44:16
384.00,2,2025-06-01 05:44:17
640.00,2,2025-06-01 05:44:18
288.00,5,2025-06-01 05:44:20
960.00,5,2025-06-01 05:44:21
1152.00,5,2025-06-01 05:44:22
608.00,4,2025-06-01 05:44:23
672.00,3,2025-06-01 05:44:24
1376.00,4,2025-06-01 05:44:25
1968.00,4,2025-06-01 05:44:26
1760.00,2,2025-06-01 05:44:27
1920.00,3,2025-06-01 05:44:28
1696.00,5,2025-06-01 05:44:29
896.00,2,2025-06-01 05:44:30
1184.00,5,2025-06-01 05:44:31
640.00,3,2025-06-01 05:44:32
928.00,5,2025-06-01 05:44:33
1152.00,2,2025-06-01 05:44:34
304.00,3,2025-06-01 05:44:35
288.00,3,2025-06-01 05:44:37
576.00,5,2025-06-01 05:44:38
1568.00,1,2025-06-01 05:44:40
1760.00,1,2025-06-01 05:44:41
672.00,1,2025-06-01 05:44:42
256.00,5,2025-06-01 05:44:44
1472.00,5,2025-06-01 05:44:45
928.00,2,2025-06-01 05:44:47
512.00,2,2025-06-01 05:44:48
768.00,5,2025-06-01 05:44:49
1568.00,2,2025-06-01 05:44:50
1872.00,1,2025-06-01 05:44:51
1376.00,3,2025-06-01 05:44:52
1088.00,3,2025-06-01 05:44:53
608.00,5,2025-06-01 05:44:54
2064.00,3,2025-06-01 05:44:55
864.00,3,2025-06-01 05:44:56
960.00,1,2025-06-01 05:44:57
256.00,1,2025-06-01 05:44:58
480.00,1,2025-06-01 05:44:59
1056.00,1,2025-06-01 05:45:01
960.00,1,2025-06-01 05:45:02
384.00,4,2025-06-01 05:45:03
1392.00,1,2025-06-01 05:45:04
1520.00,5,2025-06-01 05:45:05
288.00,2,2025-06-01 05:45:06
1376.00,2,2025-06-01 05:45:07
800.00,2,2025-06-01 05:45:08
1472.00,1,2025-06-01 05:45:09
864.00,1,2025-06-01 05:45:10
288.00,3,2025-06-01 05:45:11
896.00,2,2025-06-01 05:45:12
2304.00,2,2025-06-01 05:45:13
1088.00,2,2025-06-01 05:45:15
512.00,5,2025-06-01 05:45:16
224.00,4,2025-06-01 05:45:17
576.00,1,2025-06-01 05:45:18
2208.00,3,2025-06-01 05:45:20
896.00,3,2025-06-01 05:45:21
592.00,4,2025-06-01 05:45:22
864.00,5,2025-06-01 05:45:23
928.00,1,2025-06-01 05:45:24
1600.00,1,2025-06-01 05:45:25
256.00,4,2025-06-01 05:45:26
1536.00,5,2025-06-01 05:45:27
864.00,2,2025-06-01 05:45:28
736.00,5,2025-06-01 05:45:29
512.00,1,2025-06-01 05:45:30
640.00,4,2025-06-01 05:45:31
1376.00,1,2025-06-01 05:45:32
1248.00,4,2025-06-01 05:45:33
1952.00,4,2025-06-01 05:45:34
1056.00,5,2025-06-01 05:45:35
672.00,5,2025-06-01 05:45:36
864.00,5,2025-06-01 05:45:37
576.00,3,2025-06-01 05:45:38
256.00,3,2025-06-01 05:45:39
2304.00,1,2025-06-01 05:45:40
576.00,1,2025-06-01 05:45:41
448.00,5,2025-06-01 05:45:42
384.00,1,2025-06-01 05:45:43
1120.00,4,2025-06-01 05:45:44
864.00,2,2025-06-01 05:45:45
256.00,3,2025-06-01 05:45:46
800.00,4,2025-06-01 05:45:47
832.00,1,2025-06-01 05:45:48
576.00,5,2025-06-01 05:45:49
512.00,4,2025-06-01 05:45:50
912.00,3,2025-06-01 05:45:51
2112.00,2,2025-06-01 05:45:52
224.00,2,2025-06-01 05:45:53
1152.00,1,2025-06-01 05:45:54
1440.00,5,2025-06-01 05:45:55
1376.00,4,2025-06-01 05:45:56
1440.00,5,2025-06-01 05:45:57
1664.00,5,2025-06-01 05:45:58
1216.00,3,2025-06-01 05:45:59
1488.00,5,2025-06-01 05:46:00
864.00,4,2025-06-01 05:46:01
512.00,5,2025-06-01 05:46:02
256.00,1,2025-06-01 05:46:03
768.00,5,2025-06-01 05:46:04
1712.00,1,2025-06-01 05:46:05
288.00,1,2025-06-01 05:46:06
1088.00,3,2025-06-01 05:46:08
512.00,1,2025-06-01 05:46:09
1216.00,2,2025-06-01 05:46:10
832.00,1,2025-06-01 05:46:11
896.00,4,2025-06-01 05:46:12
1120.00,2,2025-06-01 05:46:13
1168.00,1,2025-06-01 05:46:14
864.00,1,2025-06-01 05:46:16
912.00,2,2025-06-01 05:46:17
288.00,1,2025-06-01 05:46:18
2000.00,5,2025-06-01 05:46:19
1328.00,1,2025-06-01 05:46:20
288.00,3,2025-06-01 05:46:21
1248.00,1,2025-06-01 05:46:22
1712.00,4,2025-06-01 05:46:23
896.00,2,2025-06-01 05:46:24
768.00,1,2025-06-01 05:46:25
1536.00,1,2025-06-01 05:46:26
768.00,1,2025-06-01 05:46:27
288.00,4,2025-06-01 05:46:28
1504.00,3,2025-06-01 05:46:29
544.00,4,2025-06-01 05:46:31
512.00,5,2025-06-01 05:46:32
864.00,4,2025-06-01 05:46:33
864.00,3,2025-06-01 05:46:34
448.00,4,2025-06-01 05:46:35
448.00,2,2025-06-01 05:46:36
768.00,4,2025-06-01 05:46:37
1632.00,2,2025-06-01 05:46:38
608.00,4,2025-06-01 05:46:39
1344.00,2,2025-06-01 05:46:40
1632.00,5,2025-06-01 05:46:41
1072.00,5,2025-06-01 05:46:42
2432.00,3,2025-06-01 05:46:43
576.00,3,2025-06-01 05:46:44
192.00,5,2025-06-01 05:46:45
864.00,1,2025-06-01 05:46:46
1408.00,3,2025-06-01 05:46:47
1344.00,1,2025-06-01 05:46:48
928.00,1,2025-06-01 05:46:49
1376.00,3,2025-06-01 05:46:50
864.00,2,2025-06-01 05:46:51
832.00,1,2025-06-01 05:46:52
448.00,5,2025-06-01 05:46:53
192.00,4,2025-06-01 05:46:54
384.00,5,2025-06-01 05:46:55
256.00,5,2025-06-01 05:46:56
512.00,3,2025-06-01 05:46:58
608.00,3,2025-06-01 05:46:59
480.00,3,2025-06-01 05:47:00
1184.00,5,2025-06-01 05:47:01
1184.00,5,2025-06-01 05:47:02
256.00,4,2025-06-01 05:47:03
256.00,5,2025-06-01 05:47:04
1200.00,5,2025-06-01 05:47:05
2400.00,3,2025-06-01 05:47:06
1504.00,2,2025-06-01 05:47:07
256.00,2,2025-06-01 05:47:08
304.00,3,2025-06-01 05:47:09
960.00,2,2025-06-01 05:47:10
1152.00,4,2025-06-01 05:47:11
528.00,4,2025-06-01 05:47:13
1584.00,3,2025-06-01 05:47:14
576.00,4,2025-06-01 05:47:15
1344.00,1,2025-06-01 05:47:16
1056.00,4,2025-06-01 05:47:18
768.00,5,2025-06-01 05:47:19
960.00,4,2025-06-01 05:47:21
1920.00,5,2025-06-01 05:47:22
1856.00,4,2025-06-01 05:47:23
256.00,5,2025-06-01 05:47:24
816.00,5,2025-06-01 05:47:25
912.00,2,2025-06-01 05:47:26
320.00,4,2025-06-01 05:47:27
1024.00,1,2025-06-01 05:47:28
768.00,5,2025-06-01 05:47:29
512.00,4,2025-06-01 05:47:30
576.00,3,2025-06-01 05:47:31
384.00,4,2025-06-01 05:47:33
384.00,1,2025-06-01 05:47:34
1344.00,3,2025-06-01 05:47:35
576.00,4,2025-06-01 05:47:36
640.00,1,2025-06-01 05:47:37
576.00,3,2025-06-01 05:47:39
1440.00,1,2025-06-01 05:47:40
1632.00,5,2025-06-01 05:47:41
1216.00,5,2025-06-01 05:47:42
768.00,1,2025-06-01 05:47:43
608.00,5,2025-06-01 05:47:44
384.00,3,2025-06-01 05:47:45
288.00,4,2025-06-01 05:47:46
192.00,5,2025-06-01 05:47:47
864.00,5,2025-06-01 05:47:48
704.00,4,2025-06-01 05:47:49
1312.00,5,2025-06-01 05:47:50
864.00,2,2025-06-01 05:47:52
2048.00,5,2025-06-01 05:47:53
672.00,1,2025-06-01 05:47:54
864.00,4,2025-06-01 05:47:56
1136.00,5,2025-06-01 05:47:57
576.00,4,2025-06-01 05:47:58
544.00,1,2025-06-01 05:47:59
832.00,3,2025-06-01 05:48:00
1824.00,5,2025-06-01 05:48:01
1248.00,1,2025-06-01 05:48:02
2000.00,1,2025-06-01 05:48:03
1152.00,2,2025-06-01 05:48:04
736.00,3,2025-06-01 05:48:05
1344.00,4,2025-06-01 05:48:06
960.00,1,2025-06-01 05:48:07
912.00,1,2025-06-01 05:48:08
288.00,1,2025-06-01 05:48:10
1280.00,3,2025-06-01 05:48:11
1408.00,4,2025-06-01 05:48:13
864.00,3,2025-06-01 05:48:14
1344.00,1,2025-06-01 05:48:15
864.00,1,2025-06-01 05:48:17
1728.00,3,2025-06-01 05:48:19
256.00,5,2025-06-01 05:48:21
1440.00,4,2025-06-01 05:48:22
1168.00,1,2025-06-01 05:48:23
1376.00,3,2025-06-01 05:48:24
1472.00,1,2025-06-01 05:48:25
576.00,1,2025-06-01 05:48:26
192.00,5,2025-06-01 05:48:27
1376.00,1,2025-06-01 05:48:28
1216.00,3,2025-06-01 05:48:29
1216.00,4,2025-06-01 05:48:30
1152.00,3,2025-06-01 05:48:31
768.00,2,2025-06-01 05:48:32
640.00,3,2025-06-01 05:48:33
1440.00,5,2025-06-01 05:48:34
768.00,2,2025-06-01 05:48:35
192.00,2,2025-06-01 05:48:36
880.00,3,2025-06-01 05:48:37
1728.00,3,2025-06-01 05:48:38
384.00,2,2025-06-01 05:48:39
1536.00,4,2025-06-01 05:48:40
624.00,2,2025-06-01 05:48:41
880.00,2,2025-06-01 05:48:42
1936.00,4,2025-06-01 05:48:43
2496.00,5,2025-06-01 05:48:45
1216.00,5,2025-06-01 05:48:46
224.00,3,2025-06-01 05:48:47
1712.00,5,2025-06-01 05:48:48
512.00,2,2025-06-01 05:48:49
1824.00,5,2025-06-01 05:48:51
928.00,1,2025-06-01 05:48:52
1472.00,2,2025-06-01 05:48:53
1344.00,1,2025-06-01 05:48:54
864.00,3,2025-06-01 05:48:55
864.00,5,2025-06-01 05:48:56
288.00,2,2025-06-01 05:48:57
576.00,5,2025-06-01 05:48:58
1744.00,3,2025-06-01 05:48:59
992.00,2,2025-06-01 05:49:00
1056.00,3,2025-06-01 05:49:01
864.00,2,2025-06-01 05:49:02
1664.00,4,2025-06-01 05:49:03
832.00,5,2025-06-01 05:49:04
576.00,5,2025-06-01 05:49:05
576.00,1,2025-06-01 05:49:06
2496.00,4,2025-06-01 05:49:07
1184.00,3,2025-06-01 05:49:08
1136.00,2,2025-06-01 05:49:09
768.00,5,2025-06-01 05:49:10
256.00,2,2025-06-01 05:49:11
1728.00,1,2025-06-01 05:49:12
816.00,4,2025-06-01 05:49:13
288.00,4,2025-06-01 05:49:14
608.00,4,2025-06-01 05:49:15
1248.00,5,2025-06-01 05:49:16
224.00,4,2025-06-01 05:49:17
1168.00,1,2025-06-01 05:49:18
1408.00,2,2025-06-01 05:49:19
912.00,1,2025-06-01 05:49:20
800.00,2,2025-06-01 05:49:21
912.00,1,2025-06-01 05:49:22
896.00,2,2025-06-01 05:49:23
1824.00,1,2025-06-01 05:49:24
304.00,3,2025-06-01 05:49:25
864.00,3,2025-06-01 05:49:26
304.00,4,2025-06-01 05:49:27
384.00,4,2025-06-01 05:49:28
576.00,3,2025-06-01 05:49:29
672.00,3,2025-06-01 05:49:30
1536.00,2,2025-06-01 05:49:31
2048.00,2,2025-06-01 05:49:32
768.00,3,2025-06-01 05:49:35
768.00,3,2025-06-01 05:49:36
640.00,4,2025-06-01 05:49:37
256.00,3,2025-06-01 05:49:38
416.00,3,2025-06-01 05:49:40
864.00,2,2025-06-01 05:49:41
864.00,2,2025-06-01 05:49:42
1760.00,5,2025-06-01 05:49:43
2016.00,2,2025-06-01 05:49:44
560.00,4,2025-06-01 05:49:45
1232.00,5,2025-06-01 05:49:46
1440.00,1,2025-06-01 05:49:48
640.00,2,2025-06-01 05:49:49
576.00,2,2025-06-01 05:49:52
192.00,1,2025-06-01 05:49:54
1216.00,3,2025-06-01 05:49:55
928.00,4,2025-06-01 05:49:56
1296.00,1,2025-06-01 05:49:57
1792.00,4,2025-06-01 05:49:58
960.00,1,2025-06-01 05:50:00
384.00,3,2025-06-01 05:50:01
976.00,1,2025-06-01 05:50:02
1568.00,4,2025-06-01 05:50:03
864.00,5,2025-06-01 05:50:04
1184.00,5,2025-06-01 05:50:05
1152.00,4,2025-06-01 05:50:06
1744.00,1,2025-06-01 05:50:07
288.00,3,2025-06-01 05:50:08
1920.00,3,2025-06-01 05:50:09
1792.00,4,2025-06-01 05:50:11
576.00,2,2025-06-01 05:50:12
608.00,1,2025-06-01 05:50:13
1152.00,5,2025-06-01 05:50:14
1440.00,4,2025-06-01 05:50:15
1376.00,3,2025-06-01 05:50:16
864.00,3,2025-06-01 05:50:17
768.00,3,2025-06-01 05:50:18
912.00,5,2025-06-01 05:50:19
960.00,1,2025-06-01 05:50:21
1088.00,4,2025-06-01 05:50:22
1472.00,1,2025-06-01 05:50:23
1104.00,3,2025-06-01 05:50:24
640.00,2,2025-06-01 05:50:25
1376.00,4,2025-06-01 05:50:27
1024.00,5,2025-06-01 05:50:28
1056.00,3,2025-06-01 05:50:29
256.00,3,2025-06-01 05:50:30
832.00,4,2025-06-01 05:50:31
384.00,3,2025-06-01 05:50:32
1600.00,5,2025-06-01 05:50:33
576.00,3,2025-06-01 05:50:34
1088.00,5,2025-06-01 05:50:35
224.00,1,2025-06-01 05:50:36
1312.00,5,2025-06-01 05:50:37
2592.00,3,2025-06-01 05:50:38
736.00,4,2025-06-01 05:50:39
1440.00,1,2025-06-01 05:50:40
1312.00,3,2025-06-01 05:50:41
880.00,2,2025-06-01 05:50:42
960.00,3,2025-06-01 05:50:43
304.00,4,2025-06-01 05:50:44
256.00,4,2025-06-01 05:50:45
1152.00,4,2025-06-01 05:50:46
256.00,2,2025-06-01 05:50:47
864.00,3,2025-06-01 05:50:48
1536.00,1,2025-06-01 05:50:49
1824.00,4,2025-06-01 05:50:50
960.00,3,2025-06-01 05:50:51
864.00,3,2025-06-01 05:50:52
1248.00,3,2025-06-01 05:50:53
1120.00,5,2025-06-01 05:50:54
864.00,3,2025-06-01 05:50:55
1024.00,5,2025-06-01 05:50:57
304.00,3,2025-06-01 05:50:58
1472.00,3,2025-06-01 05:50:59
2000.00,3,2025-06-01 05:51:00
512.00,5,2025-06-01 05:51:01
1344.00,3,2025-06-01 05:51:02
576.00,1,2025-06-01 05:51:03
576.00,1,2025-06-01 05:51:04
992.00,3,2025-06-01 05:51:05
1600.00,3,2025-06-01 05:51:06
2208.00,4,2025-06-01 05:51:08
288.00,5,2025-06-01 05:51:09
1504.00,2,2025-06-01 05:51:10
1536.00,5,2025-06-01 05:51:11
1024.00,5,2025-06-01 05:51:12
1728.00,2,2025-06-01 05:51:13
1248.00,3,2025-06-01 05:51:14
1216.00,1,2025-06-01 05:51:15
256.00,2,2025-06-01 05:51:17
256.00,2,2025-06-01 05:51:18
1440.00,5,2025-06-01 05:51:19
1440.00,1,2025-06-01 05:51:20
608.00,4,2025-06-01 05:51:21
512.00,1,2025-06-01 05:51:22
528.00,4,2025-06-01 05:51:24
960.00,4,2025-06-01 05:51:25
912.00,2,2025-06-01 05:51:26
512.00,4,2025-06-01 05:51:27
1568.00,3,2025-06-01 05:51:28
608.00,5,2025-06-01 05:51:29
960.00,2,2025-06-01 05:51:30
1360.00,3,2025-06-01 05:51:31
768.00,1,2025-06-01 05:51:34
800.00,4,2025-06-01 05:51:35
1248.00,3,2025-06-01 05:51:36
1344.00,2,2025-06-01 05:51:37
672.00,2,2025-06-01 05:51:38
576.00,4,2025-06-01 05:51:39
896.00,3,2025-06-01 05:51:40
192.00,1,2025-06-01 05:51:41
512.00,2,2025-06-01 05:51:42
576.00,3,2025-06-01 05:51:43
288.00,2,2025-06-01 05:51:44
1632.00,1,2025-06-01 05:51:46
448.00,1,2025-06-01 05:51:47
1632.00,2,2025-06-01 05:51:48
1312.00,2,2025-06-01 05:51:49
2096.00,2,2025-06-01 05:51:50
768.00,5,2025-06-01 05:51:51
1456.00,5,2025-06-01 05:51:52
1776.00,2,2025-06-01 05:51:53
1152.00,2,2025-06-01 05:51:54
1360.00,4,2025-06-01 05:51:55
1536.00,1,2025-06-01 05:51:56
256.00,3,2025-06-01 05:51:57
1088.00,1,2025-06-01 05:51:58
1440.00,4,2025-06-01 05:51:59
1120.00,1,2025-06-01 05:52:00
608.00,4,2025-06-01 05:52:01
1120.00,5,2025-06-01 05:52:02
1344.00,1,2025-06-01 05:52:03
1472.00,3,2025-06-01 05:52:04
864.00,5,2025-06-01 05:52:05
1280.00,4,2025-06-01 05:52:06
1088.00,4,2025-06-01 05:52:07
1824.00,3,2025-06-01 05:52:08
816.00,3,2025-06-01 05:52:09
1504.00,5,2025-06-01 05:52:10
1792.00,1,2025-06-01 05:52:11
1728.00,2,2025-06-01 05:52:12
1072.00,2,2025-06-01 05:52:13
1632.00,2,2025-06-01 05:52:14
2048.00,1,2025-06-01 05:52:15
640.00,3,2025-06-01 05:52:16
1200.00,4,2025-06-01 05:52:17
2208.00,5,2025-06-01 05:52:18
224.00,3,2025-06-01 05:52:19
768.00,4,2025-06-01 05:52:20
1024.00,5,2025-06-01 05:52:21
1888.00,1,2025-06-01 05:52:22
672.00,2,2025-06-01 05:52:23
384.00,4,2025-06-01 05:52:25
1344.00,3,2025-06-01 05:52:26
1312.00,3,2025-06-01 05:52:27
608.00,3,2025-06-01 05:52:28
1120.00,5,2025-06-01 05:52:30
576.00,2,2025-06-01 05:52:31
1232.00,2,2025-06-01 05:52:32
912.00,3,2025-06-01 05:52:33
1536.00,2,2025-06-01 05:52:34
224.00,1,2025-06-01 05:52:35
1568.00,4,2025-06-01 05:52:36
928.00,3,2025-06-01 05:52:37
1120.00,2,2025-06-01 05:52:38
832.00,1,2025-06-01 05:52:39
768.00,3,2025-06-01 05:52:40
1536.00,5,2025-06-01 05:52:41
1264.00,1,2025-06-01 05:52:42
800.00,4,2025-06-01 05:52:43
1504.00,1,2025-06-01 05:52:44
576.00,2,2025-06-01 05:52:45
512.00,2,2025-06-01 05:52:46
1632.00,4,2025-06-01 05:52:47
576.00,2,2025-06-01 05:52:48
224.00,4,2025-06-01 05:52:50
2016.00,4,2025-06-01 05:52:51
2464.00,1,2025-06-01 05:52:52
960.00,2,2025-06-01 05:52:53
896.00,5,2025-06-01 05:52:54
1952.00,3,2025-06-01 05:52:55
1344.00,4,2025-06-01 05:52:57
512.00,5,2025-06-01 05:52:58
576.00,3,2025-06-01 05:52:59
1216.00,2,2025-06-01 05:53:00
832.00,2,2025-06-01 05:53:01
672.00,4,2025-06-01 05:53:02
1168.00,2,2025-06-01 05:53:05
1248.00,2,2025-06-01 05:53:06
1056.00,4,2025-06-01 05:53:07
2400.00,2,2025-06-01 05:53:08
1600.00,1,2025-06-01 05:53:09
1888.00,3,2025-06-01 05:53:10
1408.00,4,2025-06-01 05:53:11
1664.00,1,2025-06-01 05:53:12
1152.00,3,2025-06-01 05:53:13
576.00,3,2025-06-01 05:53:14
192.00,1,2025-06-01 05:53:15
1536.00,1,2025-06-01 05:53:16
1696.00,4,2025-06-01 05:53:17
896.00,2,2025-06-01 05:53:18
832.00,3,2025-06-01 05:53:19
448.00,2,2025-06-01 05:53:20
1088.00,5,2025-06-01 05:53:21
576.00,3,2025-06-01 05:53:22
1888.00,2,2025-06-01 05:53:23
1488.00,4,2025-06-01 05:53:24
288.00,5,2025-06-01 05:53:25
800.00,2,2025-06-01 05:53:26
1232.00,5,2025-06-01 05:53:27
1312.00,1,2025-06-01 05:53:28
1936.00,5,2025-06-01 05:53:29
1952.00,3,2025-06-01 05:53:30
1936.00,2,2025-06-01 05:53:32
1376.00,3,2025-06-01 05:53:35
480.00,4,2025-06-01 05:53:36
832.00,2,2025-06-01 05:53:37
1536.00,2,2025-06-01 05:53:38
1440.00,3,2025-06-01 05:53:39
672.00,3,2025-06-01 05:53:40
1120.00,5,2025-06-01 05:53:41
1920.00,2,2025-06-01 05:53:42
1184.00,2,2025-06-01 05:53:43
1280.00,5,2025-06-01 05:53:44
1824.00,4,2025-06-01 05:53:45
304.00,2,2025-06-01 05:53:46
1408.00,1,2025-06-01 05:53:47
640.00,4,2025-06-01 05:53:48
896.00,3,2025-06-01 05:53:49
864.00,2,2025-06-01 05:53:50
2208.00,3,2025-06-01 05:53:51
1344.00,1,2025-06-01 05:53:52
832.00,2,2025-06-01 05:53:53
576.00,1,2025-06-01 05:53:54
1488.00,2,2025-06-01 05:53:55
1216.00,3,2025-06-01 05:53:56
384.00,4,2025-06-01 05:53:57
1696.00,4,2025-06-01 05:53:58
1728.00,5,2025-06-01 05:54:00
1408.00,3,2025-06-01 05:54:01
832.00,4,2025-06-01 05:54:02
1136.00,5,2025-06-01 05:54:03
1536.00,4,2025-06-01 05:54:04
1632.00,4,2025-06-01 05:54:05
2112.00,1,2025-06-01 05:54:06
1408.00,4,2025-06-01 05:54:07
2064.00,4,2025-06-01 05:54:08
1776.00,2,2025-06-01 05:54:10
672.00,5,2025-06-01 05:54:11
800.00,1,2025-06-01 05:54:12
1920.00,5,2025-06-01 05:54:14
256.00,5,2025-06-01 05:54:15
1088.00,4,2025-06-01 05:54:16
768.00,2,2025-06-01 05:54:17
576.00,1,2025-06-01 05:54:18
576.00,4,2025-06-01 05:54:19
320.00,2,2025-06-01 05:54:20
512.00,5,2025-06-01 05:54:21
736.00,1,2025-06-01 05:54:22
1696.00,1,2025-06-01 05:54:23
1344.00,4,2025-06-01 05:54:24
384.00,5,2025-06-01 05:54:25
1024.00,4,2025-06-01 05:54:26
1152.00,3,2025-06-01 05:54:27
1216.00,4,2025-06-01 05:54:28
384.00,4,2025-06-01 05:54:29
384.00,2,2025-06-01 05:54:30
672.00,3,2025-06-01 05:54:31
640.00,1,2025-06-01 05:54:33
1536.00,2,2025-06-01 05:54:34
672.00,5,2025-06-01 05:54:35
1120.00,1,2025-06-01 05:54:36
736.00,2,2025-06-01 05:54:37
1136.00,1,2025-06-01 05:54:38
2112.00,3,2025-06-01 05:54:39
1760.00,3,2025-06-01 05:54:40
896.00,5,2025-06-01 05:54:41
1120.00,5,2025-06-01 05:54:42
1632.00,1,2025-06-01 05:54:43
1696.00,3,2025-06-01 05:54:44
512.00,5,2025-06-01 05:54:45
672.00,3,2025-06-01 05:54:46
1856.00,2,2025-06-01 05:54:47
512.00,1,2025-06-01 05:54:48
864.00,5,2025-06-01 05:54:50
1184.00,1,2025-06-01 05:54:51
1104.00,2,2025-06-01 05:54:52
2016.00,2,2025-06-01 05:54:53
1248.00,1,2025-06-01 05:54:54
1088.00,4,2025-06-01 05:54:55
1520.00,2,2025-06-01 05:54:56
304.00,4,2025-06-01 05:54:57
288.00,1,2025-06-01 05:55:00
1632.00,1,2025-06-01 05:55:01
1680.00,5,2025-06-01 05:55:02
1568.00,2,2025-06-01 05:55:03
832.00,1,2025-06-01 05:55:04
1600.00,5,2025-06-01 05:55:05
1888.00,2,2025-06-01 05:55:06
864.00,4,2025-06-01 05:55:07
1408.00,2,2025-06-01 05:55:08
1216.00,4,2025-06-01 05:55:09
800.00,4,2025-06-01 05:55:10
640.00,5,2025-06-01 05:55:11
2016.00,3,2025-06-01 05:55:12
1456.00,4,2025-06-01 05:55:13
320.00,1,2025-06-01 05:55:14
576.00,3,2025-06-01 05:55:15
384.00,1,2025-06-01 05:55:16
672.00,1,2025-06-01 05:55:17
192.00,2,2025-06-01 05:55:18
512.00,3,2025-06-01 05:55:20
2336.00,1,2025-06-01 05:55:21
832.00,5,2025-06-01 05:55:22
2336.00,5,2025-06-01 05:55:23
1648.00,4,2025-06-01 05:55:24
1600.00,1,2025-06-01 05:55:25
320.00,2,2025-06-01 05:55:26
864.00,4,2025-06-01 05:55:27
896.00,1,2025-06-01 05:55:28
2016.00,1,2025-06-01 05:55:29
1056.00,3,2025-06-01 05:55:30
288.00,3,2025-06-01 05:55:31
896.00,3,2025-06-01 05:55:32
1856.00,1,2025-06-01 05:55:33
1888.00,3,2025-06-01 05:55:34
608.00,5,2025-06-01 05:55:36
2384.00,5,2025-06-01 05:55:37
1168.00,2,2025-06-01 05:55:38
1360.00,5,2025-06-01 05:55:41
2048.00,3,2025-06-01 05:55:42
288.00,4,2025-06-01 05:55:43
736.00,5,2025-06-01 05:55:45
1440.00,1,2025-06-01 05:55:46
800.00,4,2025-06-01 05:55:47
768.00,1,2025-06-01 05:55:48
1088.00,2,2025-06-01 05:55:49
304.00,5,2025-06-01 05:55:50
1504.00,1,2025-06-01 05:55:51
1152.00,5,2025-06-01 05:55:52
256.00,3,2025-06-01 05:55:53
640.00,3,2025-06-01 05:55:54
1696.00,2,2025-06-01 05:55:55
832.00,5,2025-06-01 05:55:56
960.00,1,2025-06-01 05:55:57
768.00,3,2025-06-01 05:55:58
1184.00,2,2025-06-01 05:55:59
256.00,3,2025-06-01 05:56:00
576.00,4,2025-06-01 05:56:01
960.00,5,2025-06-01 05:56:02
752.00,5,2025-06-01 05:56:03
640.00,3,2025-06-01 05:56:04
864.00,4,2025-06-01 05:56:05
784.00,2,2025-06-01 05:56:06
1024.00,2,2025-06-01 05:56:07
960.00,5,2025-06-01 05:56:08
224.00,5,2025-06-01 05:56:09
288.00,5,2025-06-01 05:56:11
2064.00,3,2025-06-01 05:56:12
1632.00,2,2025-06-01 05:56:13
640.00,2,2025-06-01 05:56:14
1504.00,5,2025-06-01 05:56:15
1168.00,1,2025-06-01 05:56:16
384.00,1,2025-06-01 05:56:17
640.00,3,2025-06-01 05:56:18
1120.00,3,2025-06-01 05:56:19
1824.00,3,2025-06-01 05:56:20
672.00,1,2025-06-01 05:56:21
288.00,2,2025-06-01 05:56:22
672.00,1,2025-06-01 05:56:23
608.00,3,2025-06-01 05:56:24
880.00,4,2025-06-01 05:56:25
528.00,5,2025-06-01 05:56:26
576.00,3,2025-06-01 05:56:27
960.00,2,2025-06-01 05:56:28
288.00,2,2025-06-01 05:56:29
1312.00,4,2025-06-01 05:56:30
1280.00,5,2025-06-01 05:56:31
1440.00,4,2025-06-01 05:56:32
576.00,1,2025-06-01 05:56:33
2080.00,2,2025-06-01 05:56:35
512.00,3,2025-06-01 05:56:36
832.00,5,2025-06-01 05:56:37
864.00,2,2025-06-01 05:56:38
1584.00,3,2025-06-01 05:56:39
912.00,1,2025-06-01 05:56:40
2272.00,4,2025-06-01 05:56:41
1280.00,3,2025-06-01 05:56:42
1728.00,4,2025-06-01 05:56:43
256.00,1,2025-06-01 05:56:46
576.00,5,2025-06-01 05:56:47
1456.00,4,2025-06-01 05:56:48
1280.00,2,2025-06-01 05:56:49
752.00,1,2025-06-01 05:56:50
576.00,4,2025-06-01 05:56:51
1424.00,2,2025-06-01 05:56:52
256.00,1,2025-06-01 05:56:53
1456.00,5,2025-06-01 05:56:54
960.00,3,2025-06-01 05:56:56
2048.00,5,2025-06-01 05:56:57
928.00,4,2025-06-01 05:56:59
1888.00,3,2025-06-01 05:57:00
512.00,4,2025-06-01 05:57:01
1760.00,5,2025-06-01 05:57:02
768.00,5,2025-06-01 05:57:03
1488.00,2,2025-06-01 05:57:04
512.00,1,2025-06-01 05:57:06
1824.00,1,2025-06-01 05:57:07
448.00,1,2025-06-01 05:57:08
256.00,3,2025-06-01 05:57:09
816.00,2,2025-06-01 05:57:10
1024.00,3,2025-06-01 05:57:11
2304.00,1,2025-06-01 05:57:12
1216.00,2,2025-06-01 05:57:13
1312.00,2,2025-06-01 05:57:14
736.00,2,2025-06-01 05:57:15
1152.00,3,2025-06-01 05:57:16
2320.00,2,2025-06-01 05:57:17
192.00,4,2025-06-01 05:57:18
1216.00,3,2025-06-01 05:57:19
912.00,2,2025-06-01 05:57:20
1536.00,1,2025-06-01 05:57:21
1312.00,5,2025-06-01 05:57:22
288.00,1,2025-06-01 05:57:23
448.00,1,2025-06-01 05:57:24
1344.00,4,2025-06-01 05:57:25
304.00,1,2025-06-01 05:57:26
1120.00,2,2025-06-01 05:57:27
1664.00,5,2025-06-01 05:57:28
1024.00,1,2025-06-01 05:57:29
640.00,5,2025-06-01 05:57:30
960.00,2,2025-06-01 05:57:31
800.00,3,2025-06-01 05:57:32
1056.00,2,2025-06-01 05:57:33
576.00,2,2025-06-01 05:57:34
768.00,2,2025-06-01 05:57:35
1712.00,5,2025-06-01 05:57:37
304.00,2,2025-06-01 05:57:38
672.00,3,2025-06-01 05:57:39
224.00,4,2025-06-01 05:57:40
288.00,2,2025-06-01 05:57:41
1344.00,1,2025-06-01 05:57:42
608.00,2,2025-06-01 05:57:43
864.00,4,2025-06-01 05:57:44
816.00,5,2025-06-01 05:57:45
2464.00,5,2025-06-01 05:57:46
864.00,3,2025-06-01 05:57:47
864.00,2,2025-06-01 05:57:48
864.00,1,2025-06-01 05:57:49
608.00,1,2025-06-01 05:57:50
1056.00,1,2025-06-01 05:57:51
2240.00,2,2025-06-01 05:57:52
1152.00,5,2025-06-01 05:57:54
832.00,1,2025-06-01 05:57:55
1744.00,5,2025-06-01 05:57:56
608.00,4,2025-06-01 05:57:58
912.00,3,2025-06-01 05:57:59
1856.00,5,2025-06-01 05:58:00
1792.00,5,2025-06-01 05:58:01
1568.00,4,2025-06-01 05:58:03
832.00,4,2025-06-01 05:58:04
960.00,2,2025-06-01 05:58:05
1856.00,3,2025-06-01 05:58:06
752.00,1,2025-06-01 05:58:07
1568.00,5,2025-06-01 05:58:08
768.00,1,2025-06-01 05:58:09
2048.00,4,2025-06-01 05:58:10
704.00,5,2025-06-01 05:58:11
512.00,1,2025-06-01 05:58:12
512.00,1,2025-06-01 05:58:13
816.00,1,2025-06-01 05:58:14
1552.00,1,2025-06-01 05:58:15
512.00,2,2025-06-01 05:58:16
2336.00,1,2025-06-01 05:58:17
896.00,4,2025-06-01 05:58:18
1440.00,5,2025-06-01 05:58:19
832.00,1,2025-06-01 05:58:20
224.00,2,2025-06-01 05:58:21
256.00,5,2025-06-01 05:58:22
864.00,3,2025-06-01 05:58:23
1472.00,4,2025-06-01 05:58:24
768.00,4,2025-06-01 05:58:25
224.00,4,2025-06-01 05:58:27
768.00,1,2025-06-01 05:58:28
1680.00,2,2025-06-01 05:58:29
864.00,5,2025-06-01 05:58:30
992.00,3,2025-06-01 05:58:31
2208.00,3,2025-06-01 05:58:32
1024.00,1,2025-06-01 05:58:33
288.00,1,2025-06-01 05:58:34
960.00,5,2025-06-01 05:58:35
1216.00,5,2025-06-01 05:58:36
1664.00,5,2025-06-01 05:58:37
2048.00,5,2025-06-01 05:58:40
512.00,5,2025-06-01 05:58:41
288.00,2,2025-06-01 05:58:42
1632.00,3,2025-06-01 05:58:43
736.00,4,2025-06-01 05:58:44
288.00,2,2025-06-01 05:58:45
1728.00,1,2025-06-01 05:58:46
1600.00,3,2025-06-01 05:58:47
2400.00,3,2025-06-01 05:58:48
1696.00,1,2025-06-01 05:58:49
832.00,2,2025-06-01 05:58:50
736.00,5,2025-06-01 05:58:51
912.00,5,2025-06-01 05:58:52
1184.00,5,2025-06-01 05:58:53
1344.00,1,2025-06-01 05:58:55
864.00,4,2025-06-01 05:58:56
576.00,1,2025-06-01 05:58:57
480.00,2,2025-06-01 05:58:58
768.00,4,2025-06-01 05:58:59
1216.00,1,2025-06-01 05:59:00
768.00,3,2025-06-01 05:59:02
2496.00,2,2025-06-01 05:59:03
1344.00,3,2025-06-01 05:59:05
1216.00,1,2025-06-01 05:59:06
768.00,5,2025-06-01 05:59:07
864.00,4,2025-06-01 05:59:08
576.00,3,2025-06-01 05:59:10
1024.00,3,2025-06-01 05:59:11
880.00,1,2025-06-01 05:59:13
1536.00,3,2025-06-01 05:59:14
1344.00,4,2025-06-01 05:59:15
1440.00,4,2025-06-01 05:59:16
1248.00,5,2025-06-01 05:59:17
1056.00,2,2025-06-01 05:59:18
1376.00,2,2025-06-01 05:59:19
1216.00,3,2025-06-01 05:59:20
256.00,1,2025-06-01 05:59:22
256.00,3,2025-06-01 05:59:23
1728.00,3,2025-06-01 05:59:24
1936.00,4,2025-06-01 05:59:25
320.00,5,2025-06-01 05:59:26
576.00,5,2025-06-01 05:59:27
1216.00,5,2025-06-01 05:59:29
1152.00,1,2025-06-01 05:59:30
224.00,3,2025-06-01 05:59:32
832.00,4,2025-06-01 05:59:33
1024.00,1,2025-06-01 05:59:34
1536.00,5,2025-06-01 05:59:36
2448.00,5,2025-06-01 05:59:37
640.00,5,2025-06-01 05:59:38
224.00,1,2025-06-01 05:59:39
1760.00,2,2025-06-01 05:59:40
608.00,5,2025-06-01 05:59:41
1248.00,5,2025-06-01 05:59:42
448.00,4,2025-06-01 05:59:45
256.00,3,2025-06-01 05:59:47
2032.00,5,2025-06-01 05:59:48
1152.00,4,2025-06-01 05:59:49
960.00,3,2025-06-01 05:59:50
384.00,5,2025-06-01 05:59:53
1312.00,4,2025-06-01 05:59:54
512.00,4,2025-06-01 05:59:55
1200.00,3,2025-06-01 05:59:56
1984.00,1,2025-06-01 05:59:57
1088.00,4,2025-06-01 05:59:58
672.00,4,2025-06-01 05:59:59
384.00,5,2025-06-01 06:00:01
864.00,3,2025-06-01 06:00:02
224.00,3,2025-06-01 06:00:03
512.00,2,2025-06-01 06:00:04
512.00,5,2025-06-01 06:00:05
576.00,3,2025-06-01 06:00:06
800.00,2,2025-06-01 06:00:08
1280.00,1,2025-06-01 06:00:09
576.00,3,2025-06-01 06:00:10
1920.00,5,2025-06-01 06:00:11
1120.00,1,2025-06-01 06:00:12
960.00,5,2025-06-01 06:00:13
2016.00,2,2025-06-01 06:00:14
672.00,4,2025-06-01 06:00:15
256.00,1,2025-06-01 06:00:16
1536.00,5,2025-06-01 06:00:17
608.00,2,2025-06-01 06:00:19
608.00,3,2025-06-01 06:00:20
512.00,3,2025-06-01 06:00:21
1152.00,3,2025-06-01 06:00:22
288.00,1,2025-06-01 06:00:23
1344.00,3,2025-06-01 06:00:24
2256.00,5,2025-06-01 06:00:25
448.00,2,2025-06-01 06:00:26
768.00,2,2025-06-01 06:00:27
576.00,4,2025-06-01 06:00:28
576.00,4,2025-06-01 06:00:30
512.00,3,2025-06-01 06:00:31
512.00,5,2025-06-01 06:00:33
224.00,1,2025-06-01 06:00:34
2176.00,2,2025-06-01 06:00:36
576.00,4,2025-06-01 06:00:37
288.00,4,2025-06-01 06:00:38
512.00,3,2025-06-01 06:00:41
1088.00,2,2025-06-01 06:00:42
512.00,5,2025-06-01 06:00:43
1696.00,2,2025-06-01 06:00:44
1776.00,1,2025-06-01 06:00:45
1088.00,1,2025-06-01 06:00:46
768.00,2,2025-06-01 06:00:47
576.00,1,2025-06-01 06:00:48
1376.00,4,2025-06-01 06:00:49
256.00,4,2025-06-01 06:00:50
768.00,2,2025-06-01 06:00:51
1792.00,1,2025-06-01 06:00:52
1216.00,3,2025-06-01 06:00:53
832.00,3,2025-06-01 06:00:54
864.00,3,2025-06-01 06:00:55
800.00,1,2025-06-01 06:00:56
288.00,4,2025-06-01 06:00:57
544.00,4,2025-06-01 06:00:59
960.00,2,2025-06-01 06:01:00
384.00,3,2025-06-01 06:01:01
864.00,2,2025-06-01 06:01:03
688.00,3,2025-06-01 06:01:04
1888.00,3,2025-06-01 06:01:06
960.00,2,2025-06-01 06:01:07
1152.00,3,2025-06-01 06:01:09
192.00,3,2025-06-01 06:01:10
1792.00,4,2025-06-01 06:01:11
1088.00,3,2025-06-01 06:01:12
1728.00,3,2025-06-01 06:01:13
1248.00,1,2025-06-01 06:01:15
1376.00,3,2025-06-01 06:01:16
576.00,1,2025-06-01 06:01:17
384.00,4,2025-06-01 06:01:18
1184.00,5,2025-06-01 06:01:19
1312.00,3,2025-06-01 06:01:20
1056.00,3,2025-06-01 06:01:22
1632.00,3,2025-06-01 06:01:23
960.00,5,2025-06-01 06:01:24
2112.00,1,2025-06-01 06:01:26
672.00,2,2025-06-01 06:01:27
1392.00,5,2025-06-01 06:01:28
384.00,4,2025-06-01 06:01:29
672.00,1,2025-06-01 06:01:30
1088.00,5,2025-06-01 06:01:32
2080.00,4,2025-06-01 06:01:33
2304.00,2,2025-06-01 06:01:35
800.00,5,2025-06-01 06:01:36
1600.00,3,2025-06-01 06:01:38
1360.00,3,2025-06-01 06:01:39
832.00,4,2025-06-01 06:01:42
640.00,4,2025-06-01 06:01:43
1536.00,4,2025-06-01 06:01:44
1856.00,3,2025-06-01 06:01:45
864.00,3,2025-06-01 06:01:46
864.00,4,2025-06-01 06:01:47
1152.00,4,2025-06-01 06:01:48
992.00,5,2025-06-01 06:01:49
288.00,5,2025-06-01 06:01:50
1440.00,1,2025-06-01 06:01:51
704.00,4,2025-06-01 06:01:52
1696.00,4,2025-06-01 06:01:53
1568.00,5,2025-06-01 06:01:54
560.00,3,2025-06-01 06:01:55
1600.00,3,2025-06-01 06:01:57
2016.00,1,2025-06-01 06:01:58
512.00,3,2025-06-01 06:02:00
864.00,1,2025-06-01 06:02:01
576.00,5,2025-06-01 06:02:03
1888.00,5,2025-06-01 06:02:05
1792.00,1,2025-06-01 06:02:06
672.00,1,2025-06-01 06:02:07
512.00,3,2025-06-01 06:02:08
1872.00,1,2025-06-01 06:02:09
640.00,3,2025-06-01 06:02:10
1088.00,4,2025-06-01 06:02:11
1376.00,4,2025-06-01 06:02:13
1440.00,1,2025-06-01 06:02:15
2336.00,4,2025-06-01 06:02:16
864.00,4,2025-06-01 06:02:17
2176.00,5,2025-06-01 06:02:18
1280.00,5,2025-06-01 06:02:19
1248.00,5,2025-06-01 06:02:20
576.00,4,2025-06-01 06:02:21
992.00,5,2025-06-01 06:02:22
1408.00,5,2025-06-01 06:02:23
1792.00,5,2025-06-01 06:02:24
576.00,2,2025-06-01 06:02:25
960.00,2,2025-06-01 06:02:26
1168.00,4,2025-06-01 06:02:27
1440.00,5,2025-06-01 06:02:28
864.00,1,2025-06-01 06:02:29
1840.00,3,2025-06-01 06:02:30
1360.00,5,2025-06-01 06:02:32
608.00,4,2025-06-01 06:02:33
736.00,1,2025-06-01 06:02:35
2112.00,1,2025-06-01 06:02:37
768.00,3,2025-06-01 06:02:38
960.00,1,2025-06-01 06:02:42
320.00,3,2025-06-01 06:02:43
1264.00,2,2025-06-01 06:02:44
448.00,2,2025-06-01 06:02:45
768.00,2,2025-06-01 06:02:48
320.00,5,2025-06-01 06:02:49
768.00,5,2025-06-01 06:02:50
1568.00,2,2025-06-01 06:02:51
304.00,3,2025-06-01 06:02:52
304.00,3,2025-06-01 06:02:53
448.00,5,2025-06-01 06:02:54
800.00,1,2025-06-01 06:02:55
512.00,1,2025-06-01 06:02:56
576.00,5,2025-06-01 06:02:57
864.00,4,2025-06-01 06:02:59
688.00,5,2025-06-01 06:03:00
448.00,4,2025-06-01 06:03:02
608.00,2,2025-06-01 06:03:03
640.00,3,2025-06-01 06:03:05
832.00,4,2025-06-01 06:03:06
1888.00,4,2025-06-01 06:03:07
2080.00,3,2025-06-01 06:03:08
1344.00,4,2025-06-01 06:03:09
640.00,3,2025-06-01 06:03:10
640.00,5,2025-06-01 06:03:11
864.00,3,2025-06-01 06:03:12
1136.00,5,2025-06-01 06:03:13
512.00,2,2025-06-01 06:03:14
1792.00,2,2025-06-01 06:03:15
1488.00,2,2025-06-01 06:03:16
1216.00,3,2025-06-01 06:03:17
1408.00,1,2025-06-01 06:03:19
1152.00,3,2025-06-01 06:03:20
192.00,5,2025-06-01 06:03:21
896.00,4,2025-06-01 06:03:23
992.00,5,2025-06-01 06:03:24
1312.00,2,2025-06-01 06:03:26
1216.00,3,2025-06-01 06:03:27
864.00,3,2025-06-01 06:03:28
1952.00,2,2025-06-01 06:03:29
1600.00,3,2025-06-01 06:03:30
832.00,4,2025-06-01 06:03:31
288.00,3,2025-06-01 06:03:34
2288.00,3,2025-06-01 06:03:35
2448.00,3,2025-06-01 06:03:37
512.00,3,2025-06-01 06:03:38
288.00,1,2025-06-01 06:03:39
1984.00,1,2025-06-01 06:03:40
448.00,5,2025-06-01 06:03:41
1216.00,2,2025-06-01 06:03:43
192.00,3,2025-06-01 06:03:44
512.00,1,2025-06-01 06:03:45
304.00,1,2025-06-01 06:03:46
1152.00,1,2025-06-01 06:03:47
832.00,1,2025-06-01 06:03:49
576.00,4,2025-06-01 06:03:50
640.00,3,2025-06-01 06:03:51
448.00,4,2025-06-01 06:03:52
2080.00,3,2025-06-01 06:03:53
192.00,4,2025-06-01 06:03:56
1664.00,2,2025-06-01 06:03:57
1824.00,5,2025-06-01 06:03:58
1696.00,5,2025-06-01 06:03:59
1520.00,1,2025-06-01 06:04:00
576.00,5,2025-06-01 06:04:01
768.00,3,2025-06-01 06:04:02
672.00,3,2025-06-01 06:04:03
1536.00,2,2025-06-01 06:04:04
2096.00,4,2025-06-01 06:04:05
496.00,1,2025-06-01 06:04:06
1344.00,5,2025-06-01 06:04:07
1616.00,1,2025-06-01 06:04:08
1792.00,5,2025-06-01 06:04:10
608.00,4,2025-06-01 06:04:11
1536.00,3,2025-06-01 06:04:12
2352.00,1,2025-06-01 06:04:14
1952.00,2,2025-06-01 06:04:15
1216.00,2,2025-06-01 06:04:16
512.00,5,2025-06-01 06:04:17
912.00,1,2025-06-01 06:04:18
800.00,3,2025-06-01 06:04:19
992.00,4,2025-06-01 06:04:24
1024.00,2,2025-06-01 06:04:25
1632.00,1,2025-06-01 06:04:26
288.00,3,2025-06-01 06:04:28
1024.00,5,2025-06-01 06:04:29
960.00,3,2025-06-01 06:04:31
832.00,2,2025-06-01 06:04:32
624.00,4,2025-06-01 06:04:33
640.00,5,2025-06-01 06:04:34
448.00,3,2025-06-01 06:04:35
1392.00,2,2025-06-01 06:04:36
736.00,2,2025-06-01 06:04:37
288.00,3,2025-06-01 06:04:38
672.00,3,2025-06-01 06:04:39
1232.00,5,2025-06-01 06:04:40
2080.00,1,2025-06-01 06:04:42
768.00,4,2025-06-01 06:04:43
1056.00,2,2025-06-01 06:04:44
896.00,4,2025-06-01 06:04:45
1504.00,5,2025-06-01 06:04:47
640.00,2,2025-06-01 06:04:48
256.00,2,2025-06-01 06:04:49
992.00,4,2025-06-01 06:04:50
1856.00,4,2025-06-01 06:04:51
800.00,2,2025-06-01 06:04:52
800.00,5,2025-06-01 06:04:53
1984.00,3,2025-06-01 06:04:54
2208.00,1,2025-06-01 06:04:55
1280.00,3,2025-06-01 06:04:56
976.00,1,2025-06-01 06:04:57
576.00,3,2025-06-01 06:04:58
1504.00,5,2025-06-01 06:05:00
1632.00,5,2025-06-01 06:05:05
608.00,2,2025-06-01 06:05:06
1728.00,3,2025-06-01 06:05:08
576.00,4,2025-06-01 06:05:09
1808.00,1,2025-06-01 06:05:10
1312.00,1,2025-06-01 06:05:11
1200.00,1,2025-06-01 06:05:12
256.00,5,2025-06-01 06:05:13
1056.00,4,2025-06-01 06:05:14
992.00,2,2025-06-01 06:05:15
288.00,3,2025-06-01 06:05:16
800.00,2,2025-06-01 06:05:18
592.00,5,2025-06-01 06:05:19
960.00,4,2025-06-01 06:05:21
1936.00,4,2025-06-01 06:05:22
512.00,4,2025-06-01 06:05:23
1440.00,1,2025-06-01 06:05:24
576.00,4,2025-06-01 06:05:25
576.00,5,2025-06-01 06:05:26
960.00,5,2025-06-01 06:05:27
768.00,5,2025-06-01 06:05:28
448.00,4,2025-06-01 06:05:29
1920.00,1,2025-06-01 06:05:30
640.00,1,2025-06-01 06:05:31
384.00,2,2025-06-01 06:05:32
608.00,3,2025-06-01 06:05:33
192.00,2,2025-06-01 06:05:34
1856.00,2,2025-06-01 06:05:35
1216.00,1,2025-06-01 06:05:36
1248.00,2,2025-06-01 06:05:37
224.00,3,2025-06-01 06:05:38
912.00,5,2025-06-01 06:05:39
1888.00,3,2025-06-01 06:05:40
1440.00,5,2025-06-01 06:05:41
1056.00,2,2025-06-01 06:05:43
256.00,2,2025-06-01 06:05:44
576.00,4,2025-06-01 06:05:45
576.00,2,2025-06-01 06:05:46
1152.00,5,2025-06-01 06:05:47
1088.00,3,2025-06-01 06:05:48
992.00,5,2025-06-01 06:05:49
1056.00,2,2025-06-01 06:05:50
512.00,4,2025-06-01 06:05:51
864.00,3,2025-06-01 06:05:52
1728.00,4,2025-06-01 06:05:53
768.00,3,2025-06-01 06:05:54
1168.00,3,2025-06-01 06:05:55
320.00,5,2025-06-01 06:05:57
1632.00,4,2025-06-01 06:05:58
2032.00,4,2025-06-01 06:05:59
1664.00,5,2025-06-01 06:06:00
384.00,2,2025-06-01 06:06:01
960.00,4,2025-06-01 06:06:03
1568.00,1,2025-06-01 06:06:04
480.00,5,2025-06-01 06:06:05
1664.00,3,2025-06-01 06:06:06
992.00,4,2025-06-01 06:06:08
1024.00,4,2025-06-01 06:06:10
192.00,5,2025-06-01 06:06:13
896.00,2,2025-06-01 06:06:14
640.00,4,2025-06-01 06:06:15
1968.00,1,2025-06-01 06:06:16
1056.00,1,2025-06-01 06:06:17
912.00,3,2025-06-01 06:06:19
512.00,4,2025-06-01 06:06:20
1536.00,3,2025-06-01 06:06:22
768.00,2,2025-06-01 06:06:23
768.00,5,2025-06-01 06:06:24
1840.00,5,2025-06-01 06:06:26
1152.00,2,2025-06-01 06:06:27
256.00,4,2025-06-01 06:06:28
2144.00,3,2025-06-01 06:06:29
864.00,3,2025-06-01 06:06:32
800.00,3,2025-06-01 06:06:33
864.00,4,2025-06-01 06:06:34
1472.00,5,2025-06-01 06:06:35
1168.00,3,2025-06-01 06:06:36
1824.00,4,2025-06-01 06:06:37
512.00,3,2025-06-01 06:06:39
576.00,2,2025-06-01 06:06:40
1024.00,1,2025-06-01 06:06:41
1696.00,5,2025-06-01 06:06:42
1344.00,1,2025-06-01 06:06:43
288.00,3,2025-06-01 06:06:44
960.00,2,2025-06-01 06:06:45
1440.00,1,2025-06-01 06:06:46
1184.00,4,2025-06-01 06:06:47
1216.00,3,2025-06-01 06:06:48
576.00,5,2025-06-01 06:06:50
512.00,5,2025-06-01 06:06:51
592.00,2,2025-06-01 06:06:52
256.00,5,2025-06-01 06:06:53
2176.00,4,2025-06-01 06:06:55
896.00,3,2025-06-01 06:06:56
992.00,2,2025-06-01 06:06:57
288.00,4,2025-06-01 06:06:59
256.00,1,2025-06-01 06:07:00
1344.00,1,2025-06-01 06:07:01
2560.00,3,2025-06-01 06:07:03
960.00,4,2025-06-01 06:07:05
304.00,5,2025-06-01 06:07:06
192.00,5,2025-06-01 06:07:07
512.00,4,2025-06-01 06:07:08
2352.00,2,2025-06-01 06:07:09
768.00,4,2025-06-01 06:07:12
320.00,4,2025-06-01 06:07:13
512.00,5,2025-06-01 06:07:14
1760.00,1,2025-06-01 06:07:15
1056.00,5,2025-06-01 06:07:16
896.00,5,2025-06-01 06:07:18
1504.00,5,2025-06-01 06:07:19
2016.00,3,2025-06-01 06:07:20
1056.00,2,2025-06-01 06:07:21
640.00,1,2025-06-01 06:07:22
1616.00,3,2025-06-01 06:07:24
576.00,3,2025-06-01 06:07:25
1888.00,1,2025-06-01 06:07:26
384.00,1,2025-06-01 06:07:27
960.00,1,2025-06-01 06:07:28
320.00,1,2025-06-01 06:07:29
1376.00,1,2025-06-01 06:07:30
448.00,3,2025-06-01 06:07:31
576.00,2,2025-06-01 06:07:32
2016.00,1,2025-06-01 06:07:34
672.00,1,2025-06-01 06:07:35
1088.00,3,2025-06-01 06:07:36
1536.00,5,2025-06-01 06:07:37
1792.00,3,2025-06-01 06:07:38
256.00,3,2025-06-01 06:07:39
1248.00,5,2025-06-01 06:07:40
224.00,1,2025-06-01 06:07:41
608.00,2,2025-06-01 06:07:42
1472.00,5,2025-06-01 06:07:43
384.00,5,2025-06-01 06:07:44
704.00,2,2025-06-01 06:07:45
1248.00,1,2025-06-01 06:07:48
960.00,2,2025-06-01 06:07:49
1056.00,5,2025-06-01 06:07:50
1920.00,1,2025-06-01 06:07:51
2240.00,2,2025-06-01 06:07:52
1568.00,4,2025-06-01 06:07:53
320.00,1,2025-06-01 06:07:55
1376.00,3,2025-06-01 06:07:56
912.00,5,2025-06-01 06:07:58
896.00,1,2025-06-01 06:07:59
288.00,4,2025-06-01 06:08:00
1424.00,2,2025-06-01 06:08:01
1024.00,1,2025-06-01 06:08:02
1312.00,2,2025-06-01 06:08:03
1472.00,4,2025-06-01 06:08:04
1152.00,4,2025-06-01 06:08:05
1984.00,4,2025-06-01 06:08:07
1488.00,3,2025-06-01 06:08:08
304.00,1,2025-06-01 06:08:09
1664.00,1,2025-06-01 06:08:10
896.00,5,2025-06-01 06:08:12
2048.00,3,2025-06-01 06:08:13
768.00,3,2025-06-01 06:08:14
864.00,3,2025-06-01 06:08:15
784.00,1,2025-06-01 06:08:17
1248.00,5,2025-06-01 06:08:18
1744.00,2,2025-06-01 06:08:19
576.00,2,2025-06-01 06:08:20
640.00,2,2025-06-01 06:08:21
1408.00,1,2025-06-01 06:08:22
1664.00,2,2025-06-01 06:08:23
224.00,3,2025-06-01 06:08:24
448.00,5,2025-06-01 06:08:25
1024.00,5,2025-06-01 06:08:26
1392.00,3,2025-06-01 06:08:28
320.00,2,2025-06-01 06:08:30
1248.00,1,2025-06-01 06:08:33
1888.00,3,2025-06-01 06:08:34
576.00,2,2025-06-01 06:08:35
864.00,5,2025-06-01 06:08:36
1008.00,4,2025-06-01 06:08:37
1024.00,5,2025-06-01 06:08:38
576.00,1,2025-06-01 06:08:39
1632.00,3,2025-06-01 06:08:41
1280.00,1,2025-06-01 06:08:42
448.00,5,2025-06-01 06:08:43
512.00,1,2025-06-01 06:08:44
768.00,3,2025-06-01 06:08:45
768.00,5,2025-06-01 06:08:46
768.00,1,2025-06-01 06:08:47
224.00,3,2025-06-01 06:08:49
1760.00,3,2025-06-01 06:08:50
864.00,2,2025-06-01 06:08:51
1536.00,4,2025-06-01 06:08:52
1680.00,4,2025-06-01 06:08:53
2432.00,3,2025-06-01 06:08:54
1024.00,4,2025-06-01 06:08:55
384.00,4,2025-06-01 06:08:56
1856.00,3,2025-06-01 06:08:57
448.00,1,2025-06-01 06:08:58
960.00,2,2025-06-01 06:08:59
384.00,3,2025-06-01 06:09:00
2080.00,3,2025-06-01 06:09:01
192.00,5,2025-06-01 06:09:02
672.00,5,2025-06-01 06:09:03
1312.00,2,2025-06-01 06:09:05
768.00,3,2025-06-01 06:09:06
1024.00,5,2025-06-01 06:09:07
560.00,3,2025-06-01 06:09:08
672.00,4,2025-06-01 06:09:09
1552.00,3,2025-06-01 06:09:10
384.00,2,2025-06-01 06:09:11
1536.00,2,2025-06-01 06:09:12
448.00,3,2025-06-01 06:09:13
896.00,4,2025-06-01 06:09:14
416.00,5,2025-06-01 06:09:15
1696.00,3,2025-06-01 06:09:16
320.00,5,2025-06-01 06:09:17
1696.00,1,2025-06-01 06:09:18
1744.00,5,2025-06-01 06:09:19
608.00,2,2025-06-01 06:09:22
304.00,5,2025-06-01 06:09:24
2336.00,2,2025-06-01 06:09:25
1536.00,4,2025-06-01 06:09:26
1056.00,5,2025-06-01 06:09:27
1312.00,4,2025-06-01 06:09:28
1296.00,3,2025-06-01 06:09:29
1792.00,5,2025-06-01 06:09:30
1440.00,2,2025-06-01 06:09:31
1472.00,4,2025-06-01 06:09:32
1568.00,2,2025-06-01 06:09:35
1440.00,2,2025-06-01 06:09:36
896.00,4,2025-06-01 06:09:38
256.00,3,2025-06-01 06:09:39
1472.00,3,2025-06-01 06:09:40
304.00,2,2025-06-01 06:09:41
256.00,1,2025-06-01 06:09:42
288.00,4,2025-06-01 06:09:43
1744.00,3,2025-06-01 06:09:44
2400.00,5,2025-06-01 06:09:45
256.00,3,2025-06-01 06:09:46
576.00,5,2025-06-01 06:09:47
384.00,4,2025-06-01 06:09:49
576.00,1,2025-06-01 06:09:50
864.00,4,2025-06-01 06:09:51
1696.00,3,2025-06-01 06:09:53
1152.00,5,2025-06-01 06:09:54
512.00,4,2025-06-01 06:09:55
704.00,4,2025-06-01 06:09:57
1024.00,5,2025-06-01 06:09:58
2400.00,5,2025-06-01 06:10:00
1248.00,1,2025-06-01 06:10:01
304.00,2,2025-06-01 06:10:02
608.00,3,2025-06-01 06:10:03
1280.00,3,2025-06-01 06:10:04
1744.00,5,2025-06-01 06:10:06
864.00,1,2025-06-01 06:10:07
2080.00,1,2025-06-01 06:10:08
224.00,1,2025-06-01 06:10:09
1536.00,2,2025-06-01 06:10:10
1296.00,3,2025-06-01 06:10:11
672.00,3,2025-06-01 06:10:12
1056.00,2,2025-06-01 06:10:13
1120.00,3,2025-06-01 06:10:15
960.00,1,2025-06-01 06:10:16
288.00,4,2025-06-01 06:10:17
2032.00,3,2025-06-01 06:10:18
1088.00,1,2025-06-01 06:10:19
864.00,3,2025-06-01 06:10:20
1312.00,2,2025-06-01 06:10:21
1888.00,1,2025-06-01 06:10:22
832.00,1,2025-06-01 06:10:23
912.00,3,2025-06-01 06:10:29
1440.00,3,2025-06-01 06:10:30
1600.00,4,2025-06-01 06:10:34
960.00,1,2025-06-01 06:10:36
1344.00,3,2025-06-01 06:10:37
864.00,4,2025-06-01 06:10:38
256.00,4,2025-06-01 06:10:39
1856.00,5,2025-06-01 06:10:41
1440.00,3,2025-06-01 06:10:42
1376.00,1,2025-06-01 06:10:43
1536.00,4,2025-06-01 06:10:44
1152.00,1,2025-06-01 06:10:45
288.00,4,2025-06-01 06:10:46
1344.00,1,2025-06-01 06:10:48
256.00,5,2025-06-01 06:10:49
512.00,3,2025-06-01 06:10:50
1664.00,3,2025-06-01 06:10:51
576.00,4,2025-06-01 06:10:52
576.00,3,2025-06-01 06:10:54
1024.00,2,2025-06-01 06:10:55
576.00,4,2025-06-01 06:10:58
1696.00,1,2025-06-01 06:10:59
2048.00,1,2025-06-01 06:11:00
1184.00,1,2025-06-01 06:11:01
288.00,5,2025-06-01 06:11:02
1232.00,5,2025-06-01 06:11:03
1872.00,4,2025-06-01 06:11:04
288.00,5,2025-06-01 06:11:05
576.00,2,2025-06-01 06:11:06
256.00,4,2025-06-01 06:11:07
1408.00,3,2025-06-01 06:11:08
1568.00,4,2025-06-01 06:11:09
896.00,2,2025-06-01 06:11:10
864.00,4,2025-06-01 06:11:12
800.00,4,2025-06-01 06:11:13
992.00,2,2025-06-01 06:11:14
864.00,1,2025-06-01 06:11:15
640.00,2,2025-06-01 06:11:16
960.00,1,2025-06-01 06:11:17
1584.00,5,2025-06-01 06:11:18
1056.00,3,2025-06-01 06:11:19
832.00,4,2025-06-01 06:11:21
608.00,4,2025-06-01 06:11:22
256.00,3,2025-06-01 06:11:23
304.00,1,2025-06-01 06:11:24
256.00,2,2025-06-01 06:11:25
1216.00,4,2025-06-01 06:11:26
256.00,1,2025-06-01 06:11:27
1440.00,4,2025-06-01 06:11:28
1824.00,1,2025-06-01 06:11:30
384.00,1,2025-06-01 06:11:31
1824.00,3,2025-06-01 06:11:33
1216.00,1,2025-06-01 06:11:35
2240.00,1,2025-06-01 06:11:37
1344.00,1,2025-06-01 06:11:38
576.00,2,2025-06-01 06:11:39
2320.00,5,2025-06-01 06:11:40
288.00,4,2025-06-01 06:11:41
1200.00,2,2025-06-01 06:11:43
256.00,5,2025-06-01 06:11:44
1440.00,1,2025-06-01 06:11:45
1216.00,1,2025-06-01 06:11:46
1408.00,5,2025-06-01 06:11:47
576.00,3,2025-06-01 06:11:48
1792.00,3,2025-06-01 06:11:49
1536.00,5,2025-06-01 06:11:51
672.00,2,2025-06-01 06:11:52
608.00,2,2025-06-01 06:11:53
608.00,3,2025-06-01 06:11:54
768.00,3,2025-06-01 06:11:56
864.00,3,2025-06-01 06:11:57
320.00,2,2025-06-01 06:11:58
448.00,3,2025-06-01 06:11:59
288.00,2,2025-06-01 06:12:00
528.00,5,2025-06-01 06:12:01
1632.00,3,2025-06-01 06:12:02
960.00,5,2025-06-01 06:12:03
1120.00,1,2025-06-01 06:12:05
192.00,1,2025-06-01 06:12:06
1488.00,2,2025-06-01 06:12:07
768.00,4,2025-06-01 06:12:08
896.00,3,2025-06-01 06:12:09
1792.00,4,2025-06-01 06:12:10
1632.00,2,2025-06-01 06:12:11
768.00,5,2025-06-01 06:12:12
384.00,4,2025-06-01 06:12:13
768.00,5,2025-06-01 06:12:14
512.00,4,2025-06-01 06:12:15
1152.00,1,2025-06-01 06:12:16
1504.00,2,2025-06-01 06:12:17
320.00,3,2025-06-01 06:12:18
384.00,1,2025-06-01 06:12:19
384.00,2,2025-06-01 06:12:20
1408.00,5,2025-06-01 06:12:21
1056.00,5,2025-06-01 06:12:23
640.00,1,2025-06-01 06:12:24
1216.00,5,2025-06-01 06:12:25
1920.00,3,2025-06-01 06:12:26
736.00,2,2025-06-01 06:12:27
816.00,2,2025-06-01 06:12:28
224.00,4,2025-06-01 06:12:29
1424.00,4,2025-06-01 06:12:32
864.00,5,2025-06-01 06:12:34
1472.00,1,2025-06-01 06:12:36
624.00,1,2025-06-01 06:12:37
896.00,1,2025-06-01 06:12:38
864.00,2,2025-06-01 06:12:39
2640.00,2,2025-06-01 06:12:40
832.00,5,2025-06-01 06:12:42
1584.00,5,2025-06-01 06:12:43
576.00,5,2025-06-01 06:12:44
256.00,4,2025-06-01 06:12:45
1536.00,2,2025-06-01 06:12:46
1776.00,3,2025-06-01 06:12:47
1216.00,3,2025-06-01 06:12:48
2192.00,1,2025-06-01 06:12:49
1856.00,5,2025-06-01 06:12:50
1248.00,2,2025-06-01 06:12:51
2000.00,2,2025-06-01 06:12:52
448.00,3,2025-06-01 06:12:53
960.00,3,2025-06-01 06:12:55
736.00,3,2025-06-01 06:12:57
1488.00,4,2025-06-01 06:12:58
1440.00,5,2025-06-01 06:12:59
576.00,1,2025-06-01 06:13:00
192.00,2,2025-06-01 06:13:01
640.00,3,2025-06-01 06:13:02
928.00,3,2025-06-01 06:13:03
2544.00,5,2025-06-01 06:13:04
256.00,4,2025-06-01 06:13:05
1056.00,4,2025-06-01 06:13:06
1488.00,5,2025-06-01 06:13:08
1808.00,2,2025-06-01 06:13:10
1552.00,3,2025-06-01 06:13:11
880.00,3,2025-06-01 06:13:13
768.00,2,2025-06-01 06:13:14
2272.00,2,2025-06-01 06:13:15
1056.00,2,2025-06-01 06:13:16
1168.00,3,2025-06-01 06:13:17
1152.00,2,2025-06-01 06:13:18
960.00,2,2025-06-01 06:13:19
304.00,3,2025-06-01 06:13:21
864.00,5,2025-06-01 06:13:22
1120.00,2,2025-06-01 06:13:23
1216.00,3,2025-06-01 06:13:25
288.00,2,2025-06-01 06:13:26
480.00,3,2025-06-01 06:13:27
768.00,3,2025-06-01 06:13:28
768.00,3,2025-06-01 06:13:29
1312.00,5,2025-06-01 06:13:30
1104.00,5,2025-06-01 06:13:31
1408.00,5,2025-06-01 06:13:32
1728.00,4,2025-06-01 06:13:33
1376.00,5,2025-06-01 06:13:34
816.00,2,2025-06-01 06:13:35
640.00,1,2025-06-01 06:13:37
1184.00,5,2025-06-01 06:13:38
1472.00,2,2025-06-01 06:13:39
1280.00,3,2025-06-01 06:13:40
2304.00,2,2025-06-01 06:13:41
1248.00,5,2025-06-01 06:13:42
1248.00,3,2025-06-01 06:13:43
1536.00,5,2025-06-01 06:13:44
1344.00,2,2025-06-01 06:13:45
192.00,2,2025-06-01 06:13:47
1088.00,1,2025-06-01 06:13:49
1264.00,2,2025-06-01 06:13:51
256.00,3,2025-06-01 06:13:52
800.00,1,2025-06-01 06:13:53
2240.00,4,2025-06-01 06:13:55
608.00,4,2025-06-01 06:13:56
1392.00,1,2025-06-01 06:13:57
768.00,2,2025-06-01 06:13:58
736.00,1,2025-06-01 06:13:59
1824.00,2,2025-06-01 06:14:02
1536.00,2,2025-06-01 06:14:03
256.00,3,2025-06-01 06:14:04
800.00,1,2025-06-01 06:14:05
256.00,1,2025-06-01 06:14:06
784.00,4,2025-06-01 06:14:07
1280.00,5,2025-06-01 06:14:08
1184.00,3,2025-06-01 06:14:09
1824.00,4,2025-06-01 06:14:10
528.00,3,2025-06-01 06:14:11
2352.00,5,2025-06-01 06:14:13
1552.00,4,2025-06-01 06:14:14
1328.00,3,2025-06-01 06:14:15
576.00,4,2025-06-01 06:14:16
896.00,4,2025-06-01 06:14:17
784.00,2,2025-06-01 06:14:18
1376.00,5,2025-06-01 06:14:19
1824.00,4,2025-06-01 06:14:20
256.00,5,2025-06-01 06:14:21
1152.00,3,2025-06-01 06:14:23
416.00,2,2025-06-01 06:14:25
912.00,5,2025-06-01 06:14:26
1056.00,4,2025-06-01 06:14:27
1424.00,5,2025-06-01 06:14:28
192.00,5,2025-06-01 06:14:29
1216.00,2,2025-06-01 06:14:30
1632.00,1,2025-06-01 06:14:31
512.00,5,2025-06-01 06:14:32
384.00,2,2025-06-01 06:14:34
1472.00,5,2025-06-01 06:14:35
288.00,2,2025-06-01 06:14:36
2064.00,1,2025-06-01 06:14:37
320.00,5,2025-06-01 06:14:38
256.00,3,2025-06-01 06:14:39
1680.00,4,2025-06-01 06:14:40
1152.00,1,2025-06-01 06:14:41
640.00,1,2025-06-01 06:14:42
576.00,3,2025-06-01 06:14:43
1120.00,2,2025-06-01 06:14:44
1632.00,4,2025-06-01 06:14:45
288.00,4,2025-06-01 06:14:46
192.00,4,2025-06-01 06:14:47
1200.00,4,2025-06-01 06:14:48
480.00,3,2025-06-01 06:14:50
608.00,3,2025-06-01 06:14:51
192.00,2,2025-06-01 06:14:52
864.00,5,2025-06-01 06:14:53
192.00,1,2025-06-01 06:14:55
1632.00,4,2025-06-01 06:14:57
1248.00,4,2025-06-01 06:14:58
1216.00,1,2025-06-01 06:14:59
864.00,3,2025-06-01 06:15:00
800.00,1,2025-06-01 06:15:01
1536.00,4,2025-06-01 06:15:02
2448.00,2,2025-06-01 06:15:03
1136.00,3,2025-06-01 06:15:04
576.00,3,2025-06-01 06:15:05
256.00,3,2025-06-01 06:15:07
1504.00,5,2025-06-01 06:15:08
768.00,5,2025-06-01 06:15:09
864.00,2,2025-06-01 06:15:10
768.00,5,2025-06-01 06:15:11
2208.00,4,2025-06-01 06:15:12
1520.00,2,2025-06-01 06:15:14
1376.00,3,2025-06-01 06:15:15
960.00,4,2025-06-01 06:15:17
704.00,3,2025-06-01 06:15:18
1344.00,1,2025-06-01 06:15:19
1792.00,2,2025-06-01 06:15:20
480.00,4,2025-06-01 06:15:21
608.00,5,2025-06-01 06:15:22
1088.00,3,2025-06-01 06:15:23
800.00,3,2025-06-01 06:15:26
928.00,5,2025-06-01 06:15:27
288.00,2,2025-06-01 06:15:29
1088.00,2,2025-06-01 06:15:30
1984.00,2,2025-06-01 06:15:32
864.00,1,2025-06-01 06:15:33
768.00,5,2025-06-01 06:15:34
576.00,2,2025-06-01 06:15:37
1920.00,4,2025-06-01 06:15:38
768.00,2,2025-06-01 06:15:39
1392.00,3,2025-06-01 06:15:42
1376.00,4,2025-06-01 06:15:43
512.00,4,2025-06-01 06:15:45
1072.00,5,2025-06-01 06:15:47
1536.00,5,2025-06-01 06:15:49
256.00,4,2025-06-01 06:15:50
928.00,3,2025-06-01 06:15:51
928.00,4,2025-06-01 06:15:52
640.00,1,2025-06-01 06:15:53
608.00,3,2025-06-01 06:15:54
640.00,1,2025-06-01 06:15:55
256.00,5,2025-06-01 06:15:56
1136.00,4,2025-06-01 06:15:57
1120.00,2,2025-06-01 06:15:58
576.00,1,2025-06-01 06:15:59
1632.00,4,2025-06-01 06:16:00
224.00,4,2025-06-01 06:16:01
1504.00,1,2025-06-01 06:16:03
672.00,3,2025-06-01 06:16:04
896.00,2,2025-06-01 06:16:05
768.00,4,2025-06-01 06:16:07
2544.00,4,2025-06-01 06:16:08
1472.00,4,2025-06-01 06:16:09
768.00,1,2025-06-01 06:16:10
2208.00,1,2025-06-01 06:16:11
1184.00,5,2025-06-01 06:16:12
1120.00,3,2025-06-01 06:16:13
2736.00,3,2025-06-01 06:16:15
256.00,5,2025-06-01 06:16:16
304.00,1,2025-06-01 06:16:17
960.00,2,2025-06-01 06:16:19
1344.00,5,2025-06-01 06:16:20
864.00,1,2025-06-01 06:16:22
2048.00,4,2025-06-01 06:16:24
1440.00,3,2025-06-01 06:16:25
1088.00,4,2025-06-01 06:16:26
1216.00,3,2025-06-01 06:16:27
1264.00,3,2025-06-01 06:16:28
1280.00,4,2025-06-01 06:16:29
1088.00,1,2025-06-01 06:16:30
1136.00,4,2025-06-01 06:16:33
1072.00,2,2025-06-01 06:16:34
1664.00,1,2025-06-01 06:16:35
768.00,4,2025-06-01 06:16:36
512.00,2,2025-06-01 06:16:37
2288.00,3,2025-06-01 06:16:38
192.00,3,2025-06-01 06:16:39
224.00,3,2025-06-01 06:16:40
1680.00,4,2025-06-01 06:16:41
1920.00,1,2025-06-01 06:16:42
1712.00,5,2025-06-01 06:16:43
1472.00,5,2025-06-01 06:16:44
256.00,5,2025-06-01 06:16:45
304.00,2,2025-06-01 06:16:46
1024.00,4,2025-06-01 06:16:47
1344.00,5,2025-06-01 06:16:48
768.00,5,2025-06-01 06:16:49
1152.00,3,2025-06-01 06:16:52
1424.00,4,2025-06-01 06:16:54
1248.00,5,2025-06-01 06:16:55
1600.00,3,2025-06-01 06:16:56
1216.00,5,2025-06-01 06:16:57
304.00,5,2025-06-01 06:16:58
864.00,3,2025-06-01 06:16:59
256.00,5,2025-06-01 06:17:02
864.00,1,2025-06-01 06:17:03
768.00,5,2025-06-01 06:17:04
1248.00,4,2025-06-01 06:17:06
672.00,3,2025-06-01 06:17:07
800.00,2,2025-06-01 06:17:08
256.00,3,2025-06-01 06:17:09
256.00,2,2025-06-01 06:17:10
448.00,1,2025-06-01 06:17:11
608.00,5,2025-06-01 06:17:12
1440.00,2,2025-06-01 06:17:13
1088.00,1,2025-06-01 06:17:14
1120.00,5,2025-06-01 06:17:15
1184.00,4,2025-06-01 06:17:16
1344.00,4,2025-06-01 06:17:17
640.00,1,2025-06-01 06:17:18
1184.00,4,2025-06-01 06:17:20
288.00,4,2025-06-01 06:17:21
864.00,5,2025-06-01 06:17:22
224.00,5,2025-06-01 06:17:23
928.00,4,2025-06-01 06:17:24
896.00,4,2025-06-01 06:17:25
1888.00,1,2025-06-01 06:17:26
1312.00,4,2025-06-01 06:17:27
1088.00,5,2025-06-01 06:17:28
1664.00,3,2025-06-01 06:17:29
608.00,3,2025-06-01 06:17:30
1248.00,1,2025-06-01 06:17:31
1376.00,4,2025-06-01 06:17:32
960.00,2,2025-06-01 06:17:34
960.00,2,2025-06-01 06:17:35
1312.00,2,2025-06-01 06:17:36
320.00,2,2025-06-01 06:17:37
768.00,2,2025-06-01 06:17:38
1584.00,3,2025-06-01 06:17:39
928.00,5,2025-06-01 06:17:41
912.00,5,2025-06-01 06:17:43
1440.00,5,2025-06-01 06:17:44
864.00,4,2025-06-01 06:17:45
992.00,2,2025-06-01 06:17:47
960.00,5,2025-06-01 06:17:48
2160.00,5,2025-06-01 06:17:50
576.00,4,2025-06-01 06:17:51
832.00,2,2025-06-01 06:17:52
2448.00,2,2025-06-01 06:17:53
304.00,1,2025-06-01 06:17:54
1776.00,5,2025-06-01 06:17:55
864.00,5,2025-06-01 06:17:57
2736.00,2,2025-06-01 06:17:58
1360.00,5,2025-06-01 06:17:59
624.00,1,2025-06-01 06:18:00
800.00,3,2025-06-01 06:18:01
384.00,2,2025-06-01 06:18:02
2064.00,5,2025-06-01 06:18:03
1408.00,2,2025-06-01 06:18:05
304.00,4,2025-06-01 06:18:06
1280.00,2,2025-06-01 06:18:07
800.00,4,2025-06-01 06:18:09
1216.00,2,2025-06-01 06:18:10
1392.00,2,2025-06-01 06:18:11
512.00,3,2025-06-01 06:18:12
1344.00,4,2025-06-01 06:18:13
192.00,4,2025-06-01 06:18:14
768.00,3,2025-06-01 06:18:15
448.00,2,2025-06-01 06:18:16
960.00,3,2025-06-01 06:18:19
2064.00,2,2025-06-01 06:18:20
1792.00,3,2025-06-01 06:18:21
512.00,5,2025-06-01 06:18:22
896.00,3,2025-06-01 06:18:24
1216.00,2,2025-06-01 06:18:26
1664.00,2,2025-06-01 06:18:27
1536.00,5,2025-06-01 06:18:28
304.00,4,2025-06-01 06:18:29
1088.00,2,2025-06-01 06:18:30
224.00,2,2025-06-01 06:18:31
736.00,3,2025-06-01 06:18:32
576.00,1,2025-06-01 06:18:33
1680.00,3,2025-06-01 06:18:34
1632.00,5,2025-06-01 06:18:35
832.00,1,2025-06-01 06:18:36
1776.00,3,2025-06-01 06:18:37
1472.00,4,2025-06-01 06:18:38
544.00,3,2025-06-01 06:18:39
608.00,1,2025-06-01 06:18:40
1376.00,2,2025-06-01 06:18:41
544.00,3,2025-06-01 06:18:42
1344.00,1,2025-06-01 06:18:43
448.00,2,2025-06-01 06:18:45
560.00,5,2025-06-01 06:18:46
512.00,3,2025-06-01 06:18:47
1376.00,1,2025-06-01 06:18:48
1632.00,4,2025-06-01 06:18:49
1056.00,1,2025-06-01 06:18:50
672.00,2,2025-06-01 06:18:51
224.00,5,2025-06-01 06:18:52
1808.00,3,2025-06-01 06:18:53
1680.00,2,2025-06-01 06:18:54
384.00,3,2025-06-01 06:18:55
1120.00,5,2025-06-01 06:18:57
1776.00,5,2025-06-01 06:18:58
576.00,2,2025-06-01 06:18:59
1296.00,3,2025-06-01 06:19:00
1344.00,2,2025-06-01 06:19:02
192.00,5,2025-06-01 06:19:03
384.00,4,2025-06-01 06:19:05
256.00,2,2025-06-01 06:19:06
288.00,3,2025-06-01 06:19:08
1568.00,5,2025-06-01 06:19:10
1024.00,1,2025-06-01 06:19:11
256.00,4,2025-06-01 06:19:12
1312.00,3,2025-06-01 06:19:13
640.00,4,2025-06-01 06:19:14
1632.00,1,2025-06-01 06:19:15
1216.00,4,2025-06-01 06:19:16
1600.00,3,2025-06-01 06:19:17
1216.00,5,2025-06-01 06:19:18
1216.00,1,2025-06-01 06:19:19
576.00,5,2025-06-01 06:19:21
1440.00,2,2025-06-01 06:19:22
192.00,5,2025-06-01 06:19:24
1600.00,2,2025-06-01 06:19:25
1520.00,1,2025-06-01 06:19:26
2160.00,3,2025-06-01 06:19:28
304.00,1,2025-06-01 06:19:29
1216.00,4,2025-06-01 06:19:30
592.00,4,2025-06-01 06:19:31
816.00,1,2025-06-01 06:19:32
704.00,2,2025-06-01 06:19:35
896.00,1,2025-06-01 06:19:36
560.00,2,2025-06-01 06:19:37
256.00,3,2025-06-01 06:19:38
864.00,4,2025-06-01 06:19:39
1776.00,1,2025-06-01 06:19:40
256.00,1,2025-06-01 06:19:41
640.00,5,2025-06-01 06:19:42
512.00,2,2025-06-01 06:19:45
896.00,5,2025-06-01 06:19:47
512.00,2,2025-06-01 06:19:48
1728.00,3,2025-06-01 06:19:49
896.00,4,2025-06-01 06:19:50
2048.00,4,2025-06-01 06:19:51
1168.00,3,2025-06-01 06:19:52
1120.00,1,2025-06-01 06:19:54
1952.00,2,2025-06-01 06:19:55
1056.00,3,2025-06-01 06:19:56
1776.00,3,2025-06-01 06:19:57
1248.00,1,2025-06-01 06:19:58
384.00,5,2025-06-01 06:19:59
1632.00,4,2025-06-01 06:20:00
1488.00,4,2025-06-01 06:20:01
608.00,1,2025-06-01 06:20:02
512.00,5,2025-06-01 06:20:03
1408.00,3,2025-06-01 06:20:04
864.00,5,2025-06-01 06:20:05
1280.00,4,2025-06-01 06:20:06
672.00,2,2025-06-01 06:20:07
1136.00,3,2025-06-01 06:20:09
1536.00,4,2025-06-01 06:20:10
1264.00,4,2025-06-01 06:20:11
1072.00,4,2025-06-01 06:20:12
288.00,2,2025-06-01 06:20:13
768.00,2,2025-06-01 06:20:15
256.00,4,2025-06-01 06:20:16
576.00,2,2025-06-01 06:20:17
560.00,3,2025-06-01 06:20:18
1088.00,1,2025-06-01 06:20:19
1696.00,2,2025-06-01 06:20:20
192.00,5,2025-06-01 06:20:21
2080.00,4,2025-06-01 06:20:22
1936.00,1,2025-06-01 06:20:23
1216.00,4,2025-06-01 06:20:24
320.00,2,2025-06-01 06:20:26
896.00,5,2025-06-01 06:20:27
1792.00,2,2025-06-01 06:20:28
1776.00,3,2025-06-01 06:20:29
864.00,5,2025-06-01 06:20:30
896.00,5,2025-06-01 06:20:32
640.00,2,2025-06-01 06:20:33
2016.00,2,2025-06-01 06:20:34
288.00,5,2025-06-01 06:20:35
320.00,1,2025-06-01 06:20:36
1440.00,3,2025-06-01 06:20:37
960.00,3,2025-06-01 06:20:38
1120.00,1,2025-06-01 06:20:39
864.00,3,2025-06-01 06:20:40
608.00,4,2025-06-01 06:20:41
320.00,3,2025-06-01 06:20:43
864.00,5,2025-06-01 06:20:44
1376.00,5,2025-06-01 06:20:45
592.00,5,2025-06-01 06:20:46
256.00,1,2025-06-01 06:20:47
1248.00,1,2025-06-01 06:20:48
912.00,4,2025-06-01 06:20:49
1216.00,5,2025-06-01 06:20:50
288.00,1,2025-06-01 06:20:51
1520.00,4,2025-06-01 06:20:52
592.00,3,2025-06-01 06:20:53
2336.00,4,2025-06-01 06:20:54
928.00,3,2025-06-01 06:20:55
192.00,5,2025-06-01 06:20:56
672.00,3,2025-06-01 06:20:57
1088.00,3,2025-06-01 06:20:58
1440.00,4,2025-06-01 06:20:59
672.00,5,2025-06-01 06:21:00
608.00,2,2025-06-01 06:21:01
880.00,2,2025-06-01 06:21:02
1664.00,2,2025-06-01 06:21:03
1696.00,4,2025-06-01 06:21:04
480.00,5,2025-06-01 06:21:05
2080.00,5,2025-06-01 06:21:07
1152.00,4,2025-06-01 06:21:08
896.00,1,2025-06-01 06:21:09
928.00,4,2025-06-01 06:21:10
512.00,2,2025-06-01 06:21:11
544.00,2,2025-06-01 06:21:12
752.00,1,2025-06-01 06:21:13
608.00,5,2025-06-01 06:21:14
320.00,4,2025-06-01 06:21:15
896.00,2,2025-06-01 06:21:16
864.00,4,2025-06-01 06:21:17
768.00,5,2025-06-01 06:21:19
2336.00,4,2025-06-01 06:21:20
224.00,2,2025-06-01 06:21:21
864.00,5,2025-06-01 06:21:22
896.00,1,2025-06-01 06:21:23
1088.00,4,2025-06-01 06:21:24
640.00,2,2025-06-01 06:21:25
2640.00,5,2025-06-01 06:21:27
768.00,4,2025-06-01 06:21:29
864.00,4,2025-06-01 06:21:30
224.00,1,2025-06-01 06:21:31
1872.00,4,2025-06-01 06:21:32
1728.00,2,2025-06-01 06:21:33
1632.00,2,2025-06-01 06:21:34
768.00,5,2025-06-01 06:21:35
1344.00,5,2025-06-01 06:21:36
576.00,5,2025-06-01 06:21:37
912.00,1,2025-06-01 06:21:38
1248.00,4,2025-06-01 06:21:39
640.00,3,2025-06-01 06:21:40
512.00,2,2025-06-01 06:21:41
448.00,3,2025-06-01 06:21:42
896.00,5,2025-06-01 06:21:44
512.00,4,2025-06-01 06:21:45
512.00,5,2025-06-01 06:21:46
800.00,5,2025-06-01 06:21:47
2080.00,2,2025-06-01 06:21:48
1264.00,4,2025-06-01 06:21:49
256.00,5,2025-06-01 06:21:50
2208.00,2,2025-06-01 06:21:52
912.00,4,2025-06-01 06:21:53
1424.00,3,2025-06-01 06:21:54
608.00,3,2025-06-01 06:21:56
192.00,1,2025-06-01 06:21:57
2128.00,3,2025-06-01 06:21:58
2400.00,1,2025-06-01 06:21:59
1280.00,5,2025-06-01 06:22:00
864.00,3,2025-06-01 06:22:01
864.00,1,2025-06-01 06:22:03
1632.00,2,2025-06-01 06:22:04
2256.00,3,2025-06-01 06:22:05
512.00,4,2025-06-01 06:22:07
1040.00,1,2025-06-01 06:22:08
912.00,5,2025-06-01 06:22:09
1712.00,2,2025-06-01 06:22:10
576.00,2,2025-06-01 06:22:11
880.00,5,2025-06-01 06:22:14
1952.00,1,2025-06-01 06:22:16
1952.00,5,2025-06-01 06:22:17
256.00,5,2025-06-01 06:22:18
1408.00,1,2025-06-01 06:22:19
864.00,4,2025-06-01 06:22:20
1344.00,4,2025-06-01 06:22:21
256.00,5,2025-06-01 06:22:22
1952.00,4,2025-06-01 06:22:23
1024.00,2,2025-06-01 06:22:24
640.00,2,2025-06-01 06:22:25
1632.00,2,2025-06-01 06:22:26
512.00,2,2025-06-01 06:22:27
1088.00,5,2025-06-01 06:22:28
256.00,2,2025-06-01 06:22:29
1216.00,5,2025-06-01 06:22:30
864.00,4,2025-06-01 06:22:31
1856.00,1,2025-06-01 06:22:32
768.00,1,2025-06-01 06:22:33
256.00,4,2025-06-01 06:22:34
1280.00,4,2025-06-01 06:22:35
1440.00,2,2025-06-01 06:22:36
1056.00,1,2025-06-01 06:22:37
512.00,2,2025-06-01 06:22:38
224.00,2,2025-06-01 06:22:39
912.00,4,2025-06-01 06:22:40
2112.00,5,2025-06-01 06:22:41
1664.00,1,2025-06-01 06:22:42
1024.00,4,2025-06-01 06:22:43
304.00,4,2025-06-01 06:22:44
960.00,4,2025-06-01 06:22:45
1360.00,1,2025-06-01 06:22:46
1344.00,5,2025-06-01 06:22:47
384.00,4,2025-06-01 06:22:48
688.00,1,2025-06-01 06:22:50
896.00,2,2025-06-01 06:22:51
288.00,4,2025-06-01 06:22:54
256.00,1,2025-06-01 06:22:55
1744.00,5,2025-06-01 06:22:57
1088.00,4,2025-06-01 06:22:59
1696.00,1,2025-06-01 06:23:00
1216.00,3,2025-06-01 06:23:02
1168.00,4,2025-06-01 06:23:04
1728.00,5,2025-06-01 06:23:05
1376.00,2,2025-06-01 06:23:07
2304.00,1,2025-06-01 06:23:08
1952.00,3,2025-06-01 06:23:09
1184.00,2,2025-06-01 06:23:10
512.00,1,2025-06-01 06:23:11
256.00,2,2025-06-01 06:23:13
1776.00,5,2025-06-01 06:23:14
1120.00,3,2025-06-01 06:23:15
1824.00,5,2025-06-01 06:23:17
608.00,3,2025-06-01 06:23:18
768.00,4,2025-06-01 06:23:19
960.00,3,2025-06-01 06:23:20
576.00,2,2025-06-01 06:23:21
576.00,1,2025-06-01 06:23:22
1472.00,3,2025-06-01 06:23:23
1696.00,1,2025-06-01 06:23:24
192.00,1,2025-06-01 06:23:26
1728.00,5,2025-06-01 06:23:27
1168.00,1,2025-06-01 06:23:28
736.00,5,2025-06-01 06:23:30
1728.00,4,2025-06-01 06:23:31
592.00,2,2025-06-01 06:23:32
1344.00,1,2025-06-01 06:23:33
576.00,3,2025-06-01 06:23:34
192.00,2,2025-06-01 06:23:35
192.00,3,2025-06-01 06:23:36
832.00,1,2025-06-01 06:23:38
1440.00,4,2025-06-01 06:23:39
1440.00,5,2025-06-01 06:23:40
1392.00,5,2025-06-01 06:23:41
960.00,5,2025-06-01 06:23:42
1680.00,1,2025-06-01 06:23:43
864.00,3,2025-06-01 06:23:44
192.00,3,2025-06-01 06:23:45
256.00,2,2025-06-01 06:23:46
1952.00,2,2025-06-01 06:23:47
576.00,5,2025-06-01 06:23:48
1536.00,5,2025-06-01 06:23:49
288.00,2,2025-06-01 06:23:50
960.00,3,2025-06-01 06:23:51
448.00,1,2025-06-01 06:23:52
1088.00,3,2025-06-01 06:23:53
1760.00,2,2025-06-01 06:23:54
1344.00,5,2025-06-01 06:23:55
672.00,4,2025-06-01 06:23:56
1488.00,4,2025-06-01 06:23:57
544.00,2,2025-06-01 06:23:59
448.00,5,2025-06-01 06:24:00
960.00,3,2025-06-01 06:24:01
1136.00,3,2025-06-01 06:24:02
1616.00,4,2025-06-01 06:24:03
928.00,5,2025-06-01 06:24:04
1472.00,2,2025-06-01 06:24:05
960.00,3,2025-06-01 06:24:06
592.00,3,2025-06-01 06:24:07
256.00,4,2025-06-01 06:24:09
576.00,2,2025-06-01 06:24:10
896.00,1,2025-06-01 06:24:11
1408.00,5,2025-06-01 06:24:13
672.00,1,2025-06-01 06:24:14
1344.00,3,2025-06-01 06:24:17
960.00,1,2025-06-01 06:24:18
608.00,2,2025-06-01 06:24:19
768.00,1,2025-06-01 06:24:20
512.00,3,2025-06-01 06:24:21
768.00,2,2025-06-01 06:24:24
256.00,2,2025-06-01 06:24:27
1536.00,1,2025-06-01 06:24:28
1184.00,4,2025-06-01 06:24:29
912.00,4,2025-06-01 06:24:31
256.00,1,2025-06-01 06:24:33
576.00,4,2025-06-01 06:24:35
1056.00,1,2025-06-01 06:24:36
224.00,3,2025-06-01 06:24:37
608.00,3,2025-06-01 06:24:38
1216.00,5,2025-06-01 06:24:39
320.00,3,2025-06-01 06:24:40
1280.00,5,2025-06-01 06:24:41
1168.00,1,2025-06-01 06:24:42
1792.00,5,2025-06-01 06:24:43
304.00,5,2025-06-01 06:24:44
304.00,1,2025-06-01 06:24:45
576.00,2,2025-06-01 06:24:46
640.00,1,2025-06-01 06:24:47
832.00,5,2025-06-01 06:24:48
288.00,1,2025-06-01 06:24:50
1488.00,2,2025-06-01 06:24:51
384.00,2,2025-06-01 06:24:52
640.00,3,2025-06-01 06:24:53
832.00,1,2025-06-01 06:24:54
640.00,5,2025-06-01 06:24:55
1152.00,4,2025-06-01 06:24:56
1824.00,3,2025-06-01 06:24:58
544.00,3,2025-06-01 06:24:59
1520.00,2,2025-06-01 06:25:00
1152.00,5,2025-06-01 06:25:01
800.00,2,2025-06-01 06:25:02
960.00,1,2025-06-01 06:25:04
512.00,3,2025-06-01 06:25:05
192.00,2,2025-06-01 06:25:06
1120.00,5,2025-06-01 06:25:08
1792.00,5,2025-06-01 06:25:09
1536.00,2,2025-06-01 06:25:10
960.00,5,2025-06-01 06:25:14
928.00,4,2025-06-01 06:25:15
1312.00,3,2025-06-01 06:25:16
304.00,3,2025-06-01 06:25:19
576.00,5,2025-06-01 06:25:20
1760.00,5,2025-06-01 06:25:21
768.00,3,2025-06-01 06:25:22
1408.00,2,2025-06-01 06:25:23
1904.00,1,2025-06-01 06:25:24
640.00,4,2025-06-01 06:25:25
1376.00,1,2025-06-01 06:25:27
512.00,4,2025-06-01 06:25:28
1536.00,4,2025-06-01 06:25:29
800.00,2,2025-06-01 06:25:30
576.00,1,2025-06-01 06:25:31
864.00,1,2025-06-01 06:25:32
1248.00,4,2025-06-01 06:25:33
896.00,3,2025-06-01 06:25:34
576.00,2,2025-06-01 06:25:35
256.00,4,2025-06-01 06:25:36
928.00,4,2025-06-01 06:25:37
1808.00,1,2025-06-01 06:25:39
672.00,5,2025-06-01 06:25:40
1408.00,2,2025-06-01 06:25:41
768.00,2,2025-06-01 06:25:45
672.00,5,2025-06-01 06:25:48
1168.00,3,2025-06-01 06:25:50
928.00,3,2025-06-01 06:25:51
192.00,1,2025-06-01 06:25:52
800.00,2,2025-06-01 06:25:53
960.00,5,2025-06-01 06:25:54
224.00,3,2025-06-01 06:25:56
864.00,2,2025-06-01 06:25:57
960.00,3,2025-06-01 06:25:58
1680.00,5,2025-06-01 06:25:59
1184.00,5,2025-06-01 06:26:00
960.00,1,2025-06-01 06:26:01
1200.00,3,2025-06-01 06:26:02
768.00,3,2025-06-01 06:26:03
2592.00,5,2025-06-01 06:26:04
192.00,4,2025-06-01 06:26:05
288.00,4,2025-06-01 06:26:07
1728.00,3,2025-06-01 06:26:08
960.00,5,2025-06-01 06:26:09
864.00,4,2025-06-01 06:26:10
2496.00,3,2025-06-01 06:26:12
736.00,2,2025-06-01 06:26:13
992.00,3,2025-06-01 06:26:14
512.00,4,2025-06-01 06:26:15
1792.00,3,2025-06-01 06:26:16
2144.00,5,2025-06-01 06:26:17
672.00,3,2025-06-01 06:26:19
1120.00,2,2025-06-01 06:26:20
1824.00,3,2025-06-01 06:26:22
512.00,5,2025-06-01 06:26:23
512.00,2,2025-06-01 06:26:24
1440.00,2,2025-06-01 06:26:25
512.00,4,2025-06-01 06:26:26
1216.00,5,2025-06-01 06:26:28
608.00,2,2025-06-01 06:26:29
192.00,2,2025-06-01 06:26:30
672.00,2,2025-06-01 06:26:31
512.00,1,2025-06-01 06:26:32
832.00,5,2025-06-01 06:26:34
2160.00,3,2025-06-01 06:26:35
2240.00,2,2025-06-01 06:26:36
2304.00,2,2025-06-01 06:26:39
1840.00,4,2025-06-01 06:26:40
304.00,1,2025-06-01 06:26:41
192.00,2,2025-06-01 06:26:42
1232.00,5,2025-06-01 06:26:43
976.00,1,2025-06-01 06:26:44
864.00,1,2025-06-01 06:26:46
960.00,1,2025-06-01 06:26:47
1312.00,5,2025-06-01 06:26:48
1472.00,5,2025-06-01 06:26:49
1264.00,1,2025-06-01 06:26:50
1184.00,4,2025-06-01 06:26:51
960.00,3,2025-06-01 06:26:53
1312.00,3,2025-06-01 06:26:54
864.00,1,2025-06-01 06:26:55
1376.00,2,2025-06-01 06:26:56
1920.00,2,2025-06-01 06:26:57
768.00,3,2025-06-01 06:26:58
576.00,4,2025-06-01 06:26:59
1152.00,3,2025-06-01 06:27:00
640.00,2,2025-06-01 06:27:01
1760.00,5,2025-06-01 06:27:02
1792.00,4,2025-06-01 06:27:03
2688.00,4,2025-06-01 06:27:04
496.00,1,2025-06-01 06:27:05
2144.00,5,2025-06-01 06:27:06
320.00,2,2025-06-01 06:27:07
320.00,5,2025-06-01 06:27:09
672.00,2,2025-06-01 06:27:10
1456.00,2,2025-06-01 06:27:11
1792.00,3,2025-06-01 06:27:12
1248.00,5,2025-06-01 06:27:13
2096.00,3,2025-06-01 06:27:14
2176.00,1,2025-06-01 06:27:15
1824.00,2,2025-06-01 06:27:16
1248.00,3,2025-06-01 06:27:17
1920.00,3,2025-06-01 06:27:18
304.00,4,2025-06-01 06:27:19
1936.00,1,2025-06-01 06:27:20
1088.00,2,2025-06-01 06:27:21
1824.00,2,2025-06-01 06:27:22
1184.00,5,2025-06-01 06:27:23
288.00,4,2025-06-01 06:27:24
1488.00,4,2025-06-01 06:27:25
672.00,4,2025-06-01 06:27:27
1344.00,2,2025-06-01 06:27:28
1792.00,5,2025-06-01 06:27:29
768.00,4,2025-06-01 06:27:30
672.00,4,2025-06-01 06:27:31
1248.00,3,2025-06-01 06:27:32
256.00,3,2025-06-01 06:27:35
1584.00,3,2025-06-01 06:27:36
1184.00,2,2025-06-01 06:27:37
1120.00,3,2025-06-01 06:27:38
1712.00,5,2025-06-01 06:27:39
640.00,2,2025-06-01 06:27:40
512.00,5,2025-06-01 06:27:41
2000.00,1,2025-06-01 06:27:42
1696.00,1,2025-06-01 06:27:44
304.00,1,2025-06-01 06:27:45
1216.00,3,2025-06-01 06:27:46
640.00,2,2025-06-01 06:27:48
1280.00,5,2025-06-01 06:27:49
1120.00,4,2025-06-01 06:27:50
1392.00,5,2025-06-01 06:27:51
640.00,2,2025-06-01 06:27:52
512.00,2,2025-06-01 06:27:53
1728.00,4,2025-06-01 06:27:54
224.00,5,2025-06-01 06:27:55
1728.00,4,2025-06-01 06:27:56
1184.00,5,2025-06-01 06:27:57
448.00,2,2025-06-01 06:27:58
1408.00,3,2025-06-01 06:27:59
1008.00,5,2025-06-01 06:28:01
1184.00,4,2025-06-01 06:28:02
1408.00,2,2025-06-01 06:28:03
1504.00,5,2025-06-01 06:28:04
224.00,4,2025-06-01 06:28:05
1280.00,5,2025-06-01 06:28:06
256.00,5,2025-06-01 06:28:07
1728.00,2,2025-06-01 06:28:08
1600.00,4,2025-06-01 06:28:09
1440.00,5,2025-06-01 06:28:10
832.00,5,2025-06-01 06:28:11
1056.00,5,2025-06-01 06:28:12
1984.00,4,2025-06-01 06:28:13
1120.00,1,2025-06-01 06:28:14
1120.00,2,2025-06-01 06:28:15
512.00,5,2025-06-01 06:28:16
960.00,1,2025-06-01 06:28:17
192.00,4,2025-06-01 06:28:18
960.00,4,2025-06-01 06:28:19
1440.00,5,2025-06-01 06:28:21
576.00,4,2025-06-01 06:28:23
576.00,4,2025-06-01 06:28:24
288.00,4,2025-06-01 06:28:25
544.00,5,2025-06-01 06:28:26
1248.00,5,2025-06-01 06:28:28
1024.00,4,2025-06-01 06:28:29
704.00,2,2025-06-01 06:28:30
1184.00,4,2025-06-01 06:28:31
1952.00,4,2025-06-01 06:28:32
512.00,4,2025-06-01 06:28:33
2448.00,3,2025-06-01 06:28:34
640.00,3,2025-06-01 06:28:35
1808.00,4,2025-06-01 06:28:36
1536.00,4,2025-06-01 06:28:37
288.00,2,2025-06-01 06:28:39
288.00,3,2025-06-01 06:28:41
576.00,2,2025-06-01 06:28:43
1760.00,3,2025-06-01 06:28:44
1568.00,2,2025-06-01 06:28:45
1152.00,3,2025-06-01 06:28:47
896.00,3,2025-06-01 06:28:49
768.00,1,2025-06-01 06:28:50
288.00,3,2025-06-01 06:28:51
256.00,2,2025-06-01 06:28:52
1152.00,1,2025-06-01 06:28:56
2080.00,1,2025-06-01 06:28:58
768.00,5,2025-06-01 06:28:59
1840.00,1,2025-06-01 06:29:00
1632.00,4,2025-06-01 06:29:01
2256.00,5,2025-06-01 06:29:02
1056.00,4,2025-06-01 06:29:03
800.00,5,2025-06-01 06:29:04
288.00,3,2025-06-01 06:29:05
1840.00,3,2025-06-01 06:29:06
1920.00,1,2025-06-01 06:29:07
2064.00,4,2025-06-01 06:29:09
1072.00,4,2025-06-01 06:29:10
192.00,4,2025-06-01 06:29:11
800.00,4,2025-06-01 06:29:12
1088.00,2,2025-06-01 06:29:13
1632.00,2,2025-06-01 06:29:14
192.00,2,2025-06-01 06:29:16
1120.00,5,2025-06-01 06:29:17
768.00,5,2025-06-01 06:29:19
1728.00,2,2025-06-01 06:29:20
576.00,2,2025-06-01 06:29:21
608.00,2,2025-06-01 06:29:23
1088.00,5,2025-06-01 06:29:24
1760.00,1,2025-06-01 06:29:25
928.00,4,2025-06-01 06:29:26
1984.00,3,2025-06-01 06:29:27
960.00,2,2025-06-01 06:29:28
576.00,2,2025-06-01 06:29:30
592.00,4,2025-06-01 06:29:31
1536.00,1,2025-06-01 06:29:32
288.00,2,2025-06-01 06:29:33
608.00,5,2025-06-01 06:29:35
256.00,4,2025-06-01 06:29:36
1728.00,2,2025-06-01 06:29:38
2368.00,4,2025-06-01 06:29:39
512.00,3,2025-06-01 06:29:40
512.00,5,2025-06-01 06:29:41
448.00,3,2025-06-01 06:29:42
256.00,2,2025-06-01 06:29:43
512.00,3,2025-06-01 06:29:44
384.00,2,2025-06-01 06:29:45
224.00,2,2025-06-01 06:29:46
1168.00,4,2025-06-01 06:29:47
448.00,2,2025-06-01 06:29:50
544.00,3,2025-06-01 06:29:51
576.00,2,2025-06-01 06:29:52
512.00,2,2025-06-01 06:29:53
2336.00,2,2025-06-01 06:29:54
320.00,4,2025-06-01 06:29:55
1472.00,5,2025-06-01 06:29:56
576.00,3,2025-06-01 06:29:57
304.00,2,2025-06-01 06:29:58
864.00,2,2025-06-01 06:29:59
224.00,3,2025-06-01 06:30:00
960.00,4,2025-06-01 06:30:01
288.00,2,2025-06-01 06:30:03
2080.00,2,2025-06-01 06:30:04
640.00,4,2025-06-01 06:30:05
1440.00,5,2025-06-01 06:30:06
448.00,2,2025-06-01 06:30:07
1984.00,2,2025-06-01 06:30:08
1456.00,5,2025-06-01 06:30:09
1472.00,4,2025-06-01 06:30:10
256.00,1,2025-06-01 06:30:11
1088.00,2,2025-06-01 06:30:12
512.00,4,2025-06-01 06:30:14
304.00,1,2025-06-01 06:30:15
2304.00,3,2025-06-01 06:30:16
576.00,1,2025-06-01 06:30:17
1920.00,4,2025-06-01 06:30:18
832.00,5,2025-06-01 06:30:19
672.00,3,2025-06-01 06:30:20
576.00,4,2025-06-01 06:30:23
1696.00,5,2025-06-01 06:30:25
1184.00,5,2025-06-01 06:30:26
1344.00,4,2025-06-01 06:30:28
1648.00,3,2025-06-01 06:30:29
896.00,2,2025-06-01 06:30:30
1440.00,4,2025-06-01 06:30:31
1120.00,2,2025-06-01 06:30:32
576.00,3,2025-06-01 06:30:33
1312.00,4,2025-06-01 06:30:34
1760.00,5,2025-06-01 06:30:35
1440.00,1,2025-06-01 06:30:36
1696.00,3,2025-06-01 06:30:37
1184.00,1,2025-06-01 06:30:38
2016.00,5,2025-06-01 06:30:39
544.00,5,2025-06-01 06:30:40
1472.00,4,2025-06-01 06:30:42
1168.00,5,2025-06-01 06:30:43
1760.00,4,2025-06-01 06:30:44
1472.00,4,2025-06-01 06:30:46
1168.00,4,2025-06-01 06:30:47
672.00,1,2025-06-01 06:30:48
1872.00,3,2025-06-01 06:30:51
1184.00,5,2025-06-01 06:30:52
576.00,5,2025-06-01 06:30:53
512.00,3,2025-06-01 06:30:54
320.00,2,2025-06-01 06:30:55
1536.00,2,2025-06-01 06:30:57
768.00,1,2025-06-01 06:30:58
1600.00,2,2025-06-01 06:30:59
192.00,5,2025-06-01 06:31:00
768.00,3,2025-06-01 06:31:01
672.00,5,2025-06-01 06:31:02
864.00,3,2025-06-01 06:31:03
1280.00,2,2025-06-01 06:31:04
1520.00,5,2025-06-01 06:31:07
512.00,4,2025-06-01 06:31:08
1376.00,5,2025-06-01 06:31:09
1472.00,3,2025-06-01 06:31:10
672.00,2,2025-06-01 06:31:11
704.00,4,2025-06-01 06:31:13
2112.00,2,2025-06-01 06:31:14
2208.00,3,2025-06-01 06:31:15
960.00,1,2025-06-01 06:31:17
384.00,1,2025-06-01 06:31:18
2176.00,5,2025-06-01 06:31:20
256.00,1,2025-06-01 06:31:21
640.00,1,2025-06-01 06:31:22
576.00,4,2025-06-01 06:31:23
320.00,4,2025-06-01 06:31:26
768.00,2,2025-06-01 06:31:27
1984.00,5,2025-06-01 06:31:28
1088.00,4,2025-06-01 06:31:29
1120.00,2,2025-06-01 06:31:30
768.00,4,2025-06-01 06:31:31
1248.00,5,2025-06-01 06:31:33
1120.00,2,2025-06-01 06:31:34
1936.00,1,2025-06-01 06:31:35
1632.00,2,2025-06-01 06:31:36
2048.00,1,2025-06-01 06:31:37
1856.00,2,2025-06-01 06:31:38
512.00,2,2025-06-01 06:31:40
768.00,2,2025-06-01 06:31:42
640.00,1,2025-06-01 06:31:43
1824.00,4,2025-06-01 06:31:44
576.00,4,2025-06-01 06:31:45
320.00,5,2025-06-01 06:31:46
1264.00,5,2025-06-01 06:31:47
448.00,2,2025-06-01 06:31:49
1888.00,4,2025-06-01 06:31:50
1760.00,1,2025-06-01 06:31:52
1136.00,1,2025-06-01 06:31:53
288.00,1,2025-06-01 06:31:58
1248.00,4,2025-06-01 06:31:59
768.00,3,2025-06-01 06:32:00
736.00,2,2025-06-01 06:32:01
768.00,2,2025-06-01 06:32:02
288.00,1,2025-06-01 06:32:03
864.00,3,2025-06-01 06:32:05
496.00,5,2025-06-01 06:32:07
1760.00,3,2025-06-01 06:32:08
672.00,1,2025-06-01 06:32:09
1184.00,5,2025-06-01 06:32:10
1376.00,2,2025-06-01 06:32:11
1024.00,2,2025-06-01 06:32:12
1584.00,2,2025-06-01 06:32:13
832.00,2,2025-06-01 06:32:14
1088.00,4,2025-06-01 06:32:15
544.00,3,2025-06-01 06:32:16
1184.00,1,2025-06-01 06:32:17
576.00,1,2025-06-01 06:32:19
1984.00,1,2025-06-01 06:32:20
1568.00,3,2025-06-01 06:32:21
1472.00,4,2025-06-01 06:32:22
576.00,5,2025-06-01 06:32:23
608.00,3,2025-06-01 06:32:24
576.00,1,2025-06-01 06:32:26
192.00,3,2025-06-01 06:32:29
304.00,5,2025-06-01 06:32:31
256.00,5,2025-06-01 06:32:32
1536.00,1,2025-06-01 06:32:33
576.00,2,2025-06-01 06:32:34
192.00,5,2025-06-01 06:32:35
640.00,1,2025-06-01 06:32:36
1536.00,3,2025-06-01 06:32:37
1152.00,1,2025-06-01 06:32:38
2208.00,2,2025-06-01 06:32:39
544.00,2,2025-06-01 06:32:40
1088.00,2,2025-06-01 06:32:43
800.00,4,2025-06-01 06:32:44
640.00,5,2025-06-01 06:32:45
768.00,3,2025-06-01 06:32:46
512.00,1,2025-06-01 06:32:47
1504.00,5,2025-06-01 06:32:48
768.00,5,2025-06-01 06:32:50
256.00,1,2025-06-01 06:32:51
1184.00,4,2025-06-01 06:32:52
1152.00,1,2025-06-01 06:32:53
320.00,3,2025-06-01 06:32:54
1056.00,5,2025-06-01 06:32:55
1184.00,2,2025-06-01 06:32:56
1632.00,1,2025-06-01 06:32:57
1216.00,5,2025-06-01 06:32:58
1248.00,4,2025-06-01 06:32:59
1360.00,3,2025-06-01 06:33:01
640.00,3,2025-06-01 06:33:02
1920.00,2,2025-06-01 06:33:03
800.00,3,2025-06-01 06:33:04
1216.00,4,2025-06-01 06:33:05
320.00,3,2025-06-01 06:33:06
768.00,4,2025-06-01 06:33:07
848.00,1,2025-06-01 06:33:08
304.00,1,2025-06-01 06:33:09
1216.00,3,2025-06-01 06:33:10
2208.00,2,2025-06-01 06:33:11
1360.00,1,2025-06-01 06:33:12
1568.00,4,2025-06-01 06:33:15
800.00,3,2025-06-01 06:33:16
576.00,3,2025-06-01 06:33:17
896.00,5,2025-06-01 06:33:19
640.00,5,2025-06-01 06:33:20
384.00,1,2025-06-01 06:33:21
864.00,3,2025-06-01 06:33:22
1792.00,4,2025-06-01 06:33:24
1088.00,3,2025-06-01 06:33:25
1152.00,5,2025-06-01 06:33:26
2032.00,4,2025-06-01 06:33:27
1024.00,1,2025-06-01 06:33:29
192.00,2,2025-06-01 06:33:30
1152.00,2,2025-06-01 06:33:31
1088.00,5,2025-06-01 06:33:32
768.00,4,2025-06-01 06:33:33
832.00,3,2025-06-01 06:33:34
864.00,3,2025-06-01 06:33:35
1488.00,1,2025-06-01 06:33:36
928.00,2,2025-06-01 06:33:37
832.00,4,2025-06-01 06:33:38
704.00,2,2025-06-01 06:33:39
1520.00,4,2025-06-01 06:33:40
896.00,5,2025-06-01 06:33:41
1920.00,5,2025-06-01 06:33:42
864.00,5,2025-06-01 06:33:43
880.00,4,2025-06-01 06:33:45
576.00,5,2025-06-01 06:33:47
304.00,4,2025-06-01 06:33:49
304.00,1,2025-06-01 06:33:50
480.00,2,2025-06-01 06:33:51
1248.00,4,2025-06-01 06:33:52
1296.00,1,2025-06-01 06:33:53
1120.00,5,2025-06-01 06:33:54
1120.00,3,2025-06-01 06:33:55
576.00,2,2025-06-01 06:33:56
1280.00,2,2025-06-01 06:33:58
2288.00,3,2025-06-01 06:33:59
672.00,2,2025-06-01 06:34:00
1216.00,4,2025-06-01 06:34:01
1088.00,5,2025-06-01 06:34:03
864.00,4,2025-06-01 06:34:04
256.00,2,2025-06-01 06:34:07
1088.00,5,2025-06-01 06:34:08
1664.00,2,2025-06-01 06:34:10
960.00,4,2025-06-01 06:34:11
960.00,1,2025-06-01 06:34:12
1424.00,3,2025-06-01 06:34:13
864.00,4,2025-06-01 06:34:15
1312.00,3,2025-06-01 06:34:17
768.00,4,2025-06-01 06:34:18
960.00,5,2025-06-01 06:34:19
1696.00,4,2025-06-01 06:34:20
816.00,3,2025-06-01 06:34:21
864.00,3,2025-06-01 06:34:22
512.00,1,2025-06-01 06:34:23
2016.00,1,2025-06-01 06:34:24
1088.00,1,2025-06-01 06:34:25
2144.00,2,2025-06-01 06:34:26
1152.00,3,2025-06-01 06:34:28
1168.00,2,2025-06-01 06:34:29
512.00,2,2025-06-01 06:34:30
576.00,4,2025-06-01 06:34:31
1152.00,4,2025-06-01 06:34:32
800.00,4,2025-06-01 06:34:33
864.00,3,2025-06-01 06:34:34
832.00,3,2025-06-01 06:34:35
1088.00,5,2025-06-01 06:34:36
1152.00,1,2025-06-01 06:34:37
1392.00,2,2025-06-01 06:34:38
576.00,2,2025-06-01 06:34:39
2304.00,1,2025-06-01 06:34:40
1504.00,3,2025-06-01 06:34:41
2144.00,3,2025-06-01 06:34:42
1472.00,1,2025-06-01 06:34:43
256.00,4,2025-06-01 06:34:44
1856.00,4,2025-06-01 06:34:46
1728.00,2,2025-06-01 06:34:48
832.00,1,2025-06-01 06:34:50
2496.00,4,2025-06-01 06:34:51
976.00,4,2025-06-01 06:34:52
288.00,4,2025-06-01 06:34:53
288.00,2,2025-06-01 06:34:54
1632.00,1,2025-06-01 06:34:56
864.00,4,2025-06-01 06:34:57
912.00,4,2025-06-01 06:34:58
832.00,3,2025-06-01 06:34:59
288.00,1,2025-06-01 06:35:01
288.00,1,2025-06-01 06:35:03
2336.00,4,2025-06-01 06:35:04
1024.00,5,2025-06-01 06:35:05
384.00,4,2025-06-01 06:35:06
672.00,5,2025-06-01 06:35:08
1712.00,5,2025-06-01 06:35:09
576.00,1,2025-06-01 06:35:10
896.00,4,2025-06-01 06:35:11
608.00,5,2025-06-01 06:35:12
256.00,2,2025-06-01 06:35:14
768.00,4,2025-06-01 06:35:15
1216.00,2,2025-06-01 06:35:17
1632.00,1,2025-06-01 06:35:18
864.00,5,2025-06-01 06:35:19
1488.00,2,2025-06-01 06:35:20
672.00,3,2025-06-01 06:35:21
1168.00,2,2025-06-01 06:35:22
1248.00,1,2025-06-01 06:35:23
1728.00,4,2025-06-01 06:35:25
1136.00,5,2025-06-01 06:35:26
864.00,1,2025-06-01 06:35:27
736.00,5,2025-06-01 06:35:28
288.00,2,2025-06-01 06:35:29
576.00,5,2025-06-01 06:35:30
576.00,3,2025-06-01 06:35:31
992.00,4,2025-06-01 06:35:32
1440.00,1,2025-06-01 06:35:33
448.00,2,2025-06-01 06:35:34
864.00,4,2025-06-01 06:35:35
1184.00,4,2025-06-01 06:35:36
544.00,1,2025-06-01 06:35:37
864.00,5,2025-06-01 06:35:38
832.00,1,2025-06-01 06:35:40
2016.00,4,2025-06-01 06:35:41
1152.00,2,2025-06-01 06:35:42
672.00,1,2025-06-01 06:35:43
1248.00,1,2025-06-01 06:35:45
224.00,5,2025-06-01 06:35:46
1824.00,2,2025-06-01 06:35:48
1728.00,2,2025-06-01 06:35:49
1568.00,5,2025-06-01 06:35:50
576.00,5,2025-06-01 06:35:51
1504.00,1,2025-06-01 06:35:52
1440.00,2,2025-06-01 06:35:53
672.00,1,2025-06-01 06:35:54
560.00,2,2025-06-01 06:35:55
1440.00,3,2025-06-01 06:35:56
1456.00,4,2025-06-01 06:35:57
960.00,4,2025-06-01 06:35:58
448.00,1,2025-06-01 06:35:59
1072.00,3,2025-06-01 06:36:00
1344.00,4,2025-06-01 06:36:01
800.00,4,2025-06-01 06:36:02
1056.00,3,2025-06-01 06:36:03
2240.00,3,2025-06-01 06:36:04
768.00,4,2025-06-01 06:36:06
768.00,5,2025-06-01 06:36:09
320.00,4,2025-06-01 06:36:10
1024.00,2,2025-06-01 06:36:12
1120.00,2,2025-06-01 06:36:13
912.00,1,2025-06-01 06:36:14
832.00,4,2025-06-01 06:36:15
1280.00,1,2025-06-01 06:36:16
1632.00,2,2025-06-01 06:36:17
976.00,3,2025-06-01 06:36:19
576.00,4,2025-06-01 06:36:20
1344.00,1,2025-06-01 06:36:21
512.00,3,2025-06-01 06:36:22
384.00,2,2025-06-01 06:36:25
1888.00,2,2025-06-01 06:36:26
224.00,3,2025-06-01 06:36:27
256.00,4,2025-06-01 06:36:28
512.00,5,2025-06-01 06:36:29
576.00,2,2025-06-01 06:36:30
1152.00,4,2025-06-01 06:36:31
960.00,3,2025-06-01 06:36:33
1760.00,1,2025-06-01 06:36:34
1424.00,2,2025-06-01 06:36:35
864.00,3,2025-06-01 06:36:36
192.00,2,2025-06-01 06:36:37
672.00,5,2025-06-01 06:36:39
1392.00,1,2025-06-01 06:36:40
1440.00,5,2025-06-01 06:36:41
576.00,2,2025-06-01 06:36:42
288.00,5,2025-06-01 06:36:43
1680.00,3,2025-06-01 06:36:44
512.00,5,2025-06-01 06:36:45
672.00,5,2025-06-01 06:36:46
1312.00,1,2025-06-01 06:36:47
576.00,1,2025-06-01 06:36:48
1248.00,5,2025-06-01 06:36:49
544.00,4,2025-06-01 06:36:50
576.00,3,2025-06-01 06:36:51
2112.00,5,2025-06-01 06:36:52
256.00,5,2025-06-01 06:36:53
1440.00,2,2025-06-01 06:36:54
1760.00,1,2025-06-01 06:36:55
960.00,3,2025-06-01 06:36:56
2016.00,1,2025-06-01 06:36:57
1376.00,3,2025-06-01 06:36:59
864.00,5,2025-06-01 06:37:00
2048.00,2,2025-06-01 06:37:01
736.00,5,2025-06-01 06:37:02
576.00,2,2025-06-01 06:37:03
1392.00,2,2025-06-01 06:37:04
1424.00,5,2025-06-01 06:37:05
1792.00,5,2025-06-01 06:37:06
1472.00,4,2025-06-01 06:37:07
960.00,1,2025-06-01 06:37:08
1760.00,5,2025-06-01 06:37:09
1216.00,2,2025-06-01 06:37:10
1696.00,1,2025-06-01 06:37:11
592.00,3,2025-06-01 06:37:12
576.00,2,2025-06-01 06:37:13
288.00,4,2025-06-01 06:37:14
960.00,1,2025-06-01 06:37:15
512.00,3,2025-06-01 06:37:16
960.00,5,2025-06-01 06:37:17
1824.00,2,2025-06-01 06:37:18
1520.00,5,2025-06-01 06:37:20
960.00,4,2025-06-01 06:37:21
1312.00,4,2025-06-01 06:37:22
1280.00,2,2025-06-01 06:37:23
192.00,4,2025-06-01 06:37:25
1536.00,1,2025-06-01 06:37:26
1472.00,1,2025-06-01 06:37:27
512.00,2,2025-06-01 06:37:28
608.00,4,2025-06-01 06:37:29
768.00,2,2025-06-01 06:37:30
1344.00,4,2025-06-01 06:37:31
1376.00,1,2025-06-01 06:37:32
1088.00,5,2025-06-01 06:37:35
1504.00,5,2025-06-01 06:37:36
512.00,4,2025-06-01 06:37:37
1568.00,2,2025-06-01 06:37:38
2304.00,2,2025-06-01 06:37:39
912.00,2,2025-06-01 06:37:40
1216.00,3,2025-06-01 06:37:41
864.00,5,2025-06-01 06:37:42
576.00,1,2025-06-01 06:37:43
2064.00,2,2025-06-01 06:37:44
1728.00,1,2025-06-01 06:37:45
2144.00,4,2025-06-01 06:37:46
1424.00,1,2025-06-01 06:37:48
1840.00,3,2025-06-01 06:37:49
768.00,5,2025-06-01 06:37:50
1696.00,1,2025-06-01 06:37:51
1728.00,3,2025-06-01 06:37:52
448.00,2,2025-06-01 06:37:53
832.00,5,2025-06-01 06:37:54
736.00,3,2025-06-01 06:37:56
1088.00,4,2025-06-01 06:37:57
1248.00,4,2025-06-01 06:37:58
576.00,4,2025-06-01 06:37:59
1568.00,5,2025-06-01 06:38:01
512.00,4,2025-06-01 06:38:02
1152.00,1,2025-06-01 06:38:04
768.00,1,2025-06-01 06:38:05
304.00,1,2025-06-01 06:38:06
576.00,4,2025-06-01 06:38:07
1376.00,5,2025-06-01 06:38:08
1424.00,2,2025-06-01 06:38:09
1664.00,1,2025-06-01 06:38:11
576.00,4,2025-06-01 06:38:12
2352.00,1,2025-06-01 06:38:13
1760.00,2,2025-06-01 06:38:14
1504.00,3,2025-06-01 06:38:17
1024.00,1,2025-06-01 06:38:18
992.00,4,2025-06-01 06:38:19
2048.00,5,2025-06-01 06:38:20
1152.00,3,2025-06-01 06:38:21
1472.00,2,2025-06-01 06:38:24
576.00,2,2025-06-01 06:38:25
1440.00,2,2025-06-01 06:38:26
288.00,3,2025-06-01 06:38:27
1840.00,4,2025-06-01 06:38:28
256.00,4,2025-06-01 06:38:29
1216.00,5,2025-06-01 06:38:30
1952.00,1,2025-06-01 06:38:33
1056.00,5,2025-06-01 06:38:35
1216.00,2,2025-06-01 06:38:36
816.00,5,2025-06-01 06:38:38
224.00,5,2025-06-01 06:38:40
384.00,2,2025-06-01 06:38:43
608.00,1,2025-06-01 06:38:44
1760.00,1,2025-06-01 06:38:45
256.00,2,2025-06-01 06:38:46
1760.00,5,2025-06-01 06:38:47
512.00,4,2025-06-01 06:38:48
960.00,1,2025-06-01 06:38:49
816.00,2,2025-06-01 06:38:50
576.00,1,2025-06-01 06:38:51
640.00,5,2025-06-01 06:38:52
1200.00,5,2025-06-01 06:38:53
832.00,3,2025-06-01 06:38:54
288.00,1,2025-06-01 06:38:55
640.00,5,2025-06-01 06:38:57
1664.00,4,2025-06-01 06:38:58
1344.00,3,2025-06-01 06:38:59
992.00,4,2025-06-01 06:39:01
1536.00,4,2025-06-01 06:39:02
256.00,4,2025-06-01 06:39:04
1632.00,4,2025-06-01 06:39:05
576.00,5,2025-06-01 06:39:06
2592.00,2,2025-06-01 06:39:07
1664.00,1,2025-06-01 06:39:08
1504.00,2,2025-06-01 06:39:09
1280.00,1,2025-06-01 06:39:10
640.00,2,2025-06-01 06:39:12
224.00,2,2025-06-01 06:39:13
864.00,4,2025-06-01 06:39:14
576.00,1,2025-06-01 06:39:15
192.00,3,2025-06-01 06:39:16
1984.00,4,2025-06-01 06:39:17
2112.00,1,2025-06-01 06:39:18
1152.00,1,2025-06-01 06:39:19
1408.00,5,2025-06-01 06:39:20
1280.00,1,2025-06-01 06:39:21
224.00,4,2025-06-01 06:39:22
2240.00,2,2025-06-01 06:39:23
512.00,5,2025-06-01 06:39:24
576.00,2,2025-06-01 06:39:25
2288.00,4,2025-06-01 06:39:27
320.00,2,2025-06-01 06:39:28
800.00,3,2025-06-01 06:39:30
896.00,4,2025-06-01 06:39:31
256.00,2,2025-06-01 06:39:32
1696.00,3,2025-06-01 06:39:33
608.00,3,2025-06-01 06:39:34
2432.00,3,2025-06-01 06:39:35
1440.00,1,2025-06-01 06:39:36
1184.00,5,2025-06-01 06:39:38
1600.00,5,2025-06-01 06:39:39
1776.00,3,2025-06-01 06:39:40
1312.00,1,2025-06-01 06:39:41
1632.00,5,2025-06-01 06:39:43
1664.00,4,2025-06-01 06:39:44
1184.00,1,2025-06-01 06:39:45
448.00,3,2025-06-01 06:39:46
912.00,2,2025-06-01 06:39:47
1536.00,4,2025-06-01 06:39:48
1568.00,3,2025-06-01 06:39:49
640.00,3,2025-06-01 06:39:50
192.00,1,2025-06-01 06:39:51
192.00,2,2025-06-01 06:39:52
2304.00,5,2025-06-01 06:39:53
896.00,3,2025-06-01 06:39:54
1312.00,1,2025-06-01 06:39:55
1568.00,3,2025-06-01 06:39:56
1376.00,5,2025-06-01 06:39:57
1312.00,1,2025-06-01 06:39:58
1920.00,1,2025-06-01 06:39:59
672.00,5,2025-06-01 06:40:00
1056.00,2,2025-06-01 06:40:01
768.00,1,2025-06-01 06:40:02
384.00,5,2025-06-01 06:40:03
2112.00,1,2025-06-01 06:40:04
192.00,4,2025-06-01 06:40:05
1664.00,2,2025-06-01 06:40:06
1680.00,1,2025-06-01 06:40:07
1520.00,1,2025-06-01 06:40:08
1152.00,3,2025-06-01 06:40:09
576.00,1,2025-06-01 06:40:10
864.00,4,2025-06-01 06:40:11
768.00,3,2025-06-01 06:40:12
576.00,4,2025-06-01 06:40:13
1216.00,5,2025-06-01 06:40:14
1344.00,3,2025-06-01 06:40:15
576.00,1,2025-06-01 06:40:16
512.00,2,2025-06-01 06:40:17
2176.00,5,2025-06-01 06:40:18
1440.00,2,2025-06-01 06:40:19
960.00,4,2025-06-01 06:40:20
1824.00,1,2025-06-01 06:40:21
1216.00,4,2025-06-01 06:40:22
928.00,1,2025-06-01 06:40:23
1216.00,3,2025-06-01 06:40:24
384.00,1,2025-06-01 06:40:26
2016.00,1,2025-06-01 06:40:27
928.00,1,2025-06-01 06:40:28
736.00,1,2025-06-01 06:40:29
832.00,5,2025-06-01 06:40:30
1728.00,5,2025-06-01 06:40:31
256.00,3,2025-06-01 06:40:33
1024.00,1,2025-06-01 06:40:34
768.00,1,2025-06-01 06:40:36
768.00,2,2025-06-01 06:40:37
304.00,2,2025-06-01 06:40:38
512.00,3,2025-06-01 06:40:39
576.00,4,2025-06-01 06:40:40
1840.00,3,2025-06-01 06:40:41
1344.00,4,2025-06-01 06:40:43
1536.00,1,2025-06-01 06:40:44
928.00,5,2025-06-01 06:40:45
2176.00,4,2025-06-01 06:40:46
1840.00,1,2025-06-01 06:40:47
1312.00,5,2025-06-01 06:40:48
864.00,3,2025-06-01 06:40:49
880.00,2,2025-06-01 06:40:50
640.00,2,2025-06-01 06:40:52
960.00,2,2025-06-01 06:40:53
992.00,5,2025-06-01 06:40:54
1088.00,4,2025-06-01 06:40:55
1504.00,1,2025-06-01 06:40:56
864.00,4,2025-06-01 06:40:57
1632.00,2,2025-06-01 06:40:58
1840.00,4,2025-06-01 06:41:00
1760.00,4,2025-06-01 06:41:01
288.00,5,2025-06-01 06:41:02
960.00,3,2025-06-01 06:41:03
768.00,3,2025-06-01 06:41:04
192.00,3,2025-06-01 06:41:05
512.00,5,2025-06-01 06:41:06
1680.00,1,2025-06-01 06:41:07
768.00,1,2025-06-01 06:41:09
512.00,3,2025-06-01 06:41:10
896.00,2,2025-06-01 06:41:11
512.00,5,2025-06-01 06:41:13
512.00,3,2025-06-01 06:41:17
880.00,2,2025-06-01 06:41:18
768.00,4,2025-06-01 06:41:19
288.00,1,2025-06-01 06:41:20
1440.00,1,2025-06-01 06:41:21
2400.00,3,2025-06-01 06:41:22
672.00,1,2025-06-01 06:41:24
832.00,1,2025-06-01 06:41:25
672.00,1,2025-06-01 06:41:27
288.00,2,2025-06-01 06:41:28
1072.00,2,2025-06-01 06:41:29
1440.00,2,2025-06-01 06:41:32
1776.00,1,2025-06-01 06:41:33
736.00,4,2025-06-01 06:41:34
1536.00,3,2025-06-01 06:41:35
1984.00,1,2025-06-01 06:41:37
288.00,2,2025-06-01 06:41:38
672.00,3,2025-06-01 06:41:39
384.00,2,2025-06-01 06:41:40
512.00,1,2025-06-01 06:41:41
768.00,5,2025-06-01 06:41:42
832.00,3,2025-06-01 06:41:44
896.00,4,2025-06-01 06:41:45
1792.00,5,2025-06-01 06:41:46
1568.00,4,2025-06-01 06:41:48
2544.00,4,2025-06-01 06:41:49
576.00,2,2025-06-01 06:41:50
864.00,5,2025-06-01 06:41:51
832.00,3,2025-06-01 06:41:52
1472.00,1,2025-06-01 06:41:53
1536.00,2,2025-06-01 06:41:54
896.00,4,2025-06-01 06:41:57
1376.00,5,2025-06-01 06:41:59
608.00,2,2025-06-01 06:42:00
992.00,1,2025-06-01 06:42:01
1888.00,3,2025-06-01 06:42:02
1952.00,2,2025-06-01 06:42:03
832.00,4,2025-06-01 06:42:04
864.00,5,2025-06-01 06:42:05
1632.00,1,2025-06-01 06:42:07
1664.00,3,2025-06-01 06:42:08
1024.00,5,2025-06-01 06:42:09
1888.00,1,2025-06-01 06:42:10
864.00,3,2025-06-01 06:42:11
480.00,1,2025-06-01 06:42:12
2016.00,3,2025-06-01 06:42:13
576.00,2,2025-06-01 06:42:14
1888.00,2,2025-06-01 06:42:15
384.00,3,2025-06-01 06:42:16
960.00,3,2025-06-01 06:42:18
864.00,1,2025-06-01 06:42:19
1376.00,2,2025-06-01 06:42:22
1504.00,5,2025-06-01 06:42:23
960.00,3,2025-06-01 06:42:24
864.00,4,2025-06-01 06:42:25
1184.00,2,2025-06-01 06:42:26
1024.00,3,2025-06-01 06:42:27
912.00,5,2025-06-01 06:42:29
960.00,4,2025-06-01 06:42:30
192.00,3,2025-06-01 06:42:32
768.00,3,2025-06-01 06:42:33
1024.00,2,2025-06-01 06:42:34
608.00,1,2025-06-01 06:42:35
1584.00,3,2025-06-01 06:42:37
1920.00,1,2025-06-01 06:42:38
896.00,2,2025-06-01 06:42:42
2112.00,2,2025-06-01 06:42:43
1152.00,2,2025-06-01 06:42:44
1568.00,3,2025-06-01 06:42:45
1280.00,5,2025-06-01 06:42:46
2048.00,4,2025-06-01 06:42:47
1824.00,4,2025-06-01 06:42:48
1280.00,2,2025-06-01 06:42:49
1024.00,4,2025-06-01 06:42:51
1088.00,4,2025-06-01 06:42:53
768.00,4,2025-06-01 06:42:54
384.00,2,2025-06-01 06:42:55
1472.00,2,2025-06-01 06:42:56
960.00,1,2025-06-01 06:42:57
2160.00,4,2025-06-01 06:42:58
1408.00,5,2025-06-01 06:42:59
544.00,2,2025-06-01 06:43:00
1088.00,5,2025-06-01 06:43:01
1328.00,2,2025-06-01 06:43:02
1472.00,2,2025-06-01 06:43:04
1920.00,4,2025-06-01 06:43:05
2048.00,1,2025-06-01 06:43:06
768.00,1,2025-06-01 06:43:07
1088.00,2,2025-06-01 06:43:08
800.00,2,2025-06-01 06:43:09
960.00,1,2025-06-01 06:43:11
304.00,5,2025-06-01 06:43:12
256.00,2,2025-06-01 06:43:13
1632.00,1,2025-06-01 06:43:14
848.00,2,2025-06-01 06:43:15
752.00,1,2025-06-01 06:43:17
704.00,2,2025-06-01 06:43:19
512.00,4,2025-06-01 06:43:20
960.00,2,2025-06-01 06:43:21
608.00,1,2025-06-01 06:43:23
672.00,3,2025-06-01 06:43:24
1344.00,4,2025-06-01 06:43:26
288.00,5,2025-06-01 06:43:27
608.00,3,2025-06-01 06:43:28
576.00,1,2025-06-01 06:43:29
1776.00,2,2025-06-01 06:43:30
288.00,1,2025-06-01 06:43:31
2336.00,2,2025-06-01 06:43:32
384.00,2,2025-06-01 06:43:34
1056.00,5,2025-06-01 06:43:35
960.00,3,2025-06-01 06:43:37
576.00,4,2025-06-01 06:43:38
256.00,5,2025-06-01 06:43:39
1728.00,5,2025-06-01 06:43:42
1376.00,1,2025-06-01 06:43:43
944.00,5,2025-06-01 06:43:44
1216.00,2,2025-06-01 06:43:46
1376.00,5,2025-06-01 06:43:47
1344.00,1,2025-06-01 06:43:48
896.00,5,2025-06-01 06:43:49
288.00,1,2025-06-01 06:43:50
288.00,1,2025-06-01 06:43:51
1952.00,5,2025-06-01 06:43:52
512.00,5,2025-06-01 06:43:53
1728.00,3,2025-06-01 06:43:54
1856.00,2,2025-06-01 06:43:55
768.00,2,2025-06-01 06:43:56
1712.00,1,2025-06-01 06:43:57
1488.00,5,2025-06-01 06:43:58
1424.00,2,2025-06-01 06:43:59
1632.00,4,2025-06-01 06:44:00
1824.00,5,2025-06-01 06:44:01
1184.00,4,2025-06-01 06:44:02
672.00,2,2025-06-01 06:44:06
224.00,2,2025-06-01 06:44:07
1440.00,2,2025-06-01 06:44:08
1056.00,4,2025-06-01 06:44:09
928.00,3,2025-06-01 06:44:10
576.00,5,2025-06-01 06:44:11
192.00,4,2025-06-01 06:44:12
1392.00,1,2025-06-01 06:44:13
1600.00,3,2025-06-01 06:44:15
1856.00,5,2025-06-01 06:44:16
512.00,1,2025-06-01 06:44:17
912.00,3,2025-06-01 06:44:18
1760.00,1,2025-06-01 06:44:19
976.00,1,2025-06-01 06:44:20
2000.00,1,2025-06-01 06:44:21
256.00,5,2025-06-01 06:44:23
2240.00,1,2025-06-01 06:44:24
1152.00,4,2025-06-01 06:44:25
1088.00,4,2025-06-01 06:44:27
576.00,4,2025-06-01 06:44:29
2336.00,2,2025-06-01 06:44:31
944.00,2,2025-06-01 06:44:32
320.00,1,2025-06-01 06:44:33
304.00,1,2025-06-01 06:44:36
1088.00,5,2025-06-01 06:44:37
864.00,5,2025-06-01 06:44:38
1072.00,2,2025-06-01 06:44:39
1680.00,1,2025-06-01 06:44:40
1376.00,2,2025-06-01 06:44:41
736.00,1,2025-06-01 06:44:42
960.00,3,2025-06-01 06:44:46
544.00,4,2025-06-01 06:44:47
1424.00,1,2025-06-01 06:44:48
1792.00,5,2025-06-01 06:44:49
1792.00,5,2025-06-01 06:44:52
1024.00,5,2025-06-01 06:44:53
2000.00,5,2025-06-01 06:44:54
256.00,4,2025-06-01 06:44:55
896.00,1,2025-06-01 06:44:56
1728.00,4,2025-06-01 06:44:57
1488.00,2,2025-06-01 06:44:58
864.00,1,2025-06-01 06:44:59
640.00,1,2025-06-01 06:45:00
2016.00,3,2025-06-01 06:45:01
1216.00,3,2025-06-01 06:45:02
288.00,4,2025-06-01 06:45:03
2144.00,4,2025-06-01 06:45:04
736.00,3,2025-06-01 06:45:05
288.00,1,2025-06-01 06:45:06
864.00,3,2025-06-01 06:45:07
1472.00,4,2025-06-01 06:45:08
640.00,3,2025-06-01 06:45:09
1600.00,4,2025-06-01 06:45:10
192.00,1,2025-06-01 06:45:11
1856.00,1,2025-06-01 06:45:13
800.00,4,2025-06-01 06:45:15
1504.00,4,2025-06-01 06:45:17
1296.00,4,2025-06-01 06:45:18
1632.00,1,2025-06-01 06:45:19
1024.00,4,2025-06-01 06:45:20
1088.00,5,2025-06-01 06:45:21
1312.00,3,2025-06-01 06:45:22
1872.00,2,2025-06-01 06:45:23
1696.00,4,2025-06-01 06:45:24
1120.00,1,2025-06-01 06:45:25
512.00,2,2025-06-01 06:45:26
448.00,4,2025-06-01 06:45:27
256.00,3,2025-06-01 06:45:28
1216.00,1,2025-06-01 06:45:29
896.00,1,2025-06-01 06:45:30
960.00,2,2025-06-01 06:45:31
304.00,2,2025-06-01 06:45:34
224.00,5,2025-06-01 06:45:37
1200.00,1,2025-06-01 06:45:38
1632.00,3,2025-06-01 06:45:41
1520.00,3,2025-06-01 06:45:42
768.00,1,2025-06-01 06:45:45
2592.00,1,2025-06-01 06:45:46
1184.00,3,2025-06-01 06:45:47
224.00,5,2025-06-01 06:45:49
1600.00,2,2025-06-01 06:45:50
976.00,4,2025-06-01 06:45:51
1728.00,5,2025-06-01 06:45:52
768.00,2,2025-06-01 06:45:53
1552.00,2,2025-06-01 06:45:54
1488.00,1,2025-06-01 06:45:56
912.00,5,2025-06-01 06:45:57
1792.00,3,2025-06-01 06:45:58
1120.00,1,2025-06-01 06:45:59
256.00,3,2025-06-01 06:46:00
896.00,2,2025-06-01 06:46:01
304.00,5,2025-06-01 06:46:02
384.00,3,2025-06-01 06:46:03
912.00,4,2025-06-01 06:46:04
1632.00,2,2025-06-01 06:46:05
672.00,4,2025-06-01 06:46:06
1088.00,5,2025-06-01 06:46:08
1696.00,5,2025-06-01 06:46:09
672.00,5,2025-06-01 06:46:10
688.00,5,2025-06-01 06:46:11
944.00,5,2025-06-01 06:46:12
2016.00,1,2025-06-01 06:46:13
304.00,2,2025-06-01 06:46:14
1136.00,5,2025-06-01 06:46:15
1408.00,5,2025-06-01 06:46:16
304.00,5,2025-06-01 06:46:17
512.00,2,2025-06-01 06:46:18
1216.00,5,2025-06-01 06:46:19
1312.00,3,2025-06-01 06:46:20
1984.00,3,2025-06-01 06:46:21
1024.00,1,2025-06-01 06:46:22
1536.00,5,2025-06-01 06:46:23
592.00,2,2025-06-01 06:46:24
1536.00,2,2025-06-01 06:46:25
1728.00,3,2025-06-01 06:46:26
256.00,2,2025-06-01 06:46:27
1056.00,2,2025-06-01 06:46:28
832.00,5,2025-06-01 06:46:29
1504.00,2,2025-06-01 06:46:30
1216.00,2,2025-06-01 06:46:32
1632.00,5,2025-06-01 06:46:33
1424.00,4,2025-06-01 06:46:34
1264.00,4,2025-06-01 06:46:35
608.00,4,2025-06-01 06:46:36
1152.00,1,2025-06-01 06:46:37
992.00,4,2025-06-01 06:46:40
1344.00,5,2025-06-01 06:46:41
448.00,2,2025-06-01 06:46:42
768.00,2,2025-06-01 06:46:43
1312.00,5,2025-06-01 06:46:44
2048.00,2,2025-06-01 06:46:45
768.00,2,2025-06-01 06:46:46
576.00,5,2025-06-01 06:46:47
608.00,5,2025-06-01 06:46:48
864.00,3,2025-06-01 06:46:49
640.00,3,2025-06-01 06:46:50
1056.00,3,2025-06-01 06:46:51
768.00,4,2025-06-01 06:46:52
960.00,4,2025-06-01 06:46:54
512.00,4,2025-06-01 06:46:55
1088.00,4,2025-06-01 06:46:57
1504.00,5,2025-06-01 06:46:58
944.00,1,2025-06-01 06:46:59
1088.00,4,2025-06-01 06:47:00
512.00,4,2025-06-01 06:47:01
1536.00,3,2025-06-01 06:47:03
512.00,5,2025-06-01 06:47:04
864.00,5,2025-06-01 06:47:05
816.00,2,2025-06-01 06:47:06
768.00,3,2025-06-01 06:47:07
192.00,1,2025-06-01 06:47:08
2144.00,2,2025-06-01 06:47:09
288.00,1,2025-06-01 06:47:10
1248.00,1,2025-06-01 06:47:11
1984.00,3,2025-06-01 06:47:12
512.00,4,2025-06-01 06:47:13
1568.00,3,2025-06-01 06:47:14
1824.00,1,2025-06-01 06:47:15
576.00,5,2025-06-01 06:47:16
832.00,3,2025-06-01 06:47:17
1024.00,1,2025-06-01 06:47:18
1248.00,2,2025-06-01 06:47:19
448.00,1,2025-06-01 06:47:20
1472.00,4,2025-06-01 06:47:21
896.00,2,2025-06-01 06:47:22
960.00,2,2025-06-01 06:47:23
512.00,3,2025-06-01 06:47:24
1520.00,1,2025-06-01 06:47:27
1456.00,4,2025-06-01 06:47:28
1760.00,3,2025-06-01 06:47:29
1984.00,3,2025-06-01 06:47:30
1632.00,1,2025-06-01 06:47:31
1936.00,4,2025-06-01 06:47:32
1120.00,3,2025-06-01 06:47:34
960.00,1,2025-06-01 06:47:35
1792.00,1,2025-06-01 06:47:36
896.00,5,2025-06-01 06:47:37
1408.00,2,2025-06-01 06:47:38
1120.00,3,2025-06-01 06:47:39
960.00,1,2025-06-01 06:47:40
1568.00,3,2025-06-01 06:47:41
224.00,3,2025-06-01 06:47:42
832.00,5,2025-06-01 06:47:44
1984.00,1,2025-06-01 06:47:45
864.00,3,2025-06-01 06:47:46
224.00,2,2025-06-01 06:47:47
704.00,1,2025-06-01 06:47:48
1296.00,5,2025-06-01 06:47:49
1312.00,1,2025-06-01 06:47:50
640.00,1,2025-06-01 06:47:51
224.00,5,2025-06-01 06:47:52
992.00,5,2025-06-01 06:47:53
720.00,2,2025-06-01 06:47:54
224.00,5,2025-06-01 06:47:55
560.00,1,2025-06-01 06:47:56
864.00,5,2025-06-01 06:47:58
1360.00,4,2025-06-01 06:48:00
1984.00,3,2025-06-01 06:48:01
1824.00,1,2025-06-01 06:48:02
576.00,5,2025-06-01 06:48:03
1248.00,5,2025-06-01 06:48:04
1024.00,5,2025-06-01 06:48:05
224.00,3,2025-06-01 06:48:06
912.00,5,2025-06-01 06:48:07
928.00,1,2025-06-01 06:48:09
912.00,4,2025-06-01 06:48:10
288.00,3,2025-06-01 06:48:11
1920.00,1,2025-06-01 06:48:12
2304.00,3,2025-06-01 06:48:13
1280.00,4,2025-06-01 06:48:14
912.00,1,2025-06-01 06:48:16
256.00,5,2025-06-01 06:48:18
512.00,1,2025-06-01 06:48:19
1088.00,3,2025-06-01 06:48:21
672.00,5,2025-06-01 06:48:22
544.00,4,2025-06-01 06:48:23
1456.00,3,2025-06-01 06:48:25
1072.00,4,2025-06-01 06:48:26
1072.00,3,2025-06-01 06:48:27
1152.00,5,2025-06-01 06:48:28
2112.00,5,2025-06-01 06:48:29
768.00,1,2025-06-01 06:48:30
1696.00,3,2025-06-01 06:48:31
768.00,1,2025-06-01 06:48:32
224.00,1,2025-06-01 06:48:33
608.00,5,2025-06-01 06:48:35
1248.00,2,2025-06-01 06:48:36
1504.00,2,2025-06-01 06:48:37
1472.00,2,2025-06-01 06:48:38
912.00,5,2025-06-01 06:48:39
1248.00,5,2025-06-01 06:48:42
1216.00,5,2025-06-01 06:48:43
832.00,3,2025-06-01 06:48:45
1152.00,3,2025-06-01 06:48:48
1408.00,5,2025-06-01 06:48:49
576.00,4,2025-06-01 06:48:51
640.00,3,2025-06-01 06:48:52
960.00,4,2025-06-01 06:48:53
960.00,2,2025-06-01 06:48:57
976.00,2,2025-06-01 06:48:58
192.00,4,2025-06-01 06:48:59
1184.00,4,2025-06-01 06:49:00
1104.00,1,2025-06-01 06:49:01
544.00,2,2025-06-01 06:49:02
1600.00,5,2025-06-01 06:49:03
1696.00,2,2025-06-01 06:49:04
256.00,4,2025-06-01 06:49:05
1056.00,5,2025-06-01 06:49:06
1472.00,1,2025-06-01 06:49:07
704.00,1,2025-06-01 06:49:08
384.00,4,2025-06-01 06:49:09
320.00,3,2025-06-01 06:49:10
1504.00,1,2025-06-01 06:49:11
832.00,3,2025-06-01 06:49:12
928.00,3,2025-06-01 06:49:13
288.00,5,2025-06-01 06:49:14
1408.00,1,2025-06-01 06:49:15
912.00,2,2025-06-01 06:49:16
608.00,2,2025-06-01 06:49:17
672.00,3,2025-06-01 06:49:18
1152.00,3,2025-06-01 06:49:19
1344.00,2,2025-06-01 06:49:20
2224.00,2,2025-06-01 06:49:21
992.00,2,2025-06-01 06:49:23
544.00,4,2025-06-01 06:49:24
1152.00,1,2025-06-01 06:49:25
1184.00,1,2025-06-01 06:49:26
1536.00,5,2025-06-01 06:49:27
512.00,5,2025-06-01 06:49:29
912.00,3,2025-06-01 06:49:32
1600.00,3,2025-06-01 06:49:33
960.00,1,2025-06-01 06:49:34
1344.00,5,2025-06-01 06:49:37
1280.00,2,2025-06-01 06:49:40
912.00,5,2025-06-01 06:49:42
1440.00,1,2025-06-01 06:49:43
1984.00,3,2025-06-01 06:49:44
1632.00,2,2025-06-01 06:49:45
1184.00,3,2025-06-01 06:49:46
2048.00,3,2025-06-01 06:49:47
1152.00,2,2025-06-01 06:49:48
1968.00,1,2025-06-01 06:49:49
768.00,5,2025-06-01 06:49:51
576.00,3,2025-06-01 06:49:52
864.00,3,2025-06-01 06:49:53
640.00,2,2025-06-01 06:49:55
544.00,5,2025-06-01 06:49:56
1264.00,4,2025-06-01 06:49:57
1088.00,3,2025-06-01 06:49:58
2080.00,1,2025-06-01 06:50:00
1184.00,1,2025-06-01 06:50:01
1856.00,2,2025-06-01 06:50:02
1888.00,2,2025-06-01 06:50:03
608.00,2,2025-06-01 06:50:06
1056.00,3,2025-06-01 06:50:07
576.00,3,2025-06-01 06:50:08
1280.00,3,2025-06-01 06:50:09
288.00,1,2025-06-01 06:50:10
1312.00,1,2025-06-01 06:50:11
2064.00,5,2025-06-01 06:50:12
192.00,5,2025-06-01 06:50:13
864.00,2,2025-06-01 06:50:14
1424.00,5,2025-06-01 06:50:15
1184.00,2,2025-06-01 06:50:17
1888.00,3,2025-06-01 06:50:20
1184.00,4,2025-06-01 06:50:21
1728.00,4,2025-06-01 06:50:23
1136.00,5,2025-06-01 06:50:24
1984.00,2,2025-06-01 06:50:26
1056.00,2,2025-06-01 06:50:27
960.00,5,2025-06-01 06:50:28
304.00,1,2025-06-01 06:50:29
256.00,2,2025-06-01 06:50:30
512.00,2,2025-06-01 06:50:31
2304.00,3,2025-06-01 06:50:32
1824.00,2,2025-06-01 06:50:33
1072.00,2,2025-06-01 06:50:34
2256.00,4,2025-06-01 06:50:35
2304.00,3,2025-06-01 06:50:36
1776.00,3,2025-06-01 06:50:37
448.00,5,2025-06-01 06:50:38
1184.00,5,2025-06-01 06:50:40
1536.00,2,2025-06-01 06:50:42
1424.00,5,2025-06-01 06:50:43
256.00,3,2025-06-01 06:50:44
1216.00,2,2025-06-01 06:50:45
1264.00,2,2025-06-01 06:50:46
2304.00,4,2025-06-01 06:50:47
1472.00,4,2025-06-01 06:50:49
672.00,3,2025-06-01 06:50:50
1472.00,5,2025-06-01 06:50:51
736.00,1,2025-06-01 06:50:52
512.00,4,2025-06-01 06:50:53
1344.00,4,2025-06-01 06:50:54
576.00,2,2025-06-01 06:50:55
1568.00,4,2025-06-01 06:50:56
1728.00,4,2025-06-01 06:50:58
1216.00,4,2025-06-01 06:50:59
576.00,4,2025-06-01 06:51:01
2240.00,1,2025-06-01 06:51:02
1376.00,4,2025-06-01 06:51:03
960.00,2,2025-06-01 06:51:04
2208.00,3,2025-06-01 06:51:05
1216.00,2,2025-06-01 06:51:06
608.00,4,2025-06-01 06:51:07
576.00,4,2025-06-01 06:51:08
1872.00,3,2025-06-01 06:51:10
1872.00,1,2025-06-01 06:51:11
704.00,2,2025-06-01 06:51:12
2128.00,1,2025-06-01 06:51:13
448.00,3,2025-06-01 06:51:14
192.00,1,2025-06-01 06:51:15
768.00,4,2025-06-01 06:51:18
960.00,3,2025-06-01 06:51:20
896.00,5,2025-06-01 06:51:21
1696.00,4,2025-06-01 06:51:22
1376.00,4,2025-06-01 06:51:23
1632.00,3,2025-06-01 06:51:24
960.00,5,2025-06-01 06:51:25
224.00,2,2025-06-01 06:51:27
944.00,3,2025-06-01 06:51:28
448.00,1,2025-06-01 06:51:29
768.00,2,2025-06-01 06:51:30
1024.00,2,2025-06-01 06:51:32
768.00,2,2025-06-01 06:51:33
1696.00,5,2025-06-01 06:51:34
608.00,5,2025-06-01 06:51:35
640.00,4,2025-06-01 06:51:36
960.00,4,2025-06-01 06:51:37
608.00,1,2025-06-01 06:51:38
1056.00,1,2025-06-01 06:51:39
1472.00,1,2025-06-01 06:51:40
1248.00,4,2025-06-01 06:51:41
512.00,3,2025-06-01 06:51:42
768.00,3,2025-06-01 06:51:43
864.00,5,2025-06-01 06:51:45
512.00,4,2025-06-01 06:51:46
1408.00,5,2025-06-01 06:51:47
1440.00,4,2025-06-01 06:51:48
384.00,4,2025-06-01 06:51:49
1216.00,5,2025-06-01 06:51:50
224.00,3,2025-06-01 06:51:51
672.00,5,2025-06-01 06:51:52
2000.00,4,2025-06-01 06:51:54
224.00,5,2025-06-01 06:51:55
640.00,3,2025-06-01 06:51:56
1088.00,2,2025-06-01 06:51:58
512.00,4,2025-06-01 06:51:59
704.00,3,2025-06-01 06:52:00
864.00,4,2025-06-01 06:52:02
800.00,1,2025-06-01 06:52:04
672.00,4,2025-06-01 06:52:06
1344.00,1,2025-06-01 06:52:07
1184.00,1,2025-06-01 06:52:08
736.00,2,2025-06-01 06:52:09
864.00,2,2025-06-01 06:52:10
256.00,2,2025-06-01 06:52:11
512.00,3,2025-06-01 06:52:13
1680.00,1,2025-06-01 06:52:14
1312.00,5,2025-06-01 06:52:15
1776.00,1,2025-06-01 06:52:16
1152.00,2,2025-06-01 06:52:17
1088.00,4,2025-06-01 06:52:18
1216.00,1,2025-06-01 06:52:19
2016.00,2,2025-06-01 06:52:20
256.00,4,2025-06-01 06:52:21
2288.00,1,2025-06-01 06:52:22
640.00,1,2025-06-01 06:52:23
1088.00,2,2025-06-01 06:52:26
416.00,4,2025-06-01 06:52:27
768.00,3,2025-06-01 06:52:29
1200.00,2,2025-06-01 06:52:30
512.00,5,2025-06-01 06:52:31
288.00,1,2025-06-01 06:52:32
2112.00,5,2025-06-01 06:52:33
2592.00,5,2025-06-01 06:52:34
1216.00,1,2025-06-01 06:52:35
1888.00,2,2025-06-01 06:52:36
1344.00,1,2025-06-01 06:52:37
912.00,1,2025-06-01 06:52:39
1680.00,3,2025-06-01 06:52:40
1312.00,2,2025-06-01 06:52:41
288.00,1,2025-06-01 06:52:43
320.00,3,2025-06-01 06:52:45
864.00,5,2025-06-01 06:52:47
1408.00,3,2025-06-01 06:52:48
2080.00,2,2025-06-01 06:52:49
1152.00,3,2025-06-01 06:52:50
1344.00,3,2025-06-01 06:52:51
1632.00,5,2025-06-01 06:52:52
256.00,2,2025-06-01 06:52:54
608.00,5,2025-06-01 06:52:55
768.00,3,2025-06-01 06:52:56
512.00,3,2025-06-01 06:52:57
1344.00,5,2025-06-01 06:52:59
448.00,2,2025-06-01 06:53:00
496.00,2,2025-06-01 06:53:02
592.00,2,2025-06-01 06:53:03
1536.00,5,2025-06-01 06:53:05
1184.00,2,2025-06-01 06:53:06
864.00,5,2025-06-01 06:53:07
576.00,2,2025-06-01 06:53:09
448.00,3,2025-06-01 06:53:10
1040.00,2,2025-06-01 06:53:11
768.00,3,2025-06-01 06:53:12
928.00,4,2025-06-01 06:53:15
1072.00,3,2025-06-01 06:53:16
896.00,2,2025-06-01 06:53:17
576.00,1,2025-06-01 06:53:18
992.00,1,2025-06-01 06:53:19
864.00,1,2025-06-01 06:53:20
768.00,2,2025-06-01 06:53:21
880.00,5,2025-06-01 06:53:22
1280.00,4,2025-06-01 06:53:23
1600.00,4,2025-06-01 06:53:24
1184.00,1,2025-06-01 06:53:25
960.00,4,2025-06-01 06:53:26
2176.00,4,2025-06-01 06:53:27
576.00,1,2025-06-01 06:53:28
1936.00,5,2025-06-01 06:53:30
1568.00,5,2025-06-01 06:53:31
1184.00,2,2025-06-01 06:53:32
2016.00,5,2025-06-01 06:53:33
960.00,4,2025-06-01 06:53:34
512.00,5,2025-06-01 06:53:35
1152.00,3,2025-06-01 06:53:36
608.00,4,2025-06-01 06:53:37
1664.00,4,2025-06-01 06:53:38
912.00,3,2025-06-01 06:53:39
1216.00,2,2025-06-01 06:53:40
1920.00,3,2025-06-01 06:53:41
1280.00,1,2025-06-01 06:53:42
1856.00,4,2025-06-01 06:53:43
1344.00,2,2025-06-01 06:53:44
1888.00,3,2025-06-01 06:53:45
256.00,2,2025-06-01 06:53:46
832.00,5,2025-06-01 06:53:47
1200.00,1,2025-06-01 06:53:48
304.00,2,2025-06-01 06:53:50
1488.00,2,2025-06-01 06:53:51
1216.00,5,2025-06-01 06:53:52
912.00,3,2025-06-01 06:53:53
1472.00,1,2025-06-01 06:53:55
1184.00,5,2025-06-01 06:53:56
1888.00,2,2025-06-01 06:53:58
864.00,2,2025-06-01 06:54:00
1408.00,3,2025-06-01 06:54:01
864.00,4,2025-06-01 06:54:02
1280.00,1,2025-06-01 06:54:03
576.00,2,2025-06-01 06:54:04
864.00,5,2025-06-01 06:54:06
1440.00,5,2025-06-01 06:54:08
1680.00,2,2025-06-01 06:54:09
1632.00,1,2025-06-01 06:54:10
1440.00,2,2025-06-01 06:54:11
1408.00,1,2025-06-01 06:54:14
1120.00,5,2025-06-01 06:54:15
1520.00,2,2025-06-01 06:54:16
1552.00,5,2025-06-01 06:54:17
480.00,4,2025-06-01 06:54:18
1920.00,4,2025-06-01 06:54:19
896.00,4,2025-06-01 06:54:21
1280.00,2,2025-06-01 06:54:23
960.00,3,2025-06-01 06:54:24
1600.00,5,2025-06-01 06:54:26
480.00,1,2025-06-01 06:54:28
1920.00,1,2025-06-01 06:54:29
1024.00,4,2025-06-01 06:54:30
800.00,3,2025-06-01 06:54:31
1120.00,3,2025-06-01 06:54:32
1504.00,2,2025-06-01 06:54:34
2400.00,2,2025-06-01 06:54:35
1152.00,1,2025-06-01 06:54:36
864.00,2,2025-06-01 06:54:38
1728.00,4,2025-06-01 06:54:39
672.00,3,2025-06-01 06:54:40
1376.00,4,2025-06-01 06:54:41
1376.00,3,2025-06-01 06:54:42
912.00,4,2025-06-01 06:54:43
1568.00,3,2025-06-01 06:54:44
864.00,4,2025-06-01 06:54:46
256.00,4,2025-06-01 06:54:47
1216.00,3,2025-06-01 06:54:50
896.00,5,2025-06-01 06:54:51
832.00,2,2025-06-01 06:54:52
832.00,5,2025-06-01 06:54:53
768.00,5,2025-06-01 06:54:55
2112.00,2,2025-06-01 06:54:56
576.00,4,2025-06-01 06:54:57
224.00,5,2025-06-01 06:54:58
1888.00,3,2025-06-01 06:54:59
1520.00,5,2025-06-01 06:55:00
320.00,2,2025-06-01 06:55:01
1808.00,1,2025-06-01 06:55:02
1376.00,1,2025-06-01 06:55:03
1312.00,4,2025-06-01 06:55:04
1088.00,3,2025-06-01 06:55:05
2288.00,3,2025-06-01 06:55:06
1888.00,1,2025-06-01 06:55:07
1168.00,3,2025-06-01 06:55:09
1248.00,5,2025-06-01 06:55:12
384.00,2,2025-06-01 06:55:13
1536.00,5,2025-06-01 06:55:14
1536.00,4,2025-06-01 06:55:15
1536.00,5,2025-06-01 06:55:17
1024.00,2,2025-06-01 06:55:18
1776.00,1,2025-06-01 06:55:19
1680.00,1,2025-06-01 06:55:20
864.00,4,2025-06-01 06:55:21
288.00,1,2025-06-01 06:55:23
1312.00,2,2025-06-01 06:55:24
256.00,1,2025-06-01 06:55:25
320.00,3,2025-06-01 06:55:29
528.00,4,2025-06-01 06:55:30
384.00,4,2025-06-01 06:55:31
1408.00,4,2025-06-01 06:55:32
384.00,5,2025-06-01 06:55:33
704.00,1,2025-06-01 06:55:34
1440.00,1,2025-06-01 06:55:35
640.00,4,2025-06-01 06:55:36
624.00,2,2025-06-01 06:55:37
1680.00,3,2025-06-01 06:55:38
1472.00,5,2025-06-01 06:55:39
1952.00,1,2025-06-01 06:55:40
2336.00,3,2025-06-01 06:55:42
1216.00,1,2025-06-01 06:55:43
1536.00,1,2025-06-01 06:55:44
2016.00,5,2025-06-01 06:55:45
2304.00,1,2025-06-01 06:55:46
912.00,1,2025-06-01 06:55:47
1536.00,5,2025-06-01 06:55:48
672.00,4,2025-06-01 06:55:49
1200.00,4,2025-06-01 06:55:51
864.00,3,2025-06-01 06:55:53
480.00,4,2025-06-01 06:55:54
304.00,1,2025-06-01 06:55:55
1088.00,2,2025-06-01 06:55:56
1440.00,2,2025-06-01 06:55:57
912.00,5,2025-06-01 06:55:58
256.00,1,2025-06-01 06:55:59
704.00,2,2025-06-01 06:56:00
640.00,2,2025-06-01 06:56:01
1440.00,5,2025-06-01 06:56:02
912.00,1,2025-06-01 06:56:03
2544.00,5,2025-06-01 06:56:04
1280.00,4,2025-06-01 06:56:05
2016.00,2,2025-06-01 06:56:06
1792.00,1,2025-06-01 06:56:07
832.00,4,2025-06-01 06:56:08
912.00,1,2025-06-01 06:56:09
448.00,1,2025-06-01 06:56:10
192.00,3,2025-06-01 06:56:11
864.00,4,2025-06-01 06:56:12
768.00,1,2025-06-01 06:56:13
1280.00,5,2025-06-01 06:56:14
768.00,5,2025-06-01 06:56:16
1920.00,3,2025-06-01 06:56:17
1696.00,3,2025-06-01 06:56:18
1728.00,2,2025-06-01 06:56:19
256.00,4,2025-06-01 06:56:20
1328.00,3,2025-06-01 06:56:21
1728.00,3,2025-06-01 06:56:22
1280.00,3,2025-06-01 06:56:23
1936.00,1,2025-06-01 06:56:24
384.00,4,2025-06-01 06:56:25
1344.00,4,2025-06-01 06:56:26
1312.00,1,2025-06-01 06:56:27
576.00,2,2025-06-01 06:56:28
1440.00,1,2025-06-01 06:56:29
1376.00,1,2025-06-01 06:56:30
1216.00,5,2025-06-01 06:56:31
608.00,5,2025-06-01 06:56:32
1504.00,3,2025-06-01 06:56:33
1216.00,1,2025-06-01 06:56:35
1232.00,4,2025-06-01 06:56:36
1792.00,2,2025-06-01 06:56:37
320.00,3,2025-06-01 06:56:38
1104.00,5,2025-06-01 06:56:39
1824.00,5,2025-06-01 06:56:40
576.00,1,2025-06-01 06:56:41
1472.00,2,2025-06-01 06:56:43
1776.00,1,2025-06-01 06:56:45
672.00,3,2025-06-01 06:56:47
576.00,2,2025-06-01 06:56:48
768.00,1,2025-06-01 06:56:49
576.00,2,2025-06-01 06:56:50
1088.00,3,2025-06-01 06:56:51
256.00,5,2025-06-01 06:56:52
736.00,3,2025-06-01 06:56:53
384.00,1,2025-06-01 06:56:54
672.00,5,2025-06-01 06:56:56
2208.00,5,2025-06-01 06:56:58
800.00,5,2025-06-01 06:56:59
1024.00,3,2025-06-01 06:57:00
800.00,5,2025-06-01 06:57:01
992.00,1,2025-06-01 06:57:02
1184.00,3,2025-06-01 06:57:03
1152.00,3,2025-06-01 06:57:04
448.00,3,2025-06-01 06:57:05
2016.00,3,2025-06-01 06:57:06
480.00,3,2025-06-01 06:57:07
1840.00,3,2025-06-01 06:57:08
1536.00,3,2025-06-01 06:57:09
1088.00,5,2025-06-01 06:57:11
576.00,4,2025-06-01 06:57:12
320.00,4,2025-06-01 06:57:13
1824.00,5,2025-06-01 06:57:14
256.00,4,2025-06-01 06:57:15
1168.00,1,2025-06-01 06:57:16
1776.00,1,2025-06-01 06:57:17
960.00,1,2025-06-01 06:57:18
576.00,1,2025-06-01 06:57:19
640.00,5,2025-06-01 06:57:20
608.00,5,2025-06-01 06:57:21
1344.00,4,2025-06-01 06:57:22
1376.00,3,2025-06-01 06:57:23
1968.00,5,2025-06-01 06:57:24
1632.00,4,2025-06-01 06:57:25
192.00,4,2025-06-01 06:57:26
640.00,4,2025-06-01 06:57:27
1760.00,2,2025-06-01 06:57:28
800.00,3,2025-06-01 06:57:29
576.00,4,2025-06-01 06:57:30
496.00,1,2025-06-01 06:57:31
256.00,5,2025-06-01 06:57:32
1216.00,3,2025-06-01 06:57:33
544.00,2,2025-06-01 06:57:34
288.00,1,2025-06-01 06:57:35
1792.00,4,2025-06-01 06:57:38
608.00,2,2025-06-01 06:57:39
2400.00,1,2025-06-01 06:57:40
1920.00,3,2025-06-01 06:57:42
1760.00,1,2025-06-01 06:57:44
1488.00,5,2025-06-01 06:57:45
256.00,2,2025-06-01 06:57:46
1696.00,3,2025-06-01 06:57:48
512.00,4,2025-06-01 06:57:49
1376.00,4,2025-06-01 06:57:50
512.00,3,2025-06-01 06:57:52
320.00,2,2025-06-01 06:57:53
1776.00,4,2025-06-01 06:57:56
1440.00,5,2025-06-01 06:57:57
512.00,2,2025-06-01 06:57:58
448.00,1,2025-06-01 06:57:59
1184.00,5,2025-06-01 06:58:00
640.00,4,2025-06-01 06:58:01
864.00,5,2025-06-01 06:58:02
1664.00,4,2025-06-01 06:58:03
864.00,2,2025-06-01 06:58:04
1472.00,5,2025-06-01 06:58:05
320.00,3,2025-06-01 06:58:06
960.00,2,2025-06-01 06:58:07
800.00,1,2025-06-01 06:58:10
960.00,1,2025-06-01 06:58:11
1856.00,3,2025-06-01 06:58:12
288.00,3,2025-06-01 06:58:13
1344.00,3,2025-06-01 06:58:14
288.00,3,2025-06-01 06:58:15
1312.00,2,2025-06-01 06:58:16
1120.00,3,2025-06-01 06:58:17
1856.00,2,2025-06-01 06:58:18
192.00,1,2025-06-01 06:58:19
768.00,5,2025-06-01 06:58:20
1152.00,1,2025-06-01 06:58:21
1984.00,4,2025-06-01 06:58:22
2544.00,5,2025-06-01 06:58:23
672.00,2,2025-06-01 06:58:24
1152.00,3,2025-06-01 06:58:25
768.00,4,2025-06-01 06:58:27
1120.00,1,2025-06-01 06:58:28
1056.00,5,2025-06-01 06:58:31
768.00,4,2025-06-01 06:58:33
800.00,2,2025-06-01 06:58:34
384.00,2,2025-06-01 06:58:35
1600.00,5,2025-06-01 06:58:36
1344.00,4,2025-06-01 06:58:37
1088.00,5,2025-06-01 06:58:38
1216.00,3,2025-06-01 06:58:39
672.00,5,2025-06-01 06:58:40
912.00,2,2025-06-01 06:58:41
304.00,5,2025-06-01 06:58:42
224.00,3,2025-06-01 06:58:43
960.00,3,2025-06-01 06:58:44
960.00,3,2025-06-01 06:58:45
1376.00,5,2025-06-01 06:58:46
1600.00,4,2025-06-01 06:58:47
1472.00,4,2025-06-01 06:58:48
1696.00,5,2025-06-01 06:58:50
1888.00,4,2025-06-01 06:58:51
864.00,2,2025-06-01 06:58:53
576.00,1,2025-06-01 06:58:54
928.00,4,2025-06-01 06:58:56
1184.00,2,2025-06-01 06:58:57
1536.00,5,2025-06-01 06:58:58
448.00,5,2025-06-01 06:58:59
2176.00,4,2025-06-01 06:59:01
1920.00,5,2025-06-01 06:59:02
944.00,5,2025-06-01 06:59:03
288.00,5,2025-06-01 06:59:04
768.00,3,2025-06-01 06:59:05
1216.00,2,2025-06-01 06:59:07
576.00,3,2025-06-01 06:59:08
1280.00,1,2025-06-01 06:59:09
1024.00,4,2025-06-01 06:59:10
384.00,3,2025-06-01 06:59:11
288.00,1,2025-06-01 06:59:12
1520.00,2,2025-06-01 06:59:13
512.00,5,2025-06-01 06:59:14
1504.00,4,2025-06-01 06:59:15
576.00,3,2025-06-01 06:59:16
1312.00,4,2025-06-01 06:59:17
1312.00,1,2025-06-01 06:59:20
1696.00,1,2025-06-01 06:59:21
1728.00,3,2025-06-01 06:59:22
1952.00,4,2025-06-01 06:59:23
1376.00,2,2025-06-01 06:59:24
1440.00,1,2025-06-01 06:59:25
1664.00,5,2025-06-01 06:59:26
1664.00,5,2025-06-01 06:59:27
288.00,1,2025-06-01 06:59:28
640.00,1,2025-06-01 06:59:29
1056.00,2,2025-06-01 06:59:30
1600.00,2,2025-06-01 06:59:31
672.00,4,2025-06-01 06:59:32
304.00,5,2025-06-01 06:59:33
1120.00,5,2025-06-01 06:59:35
864.00,3,2025-06-01 06:59:36
1152.00,2,2025-06-01 06:59:37
672.00,4,2025-06-01 06:59:38
288.00,5,2025-06-01 06:59:39
1936.00,2,2025-06-01 06:59:40
864.00,1,2025-06-01 06:59:41
1024.00,4,2025-06-01 06:59:43
896.00,5,2025-06-01 06:59:44
1504.00,3,2025-06-01 06:59:46
896.00,2,2025-06-01 06:59:47
832.00,1,2025-06-01 06:59:48
288.00,1,2025-06-01 06:59:49
1152.00,3,2025-06-01 06:59:51
896.00,5,2025-06-01 06:59:52
960.00,2,2025-06-01 06:59:53
1536.00,4,2025-06-01 06:59:54
2304.00,2,2025-06-01 06:59:55
768.00,5,2025-06-01 06:59:56
1408.00,3,2025-06-01 06:59:57
576.00,4,2025-06-01 06:59:59
224.00,2,2025-06-01 07:00:00
1504.00,2,2025-06-01 07:00:01
736.00,2,2025-06-01 07:00:02
864.00,5,2025-06-01 07:00:03
2128.00,5,2025-06-01 07:00:04
1872.00,5,2025-06-01 07:00:05
576.00,2,2025-06-01 07:00:08
1536.00,3,2025-06-01 07:00:10
928.00,3,2025-06-01 07:00:17
1248.00,4,2025-06-01 07:00:18
1392.00,2,2025-06-01 07:00:20
1248.00,4,2025-06-01 07:00:21
1552.00,2,2025-06-01 07:00:22
864.00,2,2025-06-01 07:00:23
256.00,2,2025-06-01 07:00:25
1440.00,5,2025-06-01 07:00:27
2384.00,4,2025-06-01 07:00:28
224.00,2,2025-06-01 07:00:29
512.00,2,2025-06-01 07:00:30
512.00,3,2025-06-01 07:00:31
1248.00,1,2025-06-01 07:00:33
1584.00,1,2025-06-01 07:00:35
448.00,5,2025-06-01 07:00:36
1280.00,2,2025-06-01 07:00:38
1440.00,1,2025-06-01 07:00:39
864.00,2,2025-06-01 07:00:40
1904.00,2,2025-06-01 07:00:42
1680.00,5,2025-06-01 07:00:44
1360.00,2,2025-06-01 07:00:46
256.00,2,2025-06-01 07:00:47
1760.00,4,2025-06-01 07:00:49
1408.00,4,2025-06-01 07:00:52
672.00,5,2025-06-01 07:00:53
1344.00,4,2025-06-01 07:00:56
1344.00,4,2025-06-01 07:00:58
576.00,5,2025-06-01 07:01:00
1280.00,4,2025-06-01 07:01:02
640.00,1,2025-06-01 07:01:04
512.00,4,2025-06-01 07:01:06
192.00,4,2025-06-01 07:01:07
512.00,4,2025-06-01 07:01:08
1216.00,3,2025-06-01 07:01:09
512.00,3,2025-06-01 07:01:10
1312.00,5,2025-06-01 07:01:13
864.00,5,2025-06-01 07:01:14
304.00,2,2025-06-01 07:01:15
384.00,4,2025-06-01 07:01:16
800.00,4,2025-06-01 07:01:18
1216.00,2,2025-06-01 07:01:21
2016.00,5,2025-06-01 07:01:22
1056.00,3,2025-06-01 07:01:24
2064.00,5,2025-06-01 07:01:27
896.00,3,2025-06-01 07:01:28
1664.00,5,2025-06-01 07:01:29
736.00,2,2025-06-01 07:01:30
1632.00,5,2025-06-01 07:01:33
912.00,3,2025-06-01 07:01:35
960.00,3,2025-06-01 07:01:37
832.00,1,2025-06-01 07:01:40
816.00,5,2025-06-01 07:01:41
1152.00,3,2025-06-01 07:01:44
256.00,5,2025-06-01 07:01:49
960.00,1,2025-06-01 07:01:50
832.00,5,2025-06-01 07:01:51
512.00,1,2025-06-01 07:01:53
192.00,5,2025-06-01 07:01:55
448.00,3,2025-06-01 07:01:56
1440.00,5,2025-06-01 07:01:57
1088.00,5,2025-06-01 07:01:58
1056.00,4,2025-06-01 07:01:59
896.00,5,2025-06-01 07:02:00
1568.00,3,2025-06-01 07:02:01
2000.00,1,2025-06-01 07:02:03
640.00,5,2025-06-01 07:02:04
192.00,2,2025-06-01 07:02:06
1536.00,4,2025-06-01 07:02:07
256.00,4,2025-06-01 07:02:09
1824.00,3,2025-06-01 07:02:10
608.00,3,2025-06-01 07:02:12
864.00,2,2025-06-01 07:02:13
512.00,2,2025-06-01 07:02:14
832.00,5,2025-06-01 07:02:16
512.00,1,2025-06-01 07:02:17
896.00,1,2025-06-01 07:02:19
768.00,2,2025-06-01 07:02:20
256.00,3,2025-06-01 07:02:22
256.00,3,2025-06-01 07:02:24
448.00,4,2025-06-01 07:02:25
832.00,1,2025-06-01 07:02:27
1824.00,1,2025-06-01 07:02:28
1392.00,3,2025-06-01 07:02:30
608.00,3,2025-06-01 07:02:31
1248.00,2,2025-06-01 07:02:32
1440.00,3,2025-06-01 07:02:33
1168.00,2,2025-06-01 07:02:35
1888.00,2,2025-06-01 07:02:36
1344.00,3,2025-06-01 07:02:37
1792.00,4,2025-06-01 07:02:39
1152.00,4,2025-06-01 07:02:40
1952.00,1,2025-06-01 07:02:42
448.00,4,2025-06-01 07:02:43
1184.00,3,2025-06-01 07:02:44
2432.00,4,2025-06-01 07:02:45
928.00,1,2025-06-01 07:02:47
1200.00,3,2025-06-01 07:02:48
2016.00,4,2025-06-01 07:02:49
800.00,4,2025-06-01 07:02:50
1152.00,1,2025-06-01 07:02:52
864.00,4,2025-06-01 07:02:54
2400.00,1,2025-06-01 07:02:55
960.00,1,2025-06-01 07:02:56
816.00,2,2025-06-01 07:02:57
2160.00,2,2025-06-01 07:02:59
288.00,5,2025-06-01 07:03:00
512.00,2,2025-06-01 07:03:04
1024.00,2,2025-06-01 07:03:05
288.00,5,2025-06-01 07:03:08
1216.00,1,2025-06-01 07:03:09
1312.00,3,2025-06-01 07:03:11
2080.00,5,2025-06-01 07:03:12
1120.00,1,2025-06-01 07:03:15
1568.00,3,2025-06-01 07:03:16
960.00,3,2025-06-01 07:03:18
1472.00,5,2025-06-01 07:03:20
912.00,2,2025-06-01 07:03:22
800.00,1,2025-06-01 07:03:28
1168.00,4,2025-06-01 07:03:29
1472.00,3,2025-06-01 07:03:30
512.00,4,2025-06-01 07:03:31
576.00,1,2025-06-01 07:03:32
864.00,2,2025-06-01 07:03:36
768.00,2,2025-06-01 07:03:41
1856.00,5,2025-06-01 07:03:44
1760.00,5,2025-06-01 07:03:46
384.00,1,2025-06-01 07:03:47
1728.00,3,2025-06-01 07:03:48
1232.00,2,2025-06-01 07:03:49
1472.00,4,2025-06-01 07:03:50
1744.00,5,2025-06-01 07:03:52
256.00,5,2025-06-01 07:03:56
2304.00,3,2025-06-01 07:03:57
2208.00,3,2025-06-01 07:03:58
608.00,5,2025-06-01 07:03:59
1696.00,3,2025-06-01 07:04:00
1872.00,4,2025-06-01 07:04:01
1280.00,1,2025-06-01 07:04:03
768.00,2,2025-06-01 07:04:05
1536.00,3,2025-06-01 07:04:08
512.00,5,2025-06-01 07:04:09
1152.00,4,2025-06-01 07:04:12
448.00,3,2025-06-01 07:04:14
1600.00,3,2025-06-01 07:04:16
320.00,5,2025-06-01 07:04:19
480.00,4,2025-06-01 07:04:21
384.00,4,2025-06-01 07:04:23
1392.00,4,2025-06-01 07:04:24
1824.00,5,2025-06-01 07:04:25
192.00,3,2025-06-01 07:04:27
512.00,2,2025-06-01 07:04:28
832.00,1,2025-06-01 07:04:29
864.00,3,2025-06-01 07:04:31
1920.00,1,2025-06-01 07:04:32
2208.00,1,2025-06-01 07:04:34
1888.00,3,2025-06-01 07:04:35
608.00,4,2025-06-01 07:04:38
2112.00,2,2025-06-01 07:04:39
512.00,1,2025-06-01 07:04:41
288.00,3,2025-06-01 07:04:42
1088.00,1,2025-06-01 07:04:43
1904.00,5,2025-06-01 07:04:44
512.00,3,2025-06-01 07:04:45
608.00,5,2025-06-01 07:04:46
224.00,3,2025-06-01 07:04:47
320.00,1,2025-06-01 07:04:48
576.00,3,2025-06-01 07:04:53
1696.00,5,2025-06-01 07:04:54
768.00,3,2025-06-01 07:04:56
256.00,5,2025-06-01 07:04:57
1024.00,2,2025-06-01 07:04:59
512.00,4,2025-06-01 07:05:00
1360.00,1,2025-06-01 07:05:01
1568.00,1,2025-06-01 07:05:02
2112.00,5,2025-06-01 07:05:05
608.00,5,2025-06-01 07:05:07
512.00,4,2025-06-01 07:05:08
448.00,1,2025-06-01 07:05:09
448.00,2,2025-06-01 07:05:10
288.00,4,2025-06-01 07:05:13
1696.00,1,2025-06-01 07:05:16
1536.00,5,2025-06-01 07:05:17
192.00,2,2025-06-01 07:05:18
1120.00,5,2025-06-01 07:05:19
576.00,5,2025-06-01 07:05:22
2176.00,3,2025-06-01 07:05:23
2304.00,3,2025-06-01 07:05:24
1792.00,2,2025-06-01 07:05:25
1120.00,5,2025-06-01 07:05:26
1344.00,1,2025-06-01 07:05:27
1728.00,5,2025-06-01 07:05:28
512.00,3,2025-06-01 07:05:29
320.00,3,2025-06-01 07:05:31
1568.00,5,2025-06-01 07:05:32
1344.00,1,2025-06-01 07:05:34
1184.00,4,2025-06-01 07:05:36
192.00,2,2025-06-01 07:05:37
1344.00,4,2025-06-01 07:05:38
576.00,1,2025-06-01 07:05:39
1856.00,1,2025-06-01 07:05:41
256.00,4,2025-06-01 07:05:42
2208.00,3,2025-06-01 07:05:45
576.00,3,2025-06-01 07:05:46
576.00,1,2025-06-01 07:05:49
1600.00,3,2025-06-01 07:05:50
1024.00,3,2025-06-01 07:05:51
1472.00,2,2025-06-01 07:05:52
1792.00,3,2025-06-01 07:05:53
1808.00,2,2025-06-01 07:05:55
736.00,5,2025-06-01 07:05:56
1056.00,2,2025-06-01 07:05:57
1920.00,3,2025-06-01 07:05:58
1856.00,3,2025-06-01 07:05:59
224.00,1,2025-06-01 07:06:01
1232.00,3,2025-06-01 07:06:04
768.00,4,2025-06-01 07:06:05
768.00,4,2025-06-01 07:06:07
1504.00,5,2025-06-01 07:06:08
576.00,3,2025-06-01 07:06:11
640.00,3,2025-06-01 07:06:12
1024.00,3,2025-06-01 07:06:13
288.00,1,2025-06-01 07:06:16
608.00,1,2025-06-01 07:06:17
1248.00,2,2025-06-01 07:06:18
1408.00,2,2025-06-01 07:06:19
1440.00,4,2025-06-01 07:06:20
1984.00,4,2025-06-01 07:06:21
304.00,3,2025-06-01 07:06:22
1120.00,5,2025-06-01 07:06:24
960.00,2,2025-06-01 07:06:25
1376.00,4,2025-06-01 07:06:26
832.00,4,2025-06-01 07:06:27
768.00,1,2025-06-01 07:06:28
256.00,4,2025-06-01 07:06:29
2160.00,3,2025-06-01 07:06:30
736.00,2,2025-06-01 07:06:32
960.00,5,2025-06-01 07:06:33
1664.00,4,2025-06-01 07:06:34
288.00,3,2025-06-01 07:06:35
608.00,1,2025-06-01 07:06:37
1232.00,4,2025-06-01 07:06:38
960.00,2,2025-06-01 07:06:39
2464.00,4,2025-06-01 07:06:40
1536.00,2,2025-06-01 07:06:42
448.00,3,2025-06-01 07:06:45
736.00,1,2025-06-01 07:06:48
1728.00,3,2025-06-01 07:06:50
576.00,4,2025-06-01 07:06:51
880.00,4,2025-06-01 07:06:53
224.00,2,2025-06-01 07:06:54
864.00,5,2025-06-01 07:06:55
1936.00,5,2025-06-01 07:06:56
288.00,5,2025-06-01 07:06:57
768.00,1,2025-06-01 07:06:58
1936.00,4,2025-06-01 07:06:59
960.00,1,2025-06-01 07:07:01
960.00,3,2025-06-01 07:07:02
2144.00,1,2025-06-01 07:07:03
672.00,4,2025-06-01 07:07:04
1856.00,5,2025-06-01 07:07:05
768.00,2,2025-06-01 07:07:06
256.00,4,2025-06-01 07:07:07
304.00,4,2025-06-01 07:07:08
1152.00,1,2025-06-01 07:07:10
1952.00,4,2025-06-01 07:07:12
288.00,3,2025-06-01 07:07:13
800.00,3,2025-06-01 07:07:14
1120.00,4,2025-06-01 07:07:16
912.00,5,2025-06-01 07:07:17
1904.00,1,2025-06-01 07:07:18
288.00,5,2025-06-01 07:07:20
1280.00,3,2025-06-01 07:07:21
2080.00,5,2025-06-01 07:07:23
256.00,2,2025-06-01 07:07:24
1264.00,2,2025-06-01 07:07:25
1056.00,3,2025-06-01 07:07:26
608.00,4,2025-06-01 07:07:27
288.00,5,2025-06-01 07:07:29
384.00,4,2025-06-01 07:07:31
912.00,1,2025-06-01 07:07:32
736.00,3,2025-06-01 07:07:34
912.00,4,2025-06-01 07:07:35
1088.00,2,2025-06-01 07:07:41
896.00,5,2025-06-01 07:07:42
1088.00,4,2025-06-01 07:07:44
288.00,5,2025-06-01 07:07:47
1248.00,4,2025-06-01 07:07:48
1888.00,1,2025-06-01 07:07:49
224.00,1,2025-06-01 07:07:50
1408.00,2,2025-06-01 07:07:51
1408.00,5,2025-06-01 07:07:55
1120.00,1,2025-06-01 07:07:57
1728.00,5,2025-06-01 07:07:58
864.00,4,2025-06-01 07:07:59
1152.00,3,2025-06-01 07:08:00
864.00,5,2025-06-01 07:08:01
1264.00,4,2025-06-01 07:08:02
704.00,5,2025-06-01 07:08:04
1024.00,1,2025-06-01 07:08:05
864.00,5,2025-06-01 07:08:07
1728.00,3,2025-06-01 07:08:08
1344.00,5,2025-06-01 07:08:09
832.00,3,2025-06-01 07:08:11
528.00,3,2025-06-01 07:08:12
1280.00,5,2025-06-01 07:08:15
1632.00,5,2025-06-01 07:08:17
1440.00,3,2025-06-01 07:08:21
896.00,5,2025-06-01 07:08:22
224.00,5,2025-06-01 07:08:24
1056.00,1,2025-06-01 07:08:25
1664.00,2,2025-06-01 07:08:27
768.00,4,2025-06-01 07:08:29
1856.00,1,2025-06-01 07:08:30
576.00,3,2025-06-01 07:08:31
512.00,4,2025-06-01 07:08:32
1248.00,2,2025-06-01 07:08:33
1168.00,5,2025-06-01 07:08:34
1312.00,1,2025-06-01 07:08:35
816.00,5,2025-06-01 07:08:36
1024.00,5,2025-06-01 07:08:37
256.00,4,2025-06-01 07:08:38
288.00,2,2025-06-01 07:08:41
1744.00,3,2025-06-01 07:08:42
1056.00,2,2025-06-01 07:08:43
1536.00,1,2025-06-01 07:08:44
768.00,2,2025-06-01 07:08:45
576.00,3,2025-06-01 07:08:46
1280.00,2,2025-06-01 07:08:47
512.00,1,2025-06-01 07:08:48
832.00,4,2025-06-01 07:08:49
1984.00,3,2025-06-01 07:08:53
1376.00,5,2025-06-01 07:08:54
2592.00,5,2025-06-01 07:08:56
704.00,5,2025-06-01 07:08:57
192.00,5,2025-06-01 07:08:59
576.00,5,2025-06-01 07:09:01
1264.00,4,2025-06-01 07:09:02
768.00,4,2025-06-01 07:09:05
1200.00,5,2025-06-01 07:09:06
1536.00,5,2025-06-01 07:09:07
320.00,2,2025-06-01 07:09:10
1488.00,5,2025-06-01 07:09:11
2144.00,5,2025-06-01 07:09:14
288.00,1,2025-06-01 07:09:15
912.00,1,2025-06-01 07:09:16
1072.00,5,2025-06-01 07:09:17
384.00,4,2025-06-01 07:09:18
608.00,2,2025-06-01 07:09:19
448.00,2,2025-06-01 07:09:24
576.00,1,2025-06-01 07:09:25
816.00,5,2025-06-01 07:09:26
608.00,4,2025-06-01 07:09:27
1152.00,5,2025-06-01 07:09:28
1920.00,3,2025-06-01 07:09:29
1344.00,3,2025-06-01 07:09:31
1440.00,1,2025-06-01 07:09:32
576.00,2,2025-06-01 07:09:33
2016.00,2,2025-06-01 07:09:34
512.00,3,2025-06-01 07:09:36
192.00,2,2025-06-01 07:09:37
2208.00,5,2025-06-01 07:09:38
1600.00,3,2025-06-01 07:09:39
288.00,4,2025-06-01 07:09:40
1920.00,5,2025-06-01 07:09:42
1696.00,2,2025-06-01 07:09:45
672.00,3,2025-06-01 07:09:46
1632.00,2,2025-06-01 07:09:47
384.00,5,2025-06-01 07:09:48
912.00,4,2025-06-01 07:09:49
832.00,4,2025-06-01 07:09:50
640.00,5,2025-06-01 07:09:51
896.00,1,2025-06-01 07:09:52
1440.00,4,2025-06-01 07:09:54
1088.00,2,2025-06-01 07:09:55
576.00,1,2025-06-01 07:09:56
1392.00,4,2025-06-01 07:09:58
1728.00,3,2025-06-01 07:09:59
1360.00,1,2025-06-01 07:10:00
1472.00,5,2025-06-01 07:10:02
1456.00,5,2025-06-01 07:10:03
512.00,2,2025-06-01 07:10:04
688.00,2,2025-06-01 07:10:05
256.00,3,2025-06-01 07:10:07
1120.00,2,2025-06-01 07:10:08
416.00,4,2025-06-01 07:10:09
864.00,1,2025-06-01 07:10:10
816.00,2,2025-06-01 07:10:13
480.00,5,2025-06-01 07:10:15
576.00,5,2025-06-01 07:10:17
512.00,3,2025-06-01 07:10:18
1088.00,2,2025-06-01 07:10:20
1056.00,1,2025-06-01 07:10:21
2048.00,3,2025-06-01 07:10:22
1504.00,3,2025-06-01 07:10:28
1280.00,3,2025-06-01 07:10:29
1536.00,5,2025-06-01 07:10:32
768.00,2,2025-06-01 07:10:33
1472.00,4,2025-06-01 07:10:34
256.00,1,2025-06-01 07:10:36
1824.00,4,2025-06-01 07:10:37
1776.00,1,2025-06-01 07:10:38
2352.00,3,2025-06-01 07:10:39
1024.00,3,2025-06-01 07:10:41
1344.00,4,2025-06-01 07:10:44
1616.00,4,2025-06-01 07:10:45
192.00,3,2025-06-01 07:10:46
1312.00,3,2025-06-01 07:10:47
1360.00,5,2025-06-01 07:10:48
304.00,4,2025-06-01 07:10:49
2080.00,3,2025-06-01 07:10:50
896.00,5,2025-06-01 07:10:52
1152.00,3,2025-06-01 07:10:53
976.00,1,2025-06-01 07:10:55
448.00,2,2025-06-01 07:10:57
320.00,2,2025-06-01 07:11:04
448.00,3,2025-06-01 07:11:05
512.00,1,2025-06-01 07:11:09
576.00,3,2025-06-01 07:11:12
1120.00,1,2025-06-01 07:11:13
800.00,2,2025-06-01 07:11:14
1152.00,4,2025-06-01 07:11:15
448.00,2,2025-06-01 07:11:16
1248.00,4,2025-06-01 07:11:18
608.00,2,2025-06-01 07:11:19
576.00,5,2025-06-01 07:11:21
2288.00,5,2025-06-01 07:11:22
608.00,2,2025-06-01 07:11:24
448.00,1,2025-06-01 07:11:26
1344.00,3,2025-06-01 07:11:27
1472.00,2,2025-06-01 07:11:28
672.00,1,2025-06-01 07:11:29
1184.00,4,2025-06-01 07:11:30
1216.00,4,2025-06-01 07:11:32
1056.00,3,2025-06-01 07:11:33
1376.00,2,2025-06-01 07:11:34
512.00,3,2025-06-01 07:11:35
864.00,4,2025-06-01 07:11:36
1072.00,2,2025-06-01 07:11:39
1216.00,5,2025-06-01 07:11:40
2000.00,5,2025-06-01 07:11:43
512.00,3,2025-06-01 07:11:44
1424.00,1,2025-06-01 07:11:45
1088.00,1,2025-06-01 07:11:47
640.00,3,2025-06-01 07:11:51
688.00,4,2025-06-01 07:11:52
704.00,2,2025-06-01 07:11:53
1440.00,5,2025-06-01 07:11:58
544.00,4,2025-06-01 07:11:59
704.00,2,2025-06-01 07:12:00
1472.00,1,2025-06-01 07:12:02
640.00,3,2025-06-01 07:12:03
1632.00,2,2025-06-01 07:12:05
384.00,3,2025-06-01 07:12:06
1760.00,1,2025-06-01 07:12:09
576.00,2,2025-06-01 07:12:10
512.00,4,2025-06-01 07:12:12
512.00,5,2025-06-01 07:12:13
480.00,5,2025-06-01 07:12:14
1024.00,1,2025-06-01 07:12:15
224.00,1,2025-06-01 07:12:17
448.00,1,2025-06-01 07:12:19
1024.00,4,2025-06-01 07:12:22
512.00,3,2025-06-01 07:12:23
1648.00,1,2025-06-01 07:12:24
640.00,1,2025-06-01 07:12:26
2240.00,5,2025-06-01 07:12:28
512.00,2,2025-06-01 07:12:29
1664.00,2,2025-06-01 07:12:35
1088.00,1,2025-06-01 07:12:38
1824.00,2,2025-06-01 07:12:39
832.00,4,2025-06-01 07:12:41
1024.00,3,2025-06-01 07:12:43
1472.00,3,2025-06-01 07:12:47
1376.00,1,2025-06-01 07:12:48
1168.00,1,2025-06-01 07:12:50
448.00,1,2025-06-01 07:12:51
1280.00,2,2025-06-01 07:12:52
960.00,1,2025-06-01 07:12:53
1088.00,2,2025-06-01 07:12:54
1200.00,3,2025-06-01 07:12:55
2368.00,3,2025-06-01 07:12:56
1344.00,5,2025-06-01 07:12:58
976.00,5,2025-06-01 07:12:59
832.00,2,2025-06-01 07:13:00
1088.00,1,2025-06-01 07:13:01
320.00,4,2025-06-01 07:13:02
1408.00,2,2025-06-01 07:13:03
672.00,3,2025-06-01 07:13:04
288.00,1,2025-06-01 07:13:05
480.00,5,2025-06-01 07:13:07
704.00,4,2025-06-01 07:13:10
1200.00,2,2025-06-01 07:13:14
576.00,3,2025-06-01 07:13:15
1152.00,2,2025-06-01 07:13:16
1856.00,4,2025-06-01 07:13:18
768.00,2,2025-06-01 07:13:20
880.00,3,2025-06-01 07:13:21
1424.00,4,2025-06-01 07:13:23
192.00,2,2025-06-01 07:13:24
1296.00,1,2025-06-01 07:13:25
1632.00,2,2025-06-01 07:13:27
864.00,1,2025-06-01 07:13:28
1728.00,2,2025-06-01 07:13:31
1344.00,2,2025-06-01 07:13:33
864.00,2,2025-06-01 07:13:34
1056.00,2,2025-06-01 07:13:36
1984.00,5,2025-06-01 07:13:37
1584.00,3,2025-06-01 07:13:38
768.00,5,2025-06-01 07:13:39
1728.00,3,2025-06-01 07:13:40
1184.00,3,2025-06-01 07:13:41
608.00,2,2025-06-01 07:13:42
1440.00,3,2025-06-01 07:13:43
768.00,5,2025-06-01 07:13:45
512.00,5,2025-06-01 07:13:49
912.00,2,2025-06-01 07:13:50
1072.00,5,2025-06-01 07:13:51
448.00,4,2025-06-01 07:13:55
672.00,5,2025-06-01 07:13:56
1824.00,4,2025-06-01 07:13:58
832.00,4,2025-06-01 07:13:59
1424.00,1,2025-06-01 07:14:00
576.00,5,2025-06-01 07:14:02
1056.00,1,2025-06-01 07:14:03
1200.00,3,2025-06-01 07:14:05
288.00,1,2025-06-01 07:14:07
1824.00,3,2025-06-01 07:14:08
1344.00,3,2025-06-01 07:14:09
256.00,1,2025-06-01 07:14:10
928.00,1,2025-06-01 07:14:12
1120.00,2,2025-06-01 07:14:13
736.00,4,2025-06-01 07:14:15
2208.00,5,2025-06-01 07:14:16
512.00,2,2025-06-01 07:14:17
1792.00,3,2025-06-01 07:14:18
672.00,3,2025-06-01 07:14:19
256.00,5,2025-06-01 07:14:20
256.00,3,2025-06-01 07:14:24
448.00,5,2025-06-01 07:14:25
576.00,5,2025-06-01 07:14:27
816.00,2,2025-06-01 07:14:30
1440.00,5,2025-06-01 07:14:31
768.00,3,2025-06-01 07:14:32
1840.00,1,2025-06-01 07:14:33
1856.00,5,2025-06-01 07:14:35
256.00,5,2025-06-01 07:14:37
304.00,1,2025-06-01 07:14:38
832.00,2,2025-06-01 07:14:42
832.00,3,2025-06-01 07:14:44
992.00,1,2025-06-01 07:14:45
1632.00,5,2025-06-01 07:14:46
288.00,1,2025-06-01 07:14:47
640.00,4,2025-06-01 07:14:48
832.00,1,2025-06-01 07:14:50
1472.00,5,2025-06-01 07:14:51
1056.00,1,2025-06-01 07:14:52
2384.00,2,2025-06-01 07:14:53
1248.00,4,2025-06-01 07:14:54
960.00,2,2025-06-01 07:14:55
1184.00,1,2025-06-01 07:14:56
288.00,2,2025-06-01 07:14:57
1376.00,5,2025-06-01 07:14:59
1680.00,4,2025-06-01 07:15:03
1664.00,2,2025-06-01 07:15:04
576.00,3,2025-06-01 07:15:05
1248.00,1,2025-06-01 07:15:09
1024.00,1,2025-06-01 07:15:10
1744.00,4,2025-06-01 07:15:11
2240.00,3,2025-06-01 07:15:12
2400.00,1,2025-06-01 07:15:13
1344.00,1,2025-06-01 07:15:15
1728.00,2,2025-06-01 07:15:16
576.00,4,2025-06-01 07:15:18
1888.00,5,2025-06-01 07:15:19
736.00,3,2025-06-01 07:15:20
576.00,4,2025-06-01 07:15:22
1024.00,5,2025-06-01 07:15:24
2304.00,3,2025-06-01 07:15:25
864.00,2,2025-06-01 07:15:26
608.00,1,2025-06-01 07:15:27
1824.00,3,2025-06-01 07:15:29
576.00,5,2025-06-01 07:15:30
304.00,5,2025-06-01 07:15:31
1136.00,3,2025-06-01 07:15:32
512.00,4,2025-06-01 07:15:33
960.00,5,2025-06-01 07:15:34
576.00,3,2025-06-01 07:15:35
288.00,4,2025-06-01 07:15:37
864.00,5,2025-06-01 07:15:38
1952.00,2,2025-06-01 07:15:39
1536.00,1,2025-06-01 07:15:40
288.00,5,2025-06-01 07:15:41
768.00,3,2025-06-01 07:15:42
736.00,4,2025-06-01 07:15:43
1440.00,4,2025-06-01 07:15:49
256.00,1,2025-06-01 07:15:50
1536.00,4,2025-06-01 07:15:51
1104.00,5,2025-06-01 07:15:52
768.00,1,2025-06-01 07:15:53
2048.00,4,2025-06-01 07:15:54
448.00,5,2025-06-01 07:15:55
608.00,1,2025-06-01 07:15:56
624.00,5,2025-06-01 07:15:57
1568.00,4,2025-06-01 07:15:58
1664.00,3,2025-06-01 07:16:01
1504.00,2,2025-06-01 07:16:04
304.00,2,2025-06-01 07:16:05
1520.00,1,2025-06-01 07:16:06
608.00,4,2025-06-01 07:16:08
864.00,4,2025-06-01 07:16:09
608.00,1,2025-06-01 07:16:14
1088.00,1,2025-06-01 07:16:15
1600.00,2,2025-06-01 07:16:17
1760.00,5,2025-06-01 07:16:18
880.00,4,2025-06-01 07:16:19
256.00,1,2025-06-01 07:16:21
1440.00,5,2025-06-01 07:16:22
1152.00,3,2025-06-01 07:16:25
896.00,1,2025-06-01 07:16:29
224.00,3,2025-06-01 07:16:30
1520.00,4,2025-06-01 07:16:31
1120.00,4,2025-06-01 07:16:34
912.00,1,2025-06-01 07:16:35
320.00,3,2025-06-01 07:16:36
608.00,3,2025-06-01 07:16:42
512.00,1,2025-06-01 07:16:44
2016.00,2,2025-06-01 07:16:45
1824.00,1,2025-06-01 07:16:49
1824.00,1,2025-06-01 07:16:50
672.00,1,2025-06-01 07:16:53
672.00,5,2025-06-01 07:16:54
1376.00,4,2025-06-01 07:16:55
384.00,3,2025-06-01 07:16:56
928.00,1,2025-06-01 07:16:58
1232.00,5,2025-06-01 07:16:59
608.00,4,2025-06-01 07:17:00
1552.00,2,2025-06-01 07:17:01
512.00,1,2025-06-01 07:17:02
1600.00,5,2025-06-01 07:17:03
288.00,1,2025-06-01 07:17:06
960.00,3,2025-06-01 07:17:09
512.00,1,2025-06-01 07:17:10
1728.00,3,2025-06-01 07:17:11
1824.00,1,2025-06-01 07:17:12
800.00,3,2025-06-01 07:17:13
576.00,1,2025-06-01 07:17:15
768.00,5,2025-06-01 07:17:16
224.00,5,2025-06-01 07:17:17
448.00,4,2025-06-01 07:17:20
768.00,4,2025-06-01 07:17:21
928.00,5,2025-06-01 07:17:22
1264.00,3,2025-06-01 07:17:26
576.00,2,2025-06-01 07:17:27
1184.00,1,2025-06-01 07:17:28
576.00,1,2025-06-01 07:17:29
768.00,1,2025-06-01 07:17:31
512.00,3,2025-06-01 07:17:35
2256.00,1,2025-06-01 07:17:36
560.00,5,2025-06-01 07:17:37
800.00,4,2025-06-01 07:17:38
1184.00,3,2025-06-01 07:17:39
256.00,5,2025-06-01 07:17:41
800.00,4,2025-06-01 07:17:44
1504.00,2,2025-06-01 07:17:45
2496.00,1,2025-06-01 07:17:46
928.00,5,2025-06-01 07:17:48
1056.00,1,2025-06-01 07:17:49
768.00,3,2025-06-01 07:17:51
1568.00,4,2025-06-01 07:17:52
576.00,5,2025-06-01 07:17:53
1088.00,2,2025-06-01 07:17:54
640.00,2,2025-06-01 07:17:55
1248.00,1,2025-06-01 07:17:56
896.00,5,2025-06-01 07:17:57
2688.00,4,2025-06-01 07:17:58
2128.00,4,2025-06-01 07:17:59
912.00,3,2025-06-01 07:18:00
1200.00,1,2025-06-01 07:18:01
1088.00,2,2025-06-01 07:18:02
1504.00,4,2025-06-01 07:18:03
992.00,4,2025-06-01 07:18:04
192.00,5,2025-06-01 07:18:10
1296.00,2,2025-06-01 07:18:12
1952.00,5,2025-06-01 07:18:14
800.00,1,2025-06-01 07:18:17
1952.00,4,2025-06-01 07:18:18
864.00,4,2025-06-01 07:18:19
2112.00,2,2025-06-01 07:18:20
1472.00,2,2025-06-01 07:18:21
256.00,2,2025-06-01 07:18:22
1168.00,5,2025-06-01 07:18:23
192.00,3,2025-06-01 07:18:24
1168.00,1,2025-06-01 07:18:25
512.00,4,2025-06-01 07:18:26
1200.00,4,2025-06-01 07:18:27
1184.00,3,2025-06-01 07:18:29
960.00,2,2025-06-01 07:18:31
608.00,2,2025-06-01 07:18:32
896.00,3,2025-06-01 07:18:37
512.00,5,2025-06-01 07:18:38
1280.00,1,2025-06-01 07:18:39
2016.00,2,2025-06-01 07:18:40
1280.00,3,2025-06-01 07:18:41
2208.00,2,2025-06-01 07:18:43
448.00,1,2025-06-01 07:18:44
864.00,4,2025-06-01 07:18:45
544.00,1,2025-06-01 07:18:46
1424.00,1,2025-06-01 07:18:51
